0 verbose cli C:\Program Files\nodejs\node.exe C:\Program Files\nodejs\node_modules\npm\bin\npm-cli.js
1 info using npm@11.16.0
2 info using node@v24.18.0
3 silly config load:file:C:\Program Files\nodejs\node_modules\npm\npmrc
4 silly config load:file:C:\Users\user\Documents\VS CODE\CARLOS\tuboplast\.npmrc
5 silly config load:file:C:\Users\user\.npmrc
6 silly config load:file:C:\Users\user\AppData\Roaming\npm\etc\npmrc
7 verbose title npm install
8 verbose argv "install" "--cache" ".npm-cache"
9 verbose logfile logs-max:10 dir:C:\Users\user\Documents\VS CODE\CARLOS\tuboplast\.npm-cache\_logs\2026-07-31T15_41_34_903Z-
10 verbose logfile C:\Users\user\Documents\VS CODE\CARLOS\tuboplast\.npm-cache\_logs\2026-07-31T15_41_34_903Z-debug-0.log
11 silly logfile done cleaning log files
12 silly packumentCache heap:4496293888 maxSize:1124073472 maxEntrySize:562036736
13 silly idealTree buildDeps
14 silly fetch manifest @gsap/react@^2.1.2
15 silly packumentCache full:https://registry.npmjs.org/@gsap%2freact cache-miss
16 http fetch GET 200 https://registry.npmjs.org/@gsap%2freact 223ms (cache miss)
17 silly packumentCache full:https://registry.npmjs.org/@gsap%2freact set size:undefined disposed:false
18 silly fetch manifest gsap@^3.14.2
19 silly packumentCache full:https://registry.npmjs.org/gsap cache-miss
20 http fetch GET 200 https://registry.npmjs.org/gsap 74ms (cache miss)
21 silly packumentCache full:https://registry.npmjs.org/gsap set size:undefined disposed:false
22 silly fetch manifest react@^18.3.1
23 silly packumentCache full:https://registry.npmjs.org/react cache-miss
24 http fetch GET 200 https://registry.npmjs.org/react 540ms (cache miss)
25 silly packumentCache full:https://registry.npmjs.org/react set size:undefined disposed:false
26 silly fetch manifest @inertiajs/react@^1.1.0
27 silly packumentCache full:https://registry.npmjs.org/@inertiajs%2freact cache-miss
28 http fetch GET 200 https://registry.npmjs.org/@inertiajs%2freact 228ms (cache miss)
29 silly packumentCache full:https://registry.npmjs.org/@inertiajs%2freact set size:undefined disposed:false
30 silly fetch manifest @popperjs/core@^2.11.8
31 silly packumentCache full:https://registry.npmjs.org/@popperjs%2fcore cache-miss
32 http fetch GET 200 https://registry.npmjs.org/@popperjs%2fcore 96ms (cache miss)
33 silly packumentCache full:https://registry.npmjs.org/@popperjs%2fcore set size:undefined disposed:false
34 silly fetch manifest @tippyjs/react@^4.2.6
35 silly packumentCache full:https://registry.npmjs.org/@tippyjs%2freact cache-miss
36 http fetch GET 200 https://registry.npmjs.org/@tippyjs%2freact 75ms (cache miss)
37 silly packumentCache full:https://registry.npmjs.org/@tippyjs%2freact set size:undefined disposed:false
38 silly fetch manifest react-dom@^18.3.1
39 silly packumentCache full:https://registry.npmjs.org/react-dom cache-miss
40 http fetch GET 200 https://registry.npmjs.org/react-dom 443ms (cache miss)
41 silly packumentCache full:https://registry.npmjs.org/react-dom set size:undefined disposed:false
42 silly fetch manifest bootstrap@^5.3.8
43 silly packumentCache full:https://registry.npmjs.org/bootstrap cache-miss
44 http fetch GET 200 https://registry.npmjs.org/bootstrap 89ms (cache miss)
45 silly packumentCache full:https://registry.npmjs.org/bootstrap set size:undefined disposed:false
46 silly fetch manifest chart.js@^4.4.3
47 silly packumentCache full:https://registry.npmjs.org/chart.js cache-miss
48 http fetch GET 200 https://registry.npmjs.org/chart.js 88ms (cache miss)
49 silly packumentCache full:https://registry.npmjs.org/chart.js set size:undefined disposed:false
50 silly fetch manifest jquery@^3.7.1
51 silly packumentCache full:https://registry.npmjs.org/jquery cache-miss
52 http fetch GET 200 https://registry.npmjs.org/jquery 87ms (cache miss)
53 silly packumentCache full:https://registry.npmjs.org/jquery set size:undefined disposed:false
54 silly fetch manifest jsencrypt@^3.3.2
55 silly packumentCache full:https://registry.npmjs.org/jsencrypt cache-miss
56 http fetch GET 200 https://registry.npmjs.org/jsencrypt 70ms (cache miss)
57 silly packumentCache full:https://registry.npmjs.org/jsencrypt set size:undefined disposed:false
58 silly fetch manifest jspdf@^4.2.1
59 silly packumentCache full:https://registry.npmjs.org/jspdf cache-miss
60 http fetch GET 200 https://registry.npmjs.org/jspdf 78ms (cache miss)
61 silly packumentCache full:https://registry.npmjs.org/jspdf set size:undefined disposed:false
62 silly fetch manifest jspdf-autotable@^5.0.8
63 silly packumentCache full:https://registry.npmjs.org/jspdf-autotable cache-miss
64 http fetch GET 200 https://registry.npmjs.org/jspdf-autotable 100ms (cache miss)
65 silly packumentCache full:https://registry.npmjs.org/jspdf-autotable set size:undefined disposed:false
66 silly fetch manifest laravel-mix@^6.0.49
67 silly packumentCache full:https://registry.npmjs.org/laravel-mix cache-miss
68 http fetch GET 200 https://registry.npmjs.org/laravel-mix 117ms (cache miss)
69 silly packumentCache full:https://registry.npmjs.org/laravel-mix set size:undefined disposed:false
70 silly fetch manifest postcss@^8.4.39
71 silly packumentCache full:https://registry.npmjs.org/postcss cache-miss
72 http fetch GET 200 https://registry.npmjs.org/postcss 163ms (cache miss)
73 silly packumentCache full:https://registry.npmjs.org/postcss set size:undefined disposed:false
74 silly fetch manifest lucide-react@^0.577.0
75 silly packumentCache full:https://registry.npmjs.org/lucide-react cache-miss
76 http fetch GET 200 https://registry.npmjs.org/lucide-react 212ms (cache miss)
77 silly packumentCache full:https://registry.npmjs.org/lucide-react set size:undefined disposed:false
78 silly fetch manifest moment@^2.30.1
79 silly packumentCache full:https://registry.npmjs.org/moment cache-miss
80 http fetch GET 200 https://registry.npmjs.org/moment 75ms (cache miss)
81 silly packumentCache full:https://registry.npmjs.org/moment set size:undefined disposed:false
82 silly fetch manifest moment-timezone@^0.5.46
83 silly packumentCache full:https://registry.npmjs.org/moment-timezone cache-miss
84 http fetch GET 200 https://registry.npmjs.org/moment-timezone 70ms (cache miss)
85 silly packumentCache full:https://registry.npmjs.org/moment-timezone set size:undefined disposed:false
86 silly fetch manifest react-chartjs-2@^5.3.1
87 silly packumentCache full:https://registry.npmjs.org/react-chartjs-2 cache-miss
88 http fetch GET 200 https://registry.npmjs.org/react-chartjs-2 90ms (cache miss)
89 silly packumentCache full:https://registry.npmjs.org/react-chartjs-2 set size:undefined disposed:false
90 silly fetch manifest react-google-recaptcha@^3.1.0
91 silly packumentCache full:https://registry.npmjs.org/react-google-recaptcha cache-miss
92 http fetch GET 200 https://registry.npmjs.org/react-google-recaptcha 92ms (cache miss)
93 silly packumentCache full:https://registry.npmjs.org/react-google-recaptcha set size:undefined disposed:false
94 silly fetch manifest react-modal@^3.16.3
95 silly packumentCache full:https://registry.npmjs.org/react-modal cache-miss
96 http fetch GET 200 https://registry.npmjs.org/react-modal 91ms (cache miss)
97 silly packumentCache full:https://registry.npmjs.org/react-modal set size:undefined disposed:false
98 silly fetch manifest rollup@^4.61.0
99 silly packumentCache full:https://registry.npmjs.org/rollup cache-miss
100 http fetch GET 200 https://registry.npmjs.org/rollup 284ms (cache miss)
101 silly packumentCache full:https://registry.npmjs.org/rollup set size:undefined disposed:false
102 silly fetch manifest slick-carousel@^1.8.1
103 silly packumentCache full:https://registry.npmjs.org/slick-carousel cache-miss
104 http fetch GET 200 https://registry.npmjs.org/slick-carousel 58ms (cache miss)
105 silly packumentCache full:https://registry.npmjs.org/slick-carousel set size:undefined disposed:false
106 silly fetch manifest socket.io-client@^4.8.3
107 silly packumentCache full:https://registry.npmjs.org/socket.io-client cache-miss
108 http fetch GET 200 https://registry.npmjs.org/socket.io-client 85ms (cache miss)
109 silly packumentCache full:https://registry.npmjs.org/socket.io-client set size:undefined disposed:false
110 silly fetch manifest sode-extend-react@1.2.11
111 silly packumentCache full:https://registry.npmjs.org/sode-extend-react cache-miss
112 http fetch GET 200 https://registry.npmjs.org/sode-extend-react 64ms (cache miss)
113 silly packumentCache full:https://registry.npmjs.org/sode-extend-react set size:undefined disposed:false
114 silly fetch manifest sonner@^2.0.7
115 silly packumentCache full:https://registry.npmjs.org/sonner cache-miss
116 http fetch GET 200 https://registry.npmjs.org/sonner 71ms (cache miss)
117 silly packumentCache full:https://registry.npmjs.org/sonner set size:undefined disposed:false
118 silly fetch manifest sweetalert2@^11.11.1
119 silly packumentCache full:https://registry.npmjs.org/sweetalert2 cache-miss
120 http fetch GET 200 https://registry.npmjs.org/sweetalert2 240ms (cache miss)
121 silly packumentCache full:https://registry.npmjs.org/sweetalert2 set size:undefined disposed:false
122 silly fetch manifest swiper@^11.2.2
123 silly packumentCache full:https://registry.npmjs.org/swiper cache-miss
124 http fetch GET 200 https://registry.npmjs.org/swiper 157ms (cache miss)
125 silly packumentCache full:https://registry.npmjs.org/swiper set size:undefined disposed:false
126 silly fetch manifest @vitejs/plugin-react@^4.3.1
127 silly packumentCache full:https://registry.npmjs.org/@vitejs%2fplugin-react cache-miss
128 http fetch GET 200 https://registry.npmjs.org/@vitejs%2fplugin-react 89ms (cache miss)
129 silly packumentCache full:https://registry.npmjs.org/@vitejs%2fplugin-react set size:undefined disposed:false
130 silly fetch manifest vite@^5.0.0
131 silly packumentCache full:https://registry.npmjs.org/vite cache-miss
132 http fetch GET 200 https://registry.npmjs.org/vite 1704ms (cache miss)
133 silly packumentCache full:https://registry.npmjs.org/vite set size:undefined disposed:false
134 silly fetch manifest @types/node@^18.0.0 || >=20.0.0
135 silly packumentCache full:https://registry.npmjs.org/@types%2fnode cache-miss
136 http fetch GET 200 https://registry.npmjs.org/@types%2fnode 460ms (cache miss)
137 silly packumentCache full:https://registry.npmjs.org/@types%2fnode set size:undefined disposed:false
138 silly fetch manifest less@*
139 silly packumentCache full:https://registry.npmjs.org/less cache-miss
140 http fetch GET 200 https://registry.npmjs.org/less 85ms (cache miss)
141 silly packumentCache full:https://registry.npmjs.org/less set size:undefined disposed:false
142 silly fetch manifest lightningcss@^1.21.0
143 silly packumentCache full:https://registry.npmjs.org/lightningcss cache-miss
144 http fetch GET 200 https://registry.npmjs.org/lightningcss 67ms (cache miss)
145 silly packumentCache full:https://registry.npmjs.org/lightningcss set size:undefined disposed:false
146 silly fetch manifest sass@*
147 silly packumentCache full:https://registry.npmjs.org/sass cache-miss
148 http fetch GET 200 https://registry.npmjs.org/sass 121ms (cache miss)
149 silly packumentCache full:https://registry.npmjs.org/sass set size:undefined disposed:false
150 silly fetch manifest sass-embedded@*
151 silly packumentCache full:https://registry.npmjs.org/sass-embedded cache-miss
152 http fetch GET 200 https://registry.npmjs.org/sass-embedded 81ms (cache miss)
153 silly packumentCache full:https://registry.npmjs.org/sass-embedded set size:undefined disposed:false
154 silly fetch manifest stylus@*
155 silly packumentCache full:https://registry.npmjs.org/stylus cache-miss
156 http fetch GET 200 https://registry.npmjs.org/stylus 77ms (cache miss)
157 silly packumentCache full:https://registry.npmjs.org/stylus set size:undefined disposed:false
158 silly fetch manifest sugarss@*
159 silly packumentCache full:https://registry.npmjs.org/sugarss cache-miss
160 http fetch GET 200 https://registry.npmjs.org/sugarss 67ms (cache miss)
161 silly packumentCache full:https://registry.npmjs.org/sugarss set size:undefined disposed:false
162 silly fetch manifest terser@^5.4.0
163 silly packumentCache full:https://registry.npmjs.org/terser cache-miss
164 http fetch GET 200 https://registry.npmjs.org/terser 108ms (cache miss)
165 silly packumentCache full:https://registry.npmjs.org/terser set size:undefined disposed:false
166 silly fetch manifest autoprefixer@^10.4.19
167 silly packumentCache full:https://registry.npmjs.org/autoprefixer cache-miss
168 http fetch GET 200 https://registry.npmjs.org/autoprefixer 107ms (cache miss)
169 silly packumentCache full:https://registry.npmjs.org/autoprefixer set size:undefined disposed:false
170 silly fetch manifest axios@^1.6.4
171 silly packumentCache full:https://registry.npmjs.org/axios cache-miss
172 http fetch GET 200 https://registry.npmjs.org/axios 100ms (cache miss)
173 silly packumentCache full:https://registry.npmjs.org/axios set size:undefined disposed:false
174 silly fetch manifest laravel-vite-plugin@^1.0.0
175 silly packumentCache full:https://registry.npmjs.org/laravel-vite-plugin cache-miss
176 http fetch GET 200 https://registry.npmjs.org/laravel-vite-plugin 79ms (cache miss)
177 silly packumentCache full:https://registry.npmjs.org/laravel-vite-plugin set size:undefined disposed:false
178 silly fetch manifest tailwindcss@^3.4.6
179 silly packumentCache full:https://registry.npmjs.org/tailwindcss cache-miss
180 http fetch GET 200 https://registry.npmjs.org/tailwindcss 459ms (cache miss)
181 silly packumentCache full:https://registry.npmjs.org/tailwindcss set size:undefined disposed:false
182 silly fetch manifest tailwindcss-animated@^1.0.1
183 silly packumentCache full:https://registry.npmjs.org/tailwindcss-animated cache-miss
184 http fetch GET 200 https://registry.npmjs.org/tailwindcss-animated 63ms (cache miss)
185 silly packumentCache full:https://registry.npmjs.org/tailwindcss-animated set size:undefined disposed:false
186 silly placeDep ROOT @gsap/react@2.1.2 OK for:  want: ^2.1.2
187 silly placeDep ROOT gsap@3.15.0 OK for: @gsap/react@2.1.2 want: ^3.12.5
188 silly placeDep ROOT react@18.3.1 OK for: @gsap/react@2.1.2 want: >=17
189 silly placeDep ROOT @inertiajs/react@1.3.0 OK for:  want: ^1.1.0
190 silly placeDep ROOT @popperjs/core@2.11.8 OK for:  want: ^2.11.8
191 silly placeDep ROOT @tippyjs/react@4.2.6 OK for:  want: ^4.2.6
192 silly placeDep ROOT react-dom@18.3.1 OK for: @tippyjs/react@4.2.6 want: >=16.8
193 silly placeDep ROOT @vitejs/plugin-react@4.7.0 OK for:  want: ^4.3.1
194 silly placeDep ROOT vite@5.4.21 OK for: @vitejs/plugin-react@4.7.0 want: ^4.2.0 || ^5.0.0 || ^6.0.0 || ^7.0.0
195 silly placeDep ROOT autoprefixer@10.5.4 OK for:  want: ^10.4.19
196 silly placeDep ROOT postcss@8.5.25 OK for: autoprefixer@10.5.4 want: ^8.1.0
197 silly placeDep ROOT axios@1.19.0 OK for:  want: ^1.6.4
198 silly placeDep ROOT bootstrap@5.3.8 OK for:  want: ^5.3.8
199 silly placeDep ROOT chart.js@4.5.1 OK for:  want: ^4.4.3
200 silly placeDep ROOT jquery@3.7.1 OK for:  want: ^3.7.1
201 silly placeDep ROOT jsencrypt@3.5.4 OK for:  want: ^3.3.2
202 silly placeDep ROOT jspdf@4.2.1 OK for:  want: ^4.2.1
203 silly placeDep ROOT jspdf-autotable@5.0.8 OK for:  want: ^5.0.8
204 silly placeDep ROOT laravel-mix@6.0.49 OK for:  want: ^6.0.49
205 silly placeDep ROOT laravel-vite-plugin@1.3.0 OK for:  want: ^1.0.0
206 silly placeDep ROOT lucide-react@0.577.0 OK for:  want: ^0.577.0
207 silly placeDep ROOT moment@2.30.1 OK for:  want: ^2.30.1
208 silly placeDep ROOT moment-timezone@0.5.48 OK for:  want: ^0.5.46
209 silly placeDep ROOT react-chartjs-2@5.3.1 OK for:  want: ^5.3.1
210 silly placeDep ROOT react-google-recaptcha@3.1.0 OK for:  want: ^3.1.0
211 silly placeDep ROOT react-modal@3.16.3 OK for:  want: ^3.16.3
212 silly placeDep ROOT rollup@4.62.3 OK for:  want: ^4.61.0
213 silly placeDep ROOT slick-carousel@1.8.1 OK for:  want: ^1.8.1
214 silly placeDep ROOT socket.io-client@4.8.3 OK for:  want: ^4.8.3
215 silly placeDep ROOT sode-extend-react@1.2.11 OK for:  want: 1.2.11
216 silly placeDep ROOT sonner@2.0.7 OK for:  want: ^2.0.7
217 silly placeDep ROOT sweetalert2@11.26.25 OK for:  want: ^11.11.1
218 silly placeDep ROOT swiper@11.2.10 OK for:  want: ^11.2.2
219 silly placeDep ROOT tailwindcss@3.4.19 OK for:  want: ^3.4.6
220 silly placeDep ROOT tailwindcss-animated@1.1.2 OK for:  want: ^1.0.1
221 silly fetch manifest loose-envify@^1.1.0
222 silly packumentCache full:https://registry.npmjs.org/loose-envify cache-miss
223 silly fetch manifest lodash.isequal@^4.5.0
224 silly packumentCache full:https://registry.npmjs.org/lodash.isequal cache-miss
225 silly fetch manifest @inertiajs/core@1.3.0
226 silly packumentCache full:https://registry.npmjs.org/@inertiajs%2fcore cache-miss
227 silly fetch manifest tippy.js@^6.3.1
228 silly packumentCache full:https://registry.npmjs.org/tippy.js cache-miss
229 silly fetch manifest scheduler@^0.23.2
230 silly packumentCache full:https://registry.npmjs.org/scheduler cache-miss
231 silly fetch manifest loose-envify@^1.1.0
232 silly packumentCache full:https://registry.npmjs.org/loose-envify cache-miss
233 silly fetch manifest @babel/core@^7.28.0
234 silly packumentCache full:https://registry.npmjs.org/@babel%2fcore cache-miss
235 silly fetch manifest react-refresh@^0.17.0
236 silly packumentCache full:https://registry.npmjs.org/react-refresh cache-miss
237 silly fetch manifest @types/babel__core@^7.20.5
238 silly packumentCache full:https://registry.npmjs.org/@types%2fbabel__core cache-miss
239 silly fetch manifest @rolldown/pluginutils@1.0.0-beta.27
240 silly packumentCache full:https://registry.npmjs.org/@rolldown%2fpluginutils cache-miss
241 silly fetch manifest @babel/plugin-transform-react-jsx-self@^7.27.1
242 silly packumentCache full:https://registry.npmjs.org/@babel%2fplugin-transform-react-jsx-self cache-miss
243 silly fetch manifest @babel/plugin-transform-react-jsx-source@^7.27.1
244 silly packumentCache full:https://registry.npmjs.org/@babel%2fplugin-transform-react-jsx-source cache-miss
245 silly fetch manifest rollup@^4.20.0
246 silly packumentCache full:https://registry.npmjs.org/rollup cache-miss
247 silly fetch manifest esbuild@^0.21.3
248 silly packumentCache full:https://registry.npmjs.org/esbuild cache-miss
249 silly fetch manifest postcss@^8.4.43
250 silly packumentCache full:https://registry.npmjs.org/postcss cache-miss
251 http cache https://registry.npmjs.org/postcss 50ms (cache hit)
252 silly packumentCache full:https://registry.npmjs.org/postcss set size:756623 disposed:false
253 silly fetch manifest fsevents@~2.3.3
254 silly packumentCache full:https://registry.npmjs.org/fsevents cache-miss
255 http cache https://registry.npmjs.org/rollup 73ms (cache hit)
256 silly packumentCache full:https://registry.npmjs.org/rollup set size:6266245 disposed:false
257 silly fetch manifest picocolors@^1.1.1
258 silly packumentCache full:https://registry.npmjs.org/picocolors cache-miss
259 http fetch GET 200 https://registry.npmjs.org/loose-envify 149ms (cache miss)
260 silly packumentCache full:https://registry.npmjs.org/loose-envify set size:undefined disposed:false
261 silly fetch manifest fraction.js@^5.3.4
262 silly packumentCache full:https://registry.npmjs.org/fraction.js cache-miss
263 http fetch GET 200 https://registry.npmjs.org/fsevents 129ms (cache miss)
264 silly packumentCache full:https://registry.npmjs.org/fsevents set size:undefined disposed:false
265 silly fetch manifest browserslist@^4.28.6
266 silly packumentCache full:https://registry.npmjs.org/browserslist cache-miss
267 http fetch GET 200 https://registry.npmjs.org/loose-envify 290ms (cache miss)
268 silly packumentCache full:https://registry.npmjs.org/loose-envify set size:undefined disposed:false
269 silly fetch manifest caniuse-lite@^1.0.30001806
270 silly packumentCache full:https://registry.npmjs.org/caniuse-lite cache-miss
271 http fetch GET 200 https://registry.npmjs.org/lodash.isequal 308ms (cache miss)
272 silly packumentCache full:https://registry.npmjs.org/lodash.isequal set size:undefined disposed:false
273 silly fetch manifest postcss-value-parser@^4.2.0
274 silly packumentCache full:https://registry.npmjs.org/postcss-value-parser cache-miss
275 http fetch GET 200 https://registry.npmjs.org/browserslist 135ms (cache miss)
276 silly packumentCache full:https://registry.npmjs.org/browserslist set size:undefined disposed:false
277 silly fetch manifest nanoid@^3.3.16
278 silly packumentCache full:https://registry.npmjs.org/nanoid cache-miss
279 http fetch GET 200 https://registry.npmjs.org/@types%2fbabel__core 334ms (cache miss)
280 silly packumentCache full:https://registry.npmjs.org/@types%2fbabel__core set size:undefined disposed:false
281 silly fetch manifest picocolors@^1.1.1
282 silly packumentCache full:https://registry.npmjs.org/picocolors cache-miss
283 http fetch GET 200 https://registry.npmjs.org/@babel%2fplugin-transform-react-jsx-self 343ms (cache miss)
284 silly packumentCache full:https://registry.npmjs.org/@babel%2fplugin-transform-react-jsx-self set size:undefined disposed:false
285 silly fetch manifest source-map-js@^1.2.1
286 silly packumentCache full:https://registry.npmjs.org/source-map-js cache-miss
287 http fetch GET 200 https://registry.npmjs.org/picocolors 234ms (cache miss)
288 silly packumentCache full:https://registry.npmjs.org/picocolors set size:undefined disposed:false
289 silly fetch manifest form-data@^4.0.6
290 silly packumentCache full:https://registry.npmjs.org/form-data cache-miss
291 http fetch GET 200 https://registry.npmjs.org/@rolldown%2fpluginutils 355ms (cache miss)
292 silly packumentCache full:https://registry.npmjs.org/@rolldown%2fpluginutils set size:undefined disposed:false
293 silly fetch manifest proxy-from-env@^2.1.0
294 silly packumentCache full:https://registry.npmjs.org/proxy-from-env cache-miss
295 http fetch GET 200 https://registry.npmjs.org/@babel%2fplugin-transform-react-jsx-source 361ms (cache miss)
296 silly packumentCache full:https://registry.npmjs.org/@babel%2fplugin-transform-react-jsx-source set size:undefined disposed:false
297 silly fetch manifest follow-redirects@^1.16.0
298 silly packumentCache full:https://registry.npmjs.org/follow-redirects cache-miss
299 http fetch GET 200 https://registry.npmjs.org/@babel%2fcore 426ms (cache miss)
300 silly packumentCache full:https://registry.npmjs.org/@babel%2fcore set size:undefined disposed:false
301 silly fetch manifest https-proxy-agent@^5.0.1
302 silly packumentCache full:https://registry.npmjs.org/https-proxy-agent cache-miss
303 http fetch GET 200 https://registry.npmjs.org/postcss-value-parser 125ms (cache miss)
304 silly packumentCache full:https://registry.npmjs.org/postcss-value-parser set size:undefined disposed:false
305 silly fetch manifest @kurkle/color@^0.3.0
306 silly packumentCache full:https://registry.npmjs.org/@kurkle%2fcolor cache-miss
307 http fetch GET 200 https://registry.npmjs.org/picocolors 98ms (cache miss)
308 silly packumentCache full:https://registry.npmjs.org/picocolors set size:undefined disposed:false
309 silly fetch manifest @babel/runtime@^7.28.6
310 silly packumentCache full:https://registry.npmjs.org/@babel%2fruntime cache-miss
311 http fetch GET 200 https://registry.npmjs.org/fraction.js 292ms (cache miss)
312 silly packumentCache full:https://registry.npmjs.org/fraction.js set size:undefined disposed:false
313 silly fetch manifest fflate@^0.8.1
314 silly packumentCache full:https://registry.npmjs.org/fflate cache-miss
315 http fetch GET 200 https://registry.npmjs.org/source-map-js 101ms (cache miss)
316 silly packumentCache full:https://registry.npmjs.org/source-map-js set size:undefined disposed:false
317 silly fetch manifest fast-png@^6.2.0
318 silly packumentCache full:https://registry.npmjs.org/fast-png cache-miss
319 http fetch GET 200 https://registry.npmjs.org/form-data 105ms (cache miss)
320 silly packumentCache full:https://registry.npmjs.org/form-data set size:undefined disposed:false
321 silly fetch manifest canvg@^3.0.11
322 silly packumentCache full:https://registry.npmjs.org/canvg cache-miss
323 http fetch GET 200 https://registry.npmjs.org/nanoid 156ms (cache miss)
324 silly packumentCache full:https://registry.npmjs.org/nanoid set size:undefined disposed:false
325 silly fetch manifest core-js@^3.6.0
326 silly packumentCache full:https://registry.npmjs.org/core-js cache-miss
327 http fetch GET 200 https://registry.npmjs.org/proxy-from-env 151ms (cache miss)
328 silly packumentCache full:https://registry.npmjs.org/proxy-from-env set size:undefined disposed:false
329 silly fetch manifest dompurify@^3.3.1
330 silly packumentCache full:https://registry.npmjs.org/dompurify cache-miss
331 http fetch GET 200 https://registry.npmjs.org/follow-redirects 166ms (cache miss)
332 silly packumentCache full:https://registry.npmjs.org/follow-redirects set size:undefined disposed:false
333 silly fetch manifest html2canvas@^1.0.0-rc.5
334 silly packumentCache full:https://registry.npmjs.org/html2canvas cache-miss
335 http fetch GET 200 https://registry.npmjs.org/https-proxy-agent 114ms (cache miss)
336 silly packumentCache full:https://registry.npmjs.org/https-proxy-agent set size:undefined disposed:false
337 silly fetch manifest md5@^2.3.0
338 silly packumentCache full:https://registry.npmjs.org/md5 cache-miss
339 http fetch GET 200 https://registry.npmjs.org/@kurkle%2fcolor 133ms (cache miss)
340 silly packumentCache full:https://registry.npmjs.org/@kurkle%2fcolor set size:undefined disposed:false
341 silly fetch manifest glob@^7.2.0
342 silly packumentCache full:https://registry.npmjs.org/glob cache-miss
343 http fetch GET 200 https://registry.npmjs.org/fast-png 121ms (cache miss)
344 silly packumentCache full:https://registry.npmjs.org/fast-png set size:undefined disposed:false
345 silly fetch manifest chalk@^4.1.2
346 silly packumentCache full:https://registry.npmjs.org/chalk cache-miss
347 http fetch GET 200 https://registry.npmjs.org/fflate 129ms (cache miss)
348 silly packumentCache full:https://registry.npmjs.org/fflate set size:undefined disposed:false
349 silly fetch manifest yargs@^17.2.1
350 silly packumentCache full:https://registry.npmjs.org/yargs cache-miss
351 http fetch GET 200 https://registry.npmjs.org/canvg 124ms (cache miss)
352 silly packumentCache full:https://registry.npmjs.org/canvg set size:undefined disposed:false
353 silly fetch manifest concat@^1.0.3
354 silly packumentCache full:https://registry.npmjs.org/concat cache-miss
355 http fetch GET 200 https://registry.npmjs.org/md5 107ms (cache miss)
356 silly packumentCache full:https://registry.npmjs.org/md5 set size:undefined disposed:false
357 silly fetch manifest dotenv@^10.0.0
358 silly packumentCache full:https://registry.npmjs.org/dotenv cache-miss
359 http fetch GET 200 https://registry.npmjs.org/html2canvas 126ms (cache miss)
360 silly packumentCache full:https://registry.npmjs.org/html2canvas set size:undefined disposed:false
361 silly fetch manifest lodash@^4.17.21
362 silly packumentCache full:https://registry.npmjs.org/lodash cache-miss
363 http fetch GET 200 https://registry.npmjs.org/chalk 121ms (cache miss)
364 silly packumentCache full:https://registry.npmjs.org/chalk set size:undefined disposed:false
365 silly fetch manifest semver@^7.3.5
366 silly packumentCache full:https://registry.npmjs.org/semver cache-miss
367 http fetch GET 200 https://registry.npmjs.org/glob 146ms (cache miss)
368 silly packumentCache full:https://registry.npmjs.org/glob set size:undefined disposed:false
369 silly fetch manifest terser@^5.9.0
370 silly packumentCache full:https://registry.npmjs.org/terser cache-miss
371 http cache https://registry.npmjs.org/terser 12ms (cache hit)
372 silly packumentCache full:https://registry.npmjs.org/terser set size:806866 disposed:false
373 silly fetch manifest cssnano@^5.0.8
374 silly packumentCache full:https://registry.npmjs.org/cssnano cache-miss
375 http fetch GET 200 https://registry.npmjs.org/@babel%2fruntime 311ms (cache miss)
376 silly packumentCache full:https://registry.npmjs.org/@babel%2fruntime set size:undefined disposed:false
377 silly fetch manifest webpack@^5.60.0
378 silly packumentCache full:https://registry.npmjs.org/webpack cache-miss
379 http fetch GET 200 https://registry.npmjs.org/dompurify 281ms (cache miss)
380 silly packumentCache full:https://registry.npmjs.org/dompurify set size:undefined disposed:false
381 silly fetch manifest chokidar@^3.5.2
382 silly packumentCache full:https://registry.npmjs.org/chokidar cache-miss
383 http fetch GET 200 https://registry.npmjs.org/lodash 162ms (cache miss)
384 silly packumentCache full:https://registry.npmjs.org/lodash set size:undefined disposed:false
385 silly fetch manifest fs-extra@^10.0.0
386 silly packumentCache full:https://registry.npmjs.org/fs-extra cache-miss
387 http fetch GET 200 https://registry.npmjs.org/semver 165ms (cache miss)
388 silly packumentCache full:https://registry.npmjs.org/semver set size:undefined disposed:false
389 silly fetch manifest imagemin@^7.0.1
390 silly packumentCache full:https://registry.npmjs.org/imagemin cache-miss
391 http fetch GET 200 https://registry.npmjs.org/concat 296ms (cache miss)
392 silly packumentCache full:https://registry.npmjs.org/concat set size:undefined disposed:false
393 silly fetch manifest clean-css@^5.2.4
394 silly packumentCache full:https://registry.npmjs.org/clean-css cache-miss
395 http fetch GET 200 https://registry.npmjs.org/dotenv 270ms (cache miss)
396 silly packumentCache full:https://registry.npmjs.org/dotenv set size:undefined disposed:false
397 silly fetch manifest commander@^7.2.0
398 silly packumentCache full:https://registry.npmjs.org/commander cache-miss
399 http fetch GET 200 https://registry.npmjs.org/yargs 369ms (cache miss)
400 silly packumentCache full:https://registry.npmjs.org/yargs set size:undefined disposed:false
401 silly fetch manifest cli-table3@^0.6.0
402 silly packumentCache full:https://registry.npmjs.org/cli-table3 cache-miss
403 http fetch GET 200 https://registry.npmjs.org/core-js 464ms (cache miss)
404 silly packumentCache full:https://registry.npmjs.org/core-js set size:undefined disposed:false
405 silly fetch manifest collect.js@^4.28.5
406 silly packumentCache full:https://registry.npmjs.org/collect.js cache-miss
407 http fetch GET 200 https://registry.npmjs.org/fs-extra 166ms (cache miss)
408 silly packumentCache full:https://registry.npmjs.org/fs-extra set size:undefined disposed:false
409 silly fetch manifest css-loader@^5.2.6
410 silly packumentCache full:https://registry.npmjs.org/css-loader cache-miss
411 http fetch GET 200 https://registry.npmjs.org/chokidar 212ms (cache miss)
412 silly packumentCache full:https://registry.npmjs.org/chokidar set size:undefined disposed:false
413 silly fetch manifest img-loader@^4.0.0
414 silly packumentCache full:https://registry.npmjs.org/img-loader cache-miss
415 http fetch GET 200 https://registry.npmjs.org/cssnano 287ms (cache miss)
416 silly packumentCache full:https://registry.npmjs.org/cssnano set size:undefined disposed:false
417 silly fetch manifest strip-ansi@^6.0.0
418 silly packumentCache full:https://registry.npmjs.org/strip-ansi cache-miss
419 http fetch GET 200 https://registry.npmjs.org/caniuse-lite 741ms (cache miss)
420 silly packumentCache full:https://registry.npmjs.org/caniuse-lite set size:undefined disposed:false
421 silly fetch manifest webpackbar@^5.0.0-3
422 silly packumentCache full:https://registry.npmjs.org/webpackbar cache-miss
423 http fetch GET 200 https://registry.npmjs.org/clean-css 168ms (cache miss)
424 silly packumentCache full:https://registry.npmjs.org/clean-css set size:undefined disposed:false
425 silly fetch manifest @babel/core@^7.15.8
426 silly packumentCache full:https://registry.npmjs.org/@babel%2fcore cache-miss
427 http cache https://registry.npmjs.org/@babel%2fcore 9ms (cache hit)
428 silly packumentCache full:https://registry.npmjs.org/@babel%2fcore set size:788273 disposed:false
429 silly fetch manifest file-loader@^6.2.0
430 silly packumentCache full:https://registry.npmjs.org/file-loader cache-miss
431 http fetch GET 200 https://registry.npmjs.org/imagemin 287ms (cache miss)
432 silly packumentCache full:https://registry.npmjs.org/imagemin set size:undefined disposed:false
433 silly fetch manifest html-loader@^1.3.2
434 silly packumentCache full:https://registry.npmjs.org/html-loader cache-miss
435 http fetch GET 200 https://registry.npmjs.org/@inertiajs%2fcore 1158ms (cache miss)
436 silly packumentCache full:https://registry.npmjs.org/@inertiajs%2fcore set size:undefined disposed:false
437 silly fetch manifest webpack-cli@^4.9.1
438 silly packumentCache full:https://registry.npmjs.org/webpack-cli cache-miss
439 http fetch GET 200 https://registry.npmjs.org/strip-ansi 143ms (cache miss)
440 silly packumentCache full:https://registry.npmjs.org/strip-ansi set size:undefined disposed:false
441 silly fetch manifest babel-loader@^8.2.3
442 silly packumentCache full:https://registry.npmjs.org/babel-loader cache-miss
443 http fetch GET 200 https://registry.npmjs.org/file-loader 180ms (cache miss)
444 silly packumentCache full:https://registry.npmjs.org/file-loader set size:undefined disposed:false
445 silly fetch manifest style-loader@^2.0.0
446 silly packumentCache full:https://registry.npmjs.org/style-loader cache-miss
447 http fetch GET 200 https://registry.npmjs.org/commander 332ms (cache miss)
448 silly packumentCache full:https://registry.npmjs.org/commander set size:undefined disposed:false
449 silly fetch manifest dotenv-expand@^5.1.0
450 silly packumentCache full:https://registry.npmjs.org/dotenv-expand cache-miss
451 http fetch GET 200 https://registry.npmjs.org/tippy.js 1282ms (cache miss)
452 silly packumentCache full:https://registry.npmjs.org/tippy.js set size:undefined disposed:false
453 silly fetch manifest webpack-merge@^5.8.0
454 silly packumentCache full:https://registry.npmjs.org/webpack-merge cache-miss
455 http fetch GET 200 https://registry.npmjs.org/cli-table3 337ms (cache miss)
456 silly packumentCache full:https://registry.npmjs.org/cli-table3 set size:undefined disposed:false
457 silly fetch manifest @babel/runtime@^7.15.4
458 silly packumentCache full:https://registry.npmjs.org/@babel%2fruntime cache-miss
459 http cache https://registry.npmjs.org/@babel%2fruntime 11ms (cache hit)
460 silly packumentCache full:https://registry.npmjs.org/@babel%2fruntime set size:3471810 disposed:false
461 silly fetch manifest postcss-loader@^6.2.0
462 silly packumentCache full:https://registry.npmjs.org/postcss-loader cache-miss
463 http fetch GET 200 https://registry.npmjs.org/collect.js 473ms (cache miss)
464 silly packumentCache full:https://registry.npmjs.org/collect.js set size:undefined disposed:false
465 silly fetch manifest @types/clean-css@^4.2.5
466 silly packumentCache full:https://registry.npmjs.org/@types%2fclean-css cache-miss
467 http fetch GET 200 https://registry.npmjs.org/html-loader 372ms (cache miss)
468 silly packumentCache full:https://registry.npmjs.org/html-loader set size:undefined disposed:false
469 silly fetch manifest vue-style-loader@^4.1.3
470 silly packumentCache full:https://registry.npmjs.org/vue-style-loader cache-miss
471 http fetch GET 200 https://registry.npmjs.org/img-loader 536ms (cache miss)
472 silly packumentCache full:https://registry.npmjs.org/img-loader set size:undefined disposed:false
473 silly fetch manifest webpack-notifier@^1.14.1
474 silly packumentCache full:https://registry.npmjs.org/webpack-notifier cache-miss
475 http fetch GET 200 https://registry.npmjs.org/css-loader 563ms (cache miss)
476 silly packumentCache full:https://registry.npmjs.org/css-loader set size:undefined disposed:false
477 silly fetch manifest @babel/preset-env@^7.15.8
478 silly packumentCache full:https://registry.npmjs.org/@babel%2fpreset-env cache-miss
479 http fetch GET 200 https://registry.npmjs.org/esbuild 1593ms (cache updated)
480 silly packumentCache full:https://registry.npmjs.org/esbuild set size:undefined disposed:false
481 silly fetch manifest node-libs-browser@^2.2.1
482 silly packumentCache full:https://registry.npmjs.org/node-libs-browser cache-miss
483 http fetch GET 200 https://registry.npmjs.org/babel-loader 436ms (cache miss)
484 silly packumentCache full:https://registry.npmjs.org/babel-loader set size:undefined disposed:false
485 silly fetch manifest @types/babel__core@^7.1.16
486 silly packumentCache full:https://registry.npmjs.org/@types%2fbabel__core cache-miss
487 http fetch GET 200 https://registry.npmjs.org/scheduler 1614ms (cache miss)
488 silly packumentCache full:https://registry.npmjs.org/scheduler set size:undefined disposed:false
489 silly fetch manifest webpack-dev-server@^4.7.3
490 silly packumentCache full:https://registry.npmjs.org/webpack-dev-server cache-miss
491 http fetch GET 200 https://registry.npmjs.org/dotenv-expand 404ms (cache miss)
492 silly packumentCache full:https://registry.npmjs.org/dotenv-expand set size:undefined disposed:false
493 silly fetch manifest postcss-load-config@^3.1.0
494 silly packumentCache full:https://registry.npmjs.org/postcss-load-config cache-miss
495 http fetch GET 200 https://registry.npmjs.org/webpackbar 638ms (cache miss)
496 silly packumentCache full:https://registry.npmjs.org/webpackbar set size:undefined disposed:false
497 silly fetch manifest @types/imagemin-svgo@^8.0.0
498 silly packumentCache full:https://registry.npmjs.org/@types%2fimagemin-svgo cache-miss
499 http fetch GET 200 https://registry.npmjs.org/webpack 933ms (cache miss)
500 silly packumentCache full:https://registry.npmjs.org/webpack set size:undefined disposed:false
501 silly fetch manifest terser-webpack-plugin@^5.2.4
502 silly packumentCache full:https://registry.npmjs.org/terser-webpack-plugin cache-miss
503 http cache https://registry.npmjs.org/@types%2fbabel__core 124ms (cache hit)
504 silly packumentCache full:https://registry.npmjs.org/@types%2fbabel__core set size:88676 disposed:false
505 silly fetch manifest @types/imagemin-mozjpeg@^8.0.1
506 silly packumentCache full:https://registry.npmjs.org/@types%2fimagemin-mozjpeg cache-miss
507 http fetch GET 200 https://registry.npmjs.org/webpack-cli 586ms (cache miss)
508 silly packumentCache full:https://registry.npmjs.org/webpack-cli set size:undefined disposed:false
509 silly fetch manifest @types/imagemin-optipng@^5.2.1
510 silly packumentCache full:https://registry.npmjs.org/@types%2fimagemin-optipng cache-miss
511 http fetch GET 200 https://registry.npmjs.org/style-loader 507ms (cache miss)
512 silly packumentCache full:https://registry.npmjs.org/style-loader set size:undefined disposed:false
513 silly fetch manifest mini-css-extract-plugin@^1.6.2
514 silly packumentCache full:https://registry.npmjs.org/mini-css-extract-plugin cache-miss
515 http fetch GET 200 https://registry.npmjs.org/@types%2fclean-css 321ms (cache miss)
516 silly packumentCache full:https://registry.npmjs.org/@types%2fclean-css set size:undefined disposed:false
517 silly fetch manifest @types/imagemin-gifsicle@^7.0.1
518 silly packumentCache full:https://registry.npmjs.org/@types%2fimagemin-gifsicle cache-miss
519 http fetch GET 200 https://registry.npmjs.org/vue-style-loader 236ms (cache miss)
520 silly packumentCache full:https://registry.npmjs.org/vue-style-loader set size:undefined disposed:false
521 silly fetch manifest @babel/plugin-transform-runtime@^7.15.8
522 silly packumentCache full:https://registry.npmjs.org/@babel%2fplugin-transform-runtime cache-miss
523 http fetch GET 200 https://registry.npmjs.org/webpack-merge 486ms (cache miss)
524 silly packumentCache full:https://registry.npmjs.org/webpack-merge set size:undefined disposed:false
525 silly fetch manifest @babel/plugin-syntax-dynamic-import@^7.8.3
526 silly packumentCache full:https://registry.npmjs.org/@babel%2fplugin-syntax-dynamic-import cache-miss
527 http fetch GET 200 https://registry.npmjs.org/postcss-loader 463ms (cache miss)
528 silly packumentCache full:https://registry.npmjs.org/postcss-loader set size:undefined disposed:false
529 silly fetch manifest @babel/plugin-proposal-object-rest-spread@^7.15.6
530 silly packumentCache full:https://registry.npmjs.org/@babel%2fplugin-proposal-object-rest-spread cache-miss
531 http fetch GET 200 https://registry.npmjs.org/postcss-load-config 109ms (cache miss)
532 silly packumentCache full:https://registry.npmjs.org/postcss-load-config set size:undefined disposed:false
533 silly fetch manifest picocolors@^1.0.0
534 silly packumentCache full:https://registry.npmjs.org/picocolors cache-miss
535 http fetch GET 200 https://registry.npmjs.org/node-libs-browser 186ms (cache miss)
536 silly packumentCache full:https://registry.npmjs.org/node-libs-browser set size:undefined disposed:false
537 silly fetch manifest vite-plugin-full-reload@^1.1.0
538 silly packumentCache full:https://registry.npmjs.org/vite-plugin-full-reload cache-miss
539 http cache https://registry.npmjs.org/picocolors 12ms (cache hit)
540 silly packumentCache full:https://registry.npmjs.org/picocolors set size:16648 disposed:false
541 silly fetch manifest prop-types@^15.5.0
542 silly packumentCache full:https://registry.npmjs.org/prop-types cache-miss
543 http fetch GET 200 https://registry.npmjs.org/@babel%2fpreset-env 241ms (cache miss)
544 silly packumentCache full:https://registry.npmjs.org/@babel%2fpreset-env set size:undefined disposed:false
545 silly fetch manifest react-async-script@^1.2.0
546 silly packumentCache full:https://registry.npmjs.org/react-async-script cache-miss
547 http fetch GET 200 https://registry.npmjs.org/webpack-notifier 274ms (cache miss)
548 silly packumentCache full:https://registry.npmjs.org/webpack-notifier set size:undefined disposed:false
549 silly fetch manifest exenv@^1.2.0
550 silly packumentCache full:https://registry.npmjs.org/exenv cache-miss
551 http fetch GET 200 https://registry.npmjs.org/@babel%2fplugin-syntax-dynamic-import 92ms (cache miss)
552 silly packumentCache full:https://registry.npmjs.org/@babel%2fplugin-syntax-dynamic-import set size:undefined disposed:false
553 silly fetch manifest prop-types@^15.7.2
554 silly packumentCache full:https://registry.npmjs.org/prop-types cache-miss
555 http fetch GET 200 https://registry.npmjs.org/prop-types 100ms (cache miss)
556 silly packumentCache full:https://registry.npmjs.org/prop-types set size:undefined disposed:false
557 silly fetch manifest react-lifecycles-compat@^3.0.0
558 silly packumentCache full:https://registry.npmjs.org/react-lifecycles-compat cache-miss
559 http fetch GET 200 https://registry.npmjs.org/terser-webpack-plugin 170ms (cache miss)
560 silly packumentCache full:https://registry.npmjs.org/terser-webpack-plugin set size:undefined disposed:false
561 silly fetch manifest warning@^4.0.3
562 silly packumentCache full:https://registry.npmjs.org/warning cache-miss
563 http fetch GET 200 https://registry.npmjs.org/@babel%2fplugin-proposal-object-rest-spread 139ms (cache miss)
564 silly packumentCache full:https://registry.npmjs.org/@babel%2fplugin-proposal-object-rest-spread set size:undefined disposed:false
565 silly fetch manifest @types/estree@1.0.9
566 silly packumentCache full:https://registry.npmjs.org/@types%2festree cache-miss
567 http fetch GET 200 https://registry.npmjs.org/webpack-dev-server 292ms (cache miss)
568 silly packumentCache full:https://registry.npmjs.org/webpack-dev-server set size:undefined disposed:false
569 silly fetch manifest fsevents@~2.3.2
570 silly packumentCache full:https://registry.npmjs.org/fsevents cache-miss
571 http fetch GET 200 https://registry.npmjs.org/exenv 124ms (cache miss)
572 silly packumentCache full:https://registry.npmjs.org/exenv set size:undefined disposed:false
573 silly fetch manifest @rollup/rollup-darwin-x64@4.62.3
574 silly packumentCache full:https://registry.npmjs.org/@rollup%2frollup-darwin-x64 cache-miss
575 http fetch GET 200 https://registry.npmjs.org/prop-types 95ms (cache miss)
576 silly packumentCache full:https://registry.npmjs.org/prop-types set size:undefined disposed:false
577 silly fetch manifest @rollup/rollup-freebsd-x64@4.62.3
578 silly packumentCache full:https://registry.npmjs.org/@rollup%2frollup-freebsd-x64 cache-miss
579 http cache https://registry.npmjs.org/fsevents 15ms (cache hit)
580 silly packumentCache full:https://registry.npmjs.org/fsevents set size:182472 disposed:false
581 silly fetch manifest @rollup/rollup-openbsd-x64@4.62.3
582 silly packumentCache full:https://registry.npmjs.org/@rollup%2frollup-openbsd-x64 cache-miss
583 http fetch GET 200 https://registry.npmjs.org/@babel%2fplugin-transform-runtime 204ms (cache miss)
584 silly packumentCache full:https://registry.npmjs.org/@babel%2fplugin-transform-runtime set size:undefined disposed:false
585 silly fetch manifest @rollup/rollup-darwin-arm64@4.62.3
586 silly packumentCache full:https://registry.npmjs.org/@rollup%2frollup-darwin-arm64 cache-miss
587 http fetch GET 200 https://registry.npmjs.org/warning 119ms (cache miss)
588 silly packumentCache full:https://registry.npmjs.org/warning set size:undefined disposed:false
589 silly fetch manifest @rollup/rollup-android-arm64@4.62.3
590 silly packumentCache full:https://registry.npmjs.org/@rollup%2frollup-android-arm64 cache-miss
591 http fetch GET 200 https://registry.npmjs.org/react-lifecycles-compat 126ms (cache miss)
592 silly packumentCache full:https://registry.npmjs.org/react-lifecycles-compat set size:undefined disposed:false
593 silly fetch manifest @rollup/rollup-freebsd-arm64@4.62.3
594 silly packumentCache full:https://registry.npmjs.org/@rollup%2frollup-freebsd-arm64 cache-miss
595 http fetch GET 200 https://registry.npmjs.org/@types%2festree 116ms (cache miss)
596 silly packumentCache full:https://registry.npmjs.org/@types%2festree set size:undefined disposed:false
597 silly fetch manifest @rollup/rollup-linux-x64-gnu@4.62.3
598 silly packumentCache full:https://registry.npmjs.org/@rollup%2frollup-linux-x64-gnu cache-miss
599 http fetch GET 200 https://registry.npmjs.org/mini-css-extract-plugin 285ms (cache miss)
600 silly packumentCache full:https://registry.npmjs.org/mini-css-extract-plugin set size:undefined disposed:false
601 silly fetch manifest @rollup/rollup-win32-x64-gnu@4.62.3
602 silly packumentCache full:https://registry.npmjs.org/@rollup%2frollup-win32-x64-gnu cache-miss
603 http fetch GET 200 https://registry.npmjs.org/vite-plugin-full-reload 261ms (cache miss)
604 silly packumentCache full:https://registry.npmjs.org/vite-plugin-full-reload set size:undefined disposed:false
605 silly fetch manifest @rollup/rollup-linux-x64-musl@4.62.3
606 silly packumentCache full:https://registry.npmjs.org/@rollup%2frollup-linux-x64-musl cache-miss
607 http fetch GET 200 https://registry.npmjs.org/react-async-script 284ms (cache miss)
608 silly packumentCache full:https://registry.npmjs.org/react-async-script set size:undefined disposed:false
609 silly fetch manifest @rollup/rollup-win32-x64-msvc@4.62.3
610 silly packumentCache full:https://registry.npmjs.org/@rollup%2frollup-win32-x64-msvc cache-miss
611 http fetch GET 200 https://registry.npmjs.org/@rollup%2frollup-darwin-x64 149ms (cache miss)
612 silly packumentCache full:https://registry.npmjs.org/@rollup%2frollup-darwin-x64 set size:undefined disposed:false
613 silly fetch manifest @rollup/rollup-linux-arm64-gnu@4.62.3
614 silly packumentCache full:https://registry.npmjs.org/@rollup%2frollup-linux-arm64-gnu cache-miss
615 http fetch GET 200 https://registry.npmjs.org/@rollup%2frollup-openbsd-x64 156ms (cache miss)
616 silly packumentCache full:https://registry.npmjs.org/@rollup%2frollup-openbsd-x64 set size:undefined disposed:false
617 silly fetch manifest @rollup/rollup-linux-ppc64-gnu@4.62.3
618 silly packumentCache full:https://registry.npmjs.org/@rollup%2frollup-linux-ppc64-gnu cache-miss
619 http fetch GET 200 https://registry.npmjs.org/@types%2fimagemin-mozjpeg 391ms (cache miss)
620 silly packumentCache full:https://registry.npmjs.org/@types%2fimagemin-mozjpeg set size:undefined disposed:false
621 silly fetch manifest @rollup/rollup-linux-s390x-gnu@4.62.3
622 silly packumentCache full:https://registry.npmjs.org/@rollup%2frollup-linux-s390x-gnu cache-miss
623 http fetch GET 200 https://registry.npmjs.org/@rollup%2frollup-freebsd-x64 176ms (cache miss)
624 silly packumentCache full:https://registry.npmjs.org/@rollup%2frollup-freebsd-x64 set size:undefined disposed:false
625 silly fetch manifest @rollup/rollup-win32-ia32-msvc@4.62.3
626 silly packumentCache full:https://registry.npmjs.org/@rollup%2frollup-win32-ia32-msvc cache-miss
627 http fetch GET 200 https://registry.npmjs.org/@rollup%2frollup-linux-x64-musl 110ms (cache miss)
628 silly packumentCache full:https://registry.npmjs.org/@rollup%2frollup-linux-x64-musl set size:undefined disposed:false
629 silly fetch manifest @rollup/rollup-android-arm-eabi@4.62.3
630 silly packumentCache full:https://registry.npmjs.org/@rollup%2frollup-android-arm-eabi cache-miss
631 http fetch GET 200 https://registry.npmjs.org/@types%2fimagemin-gifsicle 405ms (cache miss)
632 silly packumentCache full:https://registry.npmjs.org/@types%2fimagemin-gifsicle set size:undefined disposed:false
633 silly fetch manifest @rollup/rollup-linux-arm64-musl@4.62.3
634 silly packumentCache full:https://registry.npmjs.org/@rollup%2frollup-linux-arm64-musl cache-miss
635 http fetch GET 200 https://registry.npmjs.org/@rollup%2frollup-freebsd-arm64 142ms (cache miss)
636 silly packumentCache full:https://registry.npmjs.org/@rollup%2frollup-freebsd-arm64 set size:undefined disposed:false
637 silly fetch manifest @rollup/rollup-linux-ppc64-musl@4.62.3
638 silly packumentCache full:https://registry.npmjs.org/@rollup%2frollup-linux-ppc64-musl cache-miss
639 http fetch GET 200 https://registry.npmjs.org/@types%2fimagemin-svgo 512ms (cache miss)
640 silly packumentCache full:https://registry.npmjs.org/@types%2fimagemin-svgo set size:undefined disposed:false
641 silly fetch manifest @rollup/rollup-win32-arm64-msvc@4.62.3
642 silly packumentCache full:https://registry.npmjs.org/@rollup%2frollup-win32-arm64-msvc cache-miss
643 http fetch GET 200 https://registry.npmjs.org/@rollup%2frollup-linux-x64-gnu 155ms (cache miss)
644 silly packumentCache full:https://registry.npmjs.org/@rollup%2frollup-linux-x64-gnu set size:undefined disposed:false
645 silly fetch manifest @rollup/rollup-linux-loong64-gnu@4.62.3
646 silly packumentCache full:https://registry.npmjs.org/@rollup%2frollup-linux-loong64-gnu cache-miss
647 http fetch GET 200 https://registry.npmjs.org/@rollup%2frollup-win32-x64-msvc 145ms (cache miss)
648 silly packumentCache full:https://registry.npmjs.org/@rollup%2frollup-win32-x64-msvc set size:undefined disposed:false
649 silly fetch manifest @rollup/rollup-linux-riscv64-gnu@4.62.3
650 silly packumentCache full:https://registry.npmjs.org/@rollup%2frollup-linux-riscv64-gnu cache-miss
651 http fetch GET 200 https://registry.npmjs.org/@rollup%2frollup-linux-arm64-gnu 168ms (cache miss)
652 silly packumentCache full:https://registry.npmjs.org/@rollup%2frollup-linux-arm64-gnu set size:undefined disposed:false
653 silly fetch manifest @rollup/rollup-openharmony-arm64@4.62.3
654 silly packumentCache full:https://registry.npmjs.org/@rollup%2frollup-openharmony-arm64 cache-miss
655 http fetch GET 200 https://registry.npmjs.org/@rollup%2frollup-linux-ppc64-gnu 151ms (cache miss)
656 silly packumentCache full:https://registry.npmjs.org/@rollup%2frollup-linux-ppc64-gnu set size:undefined disposed:false
657 silly fetch manifest @rollup/rollup-linux-loong64-musl@4.62.3
658 silly packumentCache full:https://registry.npmjs.org/@rollup%2frollup-linux-loong64-musl cache-miss
659 http fetch GET 200 https://registry.npmjs.org/@types%2fimagemin-optipng 533ms (cache miss)
660 silly packumentCache full:https://registry.npmjs.org/@types%2fimagemin-optipng set size:undefined disposed:false
661 silly fetch manifest @rollup/rollup-linux-riscv64-musl@4.62.3
662 silly packumentCache full:https://registry.npmjs.org/@rollup%2frollup-linux-riscv64-musl cache-miss
663 http fetch GET 200 https://registry.npmjs.org/@rollup%2frollup-linux-s390x-gnu 161ms (cache miss)
664 silly packumentCache full:https://registry.npmjs.org/@rollup%2frollup-linux-s390x-gnu set size:undefined disposed:false
665 silly fetch manifest @rollup/rollup-linux-arm-gnueabihf@4.62.3
666 silly packumentCache full:https://registry.npmjs.org/@rollup%2frollup-linux-arm-gnueabihf cache-miss
667 http fetch GET 200 https://registry.npmjs.org/@rollup%2frollup-win32-x64-gnu 252ms (cache miss)
668 silly packumentCache full:https://registry.npmjs.org/@rollup%2frollup-win32-x64-gnu set size:undefined disposed:false
669 silly fetch manifest @rollup/rollup-linux-arm-musleabihf@4.62.3
670 silly packumentCache full:https://registry.npmjs.org/@rollup%2frollup-linux-arm-musleabihf cache-miss
671 http fetch GET 200 https://registry.npmjs.org/@rollup%2frollup-darwin-arm64 332ms (cache miss)
672 silly packumentCache full:https://registry.npmjs.org/@rollup%2frollup-darwin-arm64 set size:undefined disposed:false
673 silly fetch manifest @socket.io/component-emitter@~3.1.0
674 silly packumentCache full:https://registry.npmjs.org/@socket.io%2fcomponent-emitter cache-miss
675 http fetch GET 200 https://registry.npmjs.org/@rollup%2frollup-android-arm64 286ms (cache miss)
676 silly packumentCache full:https://registry.npmjs.org/@rollup%2frollup-android-arm64 set size:undefined disposed:false
677 silly fetch manifest debug@~4.4.1
678 silly packumentCache full:https://registry.npmjs.org/debug cache-miss
679 http fetch GET 200 https://registry.npmjs.org/react-refresh 2345ms (cache miss)
680 silly packumentCache full:https://registry.npmjs.org/react-refresh set size:undefined disposed:false
681 silly fetch manifest engine.io-client@~6.6.1
682 silly packumentCache full:https://registry.npmjs.org/engine.io-client cache-miss
683 http fetch GET 200 https://registry.npmjs.org/@rollup%2frollup-linux-loong64-musl 148ms (cache miss)
684 silly packumentCache full:https://registry.npmjs.org/@rollup%2frollup-linux-loong64-musl set size:undefined disposed:false
685 silly fetch manifest socket.io-parser@~4.2.4
686 silly packumentCache full:https://registry.npmjs.org/socket.io-parser cache-miss
687 http fetch GET 200 https://registry.npmjs.org/@rollup%2frollup-linux-ppc64-musl 262ms (cache miss)
688 silly packumentCache full:https://registry.npmjs.org/@rollup%2frollup-linux-ppc64-musl set size:undefined disposed:false
689 silly fetch manifest crypto-js@^4.1.1
690 silly packumentCache full:https://registry.npmjs.org/crypto-js cache-miss
691 http fetch GET 200 https://registry.npmjs.org/@rollup%2frollup-linux-loong64-gnu 237ms (cache miss)
692 silly packumentCache full:https://registry.npmjs.org/@rollup%2frollup-linux-loong64-gnu set size:undefined disposed:false
693 silly fetch manifest string-similarity@^4.0.4
694 silly packumentCache full:https://registry.npmjs.org/string-similarity cache-miss
695 http fetch GET 200 https://registry.npmjs.org/@rollup%2frollup-openharmony-arm64 171ms (cache miss)
696 silly packumentCache full:https://registry.npmjs.org/@rollup%2frollup-openharmony-arm64 set size:undefined disposed:false
697 silly fetch manifest arg@^5.0.2
698 silly packumentCache full:https://registry.npmjs.org/arg cache-miss
699 http fetch GET 200 https://registry.npmjs.org/@rollup%2frollup-linux-riscv64-musl 167ms (cache miss)
700 silly packumentCache full:https://registry.npmjs.org/@rollup%2frollup-linux-riscv64-musl set size:undefined disposed:false
701 silly fetch manifest dlv@^1.1.3
702 silly packumentCache full:https://registry.npmjs.org/dlv cache-miss
703 http fetch GET 200 https://registry.npmjs.org/debug 146ms (cache miss)
704 silly packumentCache full:https://registry.npmjs.org/debug set size:undefined disposed:false
705 silly fetch manifest jiti@^1.21.7
706 silly packumentCache full:https://registry.npmjs.org/jiti cache-miss
707 http fetch GET 200 https://registry.npmjs.org/@rollup%2frollup-linux-arm-musleabihf 163ms (cache miss)
708 silly packumentCache full:https://registry.npmjs.org/@rollup%2frollup-linux-arm-musleabihf set size:undefined disposed:false
709 silly fetch manifest is-glob@^4.0.3
710 silly packumentCache full:https://registry.npmjs.org/is-glob cache-miss
711 http fetch GET 200 https://registry.npmjs.org/@rollup%2frollup-linux-riscv64-gnu 218ms (cache miss)
712 silly packumentCache full:https://registry.npmjs.org/@rollup%2frollup-linux-riscv64-gnu set size:undefined disposed:false
713 silly fetch manifest resolve@^1.22.8
714 silly packumentCache full:https://registry.npmjs.org/resolve cache-miss
715 http fetch GET 200 https://registry.npmjs.org/@rollup%2frollup-win32-arm64-msvc 274ms (cache miss)
716 silly packumentCache full:https://registry.npmjs.org/@rollup%2frollup-win32-arm64-msvc set size:undefined disposed:false
717 silly fetch manifest sucrase@^3.35.0
718 silly packumentCache full:https://registry.npmjs.org/sucrase cache-miss
719 http fetch GET 200 https://registry.npmjs.org/@rollup%2frollup-linux-arm64-musl 310ms (cache miss)
720 silly packumentCache full:https://registry.npmjs.org/@rollup%2frollup-linux-arm64-musl set size:undefined disposed:false
721 silly fetch manifest chokidar@^3.6.0
722 silly packumentCache full:https://registry.npmjs.org/chokidar cache-miss
723 http fetch GET 200 https://registry.npmjs.org/@rollup%2frollup-android-arm-eabi 317ms (cache miss)
724 silly packumentCache full:https://registry.npmjs.org/@rollup%2frollup-android-arm-eabi set size:undefined disposed:false
725 silly fetch manifest fast-glob@^3.3.2
726 silly packumentCache full:https://registry.npmjs.org/fast-glob cache-miss
727 http fetch GET 200 https://registry.npmjs.org/@rollup%2frollup-linux-arm-gnueabihf 196ms (cache miss)
728 silly packumentCache full:https://registry.npmjs.org/@rollup%2frollup-linux-arm-gnueabihf set size:undefined disposed:false
729 silly fetch manifest lilconfig@^3.1.3
730 silly packumentCache full:https://registry.npmjs.org/lilconfig cache-miss
731 http cache https://registry.npmjs.org/chokidar 15ms (cache hit)
732 silly packumentCache full:https://registry.npmjs.org/chokidar set size:255902 disposed:false
733 silly fetch manifest didyoumean@^1.2.2
734 silly packumentCache full:https://registry.npmjs.org/didyoumean cache-miss
735 http fetch GET 200 https://registry.npmjs.org/@rollup%2frollup-win32-ia32-msvc 358ms (cache miss)
736 silly packumentCache full:https://registry.npmjs.org/@rollup%2frollup-win32-ia32-msvc set size:undefined disposed:false
737 silly fetch manifest micromatch@^4.0.8
738 silly packumentCache full:https://registry.npmjs.org/micromatch cache-miss
739 http fetch GET 200 https://registry.npmjs.org/crypto-js 89ms (cache miss)
740 silly packumentCache full:https://registry.npmjs.org/crypto-js set size:undefined disposed:false
741 silly fetch manifest postcss-js@^4.0.1
742 silly packumentCache full:https://registry.npmjs.org/postcss-js cache-miss
743 http fetch GET 200 https://registry.npmjs.org/dlv 74ms (cache miss)
744 silly packumentCache full:https://registry.npmjs.org/dlv set size:undefined disposed:false
745 silly fetch manifest glob-parent@^6.0.2
746 silly packumentCache full:https://registry.npmjs.org/glob-parent cache-miss
747 http fetch GET 200 https://registry.npmjs.org/socket.io-parser 101ms (cache miss)
748 silly packumentCache full:https://registry.npmjs.org/socket.io-parser set size:undefined disposed:false
749 silly fetch manifest object-hash@^3.0.0
750 silly packumentCache full:https://registry.npmjs.org/object-hash cache-miss
751 http fetch GET 200 https://registry.npmjs.org/string-similarity 97ms (cache miss)
752 silly packumentCache full:https://registry.npmjs.org/string-similarity set size:undefined disposed:false
753 silly fetch manifest normalize-path@^3.0.0
754 silly packumentCache full:https://registry.npmjs.org/normalize-path cache-miss
755 http fetch GET 200 https://registry.npmjs.org/arg 95ms (cache miss)
756 silly packumentCache full:https://registry.npmjs.org/arg set size:undefined disposed:false
757 silly fetch manifest postcss-import@^15.1.0
758 silly packumentCache full:https://registry.npmjs.org/postcss-import cache-miss
759 http fetch GET 200 https://registry.npmjs.org/@socket.io%2fcomponent-emitter 236ms (cache miss)
760 silly packumentCache full:https://registry.npmjs.org/@socket.io%2fcomponent-emitter set size:undefined disposed:false
761 silly fetch manifest postcss-nested@^6.2.0
762 silly packumentCache full:https://registry.npmjs.org/postcss-nested cache-miss
763 http fetch GET 200 https://registry.npmjs.org/is-glob 91ms (cache miss)
764 silly packumentCache full:https://registry.npmjs.org/is-glob set size:undefined disposed:false
765 silly fetch manifest @alloc/quick-lru@^5.2.0
766 silly packumentCache full:https://registry.npmjs.org/@alloc%2fquick-lru cache-miss
767 http fetch GET 200 https://registry.npmjs.org/resolve 93ms (cache miss)
768 silly packumentCache full:https://registry.npmjs.org/resolve set size:undefined disposed:false
769 silly fetch manifest postcss-load-config@^4.0.2 || ^5.0 || ^6.0
770 silly packumentCache full:https://registry.npmjs.org/postcss-load-config cache-miss
771 http fetch GET 200 https://registry.npmjs.org/jiti 104ms (cache miss)
772 silly packumentCache full:https://registry.npmjs.org/jiti set size:undefined disposed:false
773 silly fetch manifest postcss-selector-parser@^6.1.2
774 silly packumentCache full:https://registry.npmjs.org/postcss-selector-parser cache-miss
775 http cache https://registry.npmjs.org/postcss-load-config 15ms (cache hit)
776 silly packumentCache full:https://registry.npmjs.org/postcss-load-config set size:86425 disposed:false
777 http fetch GET 200 https://registry.npmjs.org/sucrase 116ms (cache miss)
778 silly packumentCache full:https://registry.npmjs.org/sucrase set size:undefined disposed:false
779 http fetch GET 200 https://registry.npmjs.org/lilconfig 111ms (cache miss)
780 silly packumentCache full:https://registry.npmjs.org/lilconfig set size:undefined disposed:false
781 http fetch GET 200 https://registry.npmjs.org/didyoumean 109ms (cache miss)
782 silly packumentCache full:https://registry.npmjs.org/didyoumean set size:undefined disposed:false
783 http fetch GET 200 https://registry.npmjs.org/fast-glob 133ms (cache miss)
784 silly packumentCache full:https://registry.npmjs.org/fast-glob set size:undefined disposed:false
785 http fetch GET 200 https://registry.npmjs.org/glob-parent 96ms (cache miss)
786 silly packumentCache full:https://registry.npmjs.org/glob-parent set size:undefined disposed:false
787 http fetch GET 200 https://registry.npmjs.org/engine.io-client 248ms (cache miss)
788 silly packumentCache full:https://registry.npmjs.org/engine.io-client set size:undefined disposed:false
789 http fetch GET 200 https://registry.npmjs.org/object-hash 105ms (cache miss)
790 silly packumentCache full:https://registry.npmjs.org/object-hash set size:undefined disposed:false
791 http fetch GET 200 https://registry.npmjs.org/postcss-nested 94ms (cache miss)
792 silly packumentCache full:https://registry.npmjs.org/postcss-nested set size:undefined disposed:false
793 http fetch GET 200 https://registry.npmjs.org/micromatch 140ms (cache miss)
794 silly packumentCache full:https://registry.npmjs.org/micromatch set size:undefined disposed:false
795 http fetch GET 200 https://registry.npmjs.org/postcss-js 120ms (cache miss)
796 silly packumentCache full:https://registry.npmjs.org/postcss-js set size:undefined disposed:false
797 http fetch GET 200 https://registry.npmjs.org/@alloc%2fquick-lru 107ms (cache miss)
798 silly packumentCache full:https://registry.npmjs.org/@alloc%2fquick-lru set size:undefined disposed:false
799 http fetch GET 200 https://registry.npmjs.org/postcss-import 125ms (cache miss)
800 silly packumentCache full:https://registry.npmjs.org/postcss-import set size:undefined disposed:false
801 http fetch GET 200 https://registry.npmjs.org/postcss-selector-parser 106ms (cache miss)
802 silly packumentCache full:https://registry.npmjs.org/postcss-selector-parser set size:undefined disposed:false
803 http fetch GET 200 https://registry.npmjs.org/normalize-path 228ms (cache miss)
804 silly packumentCache full:https://registry.npmjs.org/normalize-path set size:undefined disposed:false
805 silly placeDep ROOT @inertiajs/core@1.3.0 OK for: @inertiajs/react@1.3.0 want: 1.3.0
806 silly placeDep ROOT lodash.isequal@4.5.0 OK for: @inertiajs/react@1.3.0 want: ^4.5.0
807 silly fetch manifest qs@^6.9.0
808 silly packumentCache full:https://registry.npmjs.org/qs cache-miss
809 silly fetch manifest deepmerge@^4.0.0
810 silly packumentCache full:https://registry.npmjs.org/deepmerge cache-miss
811 silly fetch manifest nprogress@^0.2.0
812 silly packumentCache full:https://registry.npmjs.org/nprogress cache-miss
813 http fetch GET 200 https://registry.npmjs.org/deepmerge 84ms (cache miss)
814 silly packumentCache full:https://registry.npmjs.org/deepmerge set size:undefined disposed:false
815 http fetch GET 200 https://registry.npmjs.org/qs 86ms (cache miss)
816 silly packumentCache full:https://registry.npmjs.org/qs set size:undefined disposed:false
817 http fetch GET 200 https://registry.npmjs.org/nprogress 227ms (cache miss)
818 silly packumentCache full:https://registry.npmjs.org/nprogress set size:undefined disposed:false
819 silly placeDep ROOT deepmerge@4.3.1 OK for: @inertiajs/core@1.3.0 want: ^4.0.0
820 silly placeDep ROOT nprogress@0.2.0 OK for: @inertiajs/core@1.3.0 want: ^0.2.0
821 silly placeDep ROOT qs@6.15.3 OK for: @inertiajs/core@1.3.0 want: ^6.9.0
822 silly fetch manifest side-channel@^1.1.1
823 silly packumentCache full:https://registry.npmjs.org/side-channel cache-miss
824 silly fetch manifest es-define-property@^1.0.1
825 silly packumentCache full:https://registry.npmjs.org/es-define-property cache-miss
826 http fetch GET 200 https://registry.npmjs.org/es-define-property 61ms (cache miss)
827 silly packumentCache full:https://registry.npmjs.org/es-define-property set size:undefined disposed:false
828 http fetch GET 200 https://registry.npmjs.org/side-channel 63ms (cache miss)
829 silly packumentCache full:https://registry.npmjs.org/side-channel set size:undefined disposed:false
830 silly placeDep ROOT tippy.js@6.3.7 OK for: @tippyjs/react@4.2.6 want: ^6.3.1
831 silly placeDep ROOT @babel/core@7.29.7 OK for: @vitejs/plugin-react@4.7.0 want: ^7.28.0
832 silly placeDep ROOT @babel/plugin-transform-react-jsx-self@7.29.7 OK for: @vitejs/plugin-react@4.7.0 want: ^7.27.1
833 silly placeDep ROOT @babel/plugin-transform-react-jsx-source@7.29.7 OK for: @vitejs/plugin-react@4.7.0 want: ^7.27.1
834 silly placeDep ROOT @rolldown/pluginutils@1.0.0-beta.27 OK for: @vitejs/plugin-react@4.7.0 want: 1.0.0-beta.27
835 silly placeDep ROOT @types/babel__core@7.20.5 OK for: @vitejs/plugin-react@4.7.0 want: ^7.20.5
836 silly placeDep ROOT react-refresh@0.17.0 OK for: @vitejs/plugin-react@4.7.0 want: ^0.17.0
837 silly fetch manifest debug@^4.1.0
838 silly packumentCache full:https://registry.npmjs.org/debug cache-miss
839 silly fetch manifest json5@^2.2.3
840 silly packumentCache full:https://registry.npmjs.org/json5 cache-miss
841 silly fetch manifest semver@^6.3.1
842 silly packumentCache full:https://registry.npmjs.org/semver cache-miss
843 silly fetch manifest gensync@^1.0.0-beta.2
844 silly packumentCache full:https://registry.npmjs.org/gensync cache-miss
845 silly fetch manifest @babel/types@^7.29.7
846 silly packumentCache full:https://registry.npmjs.org/@babel%2ftypes cache-miss
847 silly fetch manifest @babel/parser@^7.29.7
848 silly packumentCache full:https://registry.npmjs.org/@babel%2fparser cache-miss
849 silly fetch manifest @babel/helpers@^7.29.7
850 silly packumentCache full:https://registry.npmjs.org/@babel%2fhelpers cache-miss
851 silly fetch manifest @babel/template@^7.29.7
852 silly packumentCache full:https://registry.npmjs.org/@babel%2ftemplate cache-miss
853 silly fetch manifest @babel/traverse@^7.29.7
854 silly packumentCache full:https://registry.npmjs.org/@babel%2ftraverse cache-miss
855 silly fetch manifest @babel/generator@^7.29.7
856 silly packumentCache full:https://registry.npmjs.org/@babel%2fgenerator cache-miss
857 silly fetch manifest @babel/code-frame@^7.29.7
858 silly packumentCache full:https://registry.npmjs.org/@babel%2fcode-frame cache-miss
859 silly fetch manifest convert-source-map@^2.0.0
860 silly packumentCache full:https://registry.npmjs.org/convert-source-map cache-miss
861 silly fetch manifest @jridgewell/remapping@^2.3.5
862 silly packumentCache full:https://registry.npmjs.org/@jridgewell%2fremapping cache-miss
863 silly fetch manifest @babel/helper-module-transforms@^7.29.7
864 silly packumentCache full:https://registry.npmjs.org/@babel%2fhelper-module-transforms cache-miss
865 silly fetch manifest @babel/helper-compilation-targets@^7.29.7
866 silly packumentCache full:https://registry.npmjs.org/@babel%2fhelper-compilation-targets cache-miss
867 http cache https://registry.npmjs.org/semver 19ms (cache hit)
868 silly packumentCache full:https://registry.npmjs.org/semver set size:246069 disposed:false
869 silly fetch manifest @babel/helper-plugin-utils@^7.29.7
870 silly packumentCache full:https://registry.npmjs.org/@babel%2fhelper-plugin-utils cache-miss
871 http cache https://registry.npmjs.org/debug 24ms (cache hit)
872 silly packumentCache full:https://registry.npmjs.org/debug set size:195840 disposed:false
873 silly fetch manifest @babel/helper-plugin-utils@^7.29.7
874 silly packumentCache full:https://registry.npmjs.org/@babel%2fhelper-plugin-utils cache-miss
875 http fetch GET 200 https://registry.npmjs.org/gensync 67ms (cache miss)
876 silly packumentCache full:https://registry.npmjs.org/gensync set size:undefined disposed:false
877 silly fetch manifest @babel/types@^7.20.7
878 silly packumentCache full:https://registry.npmjs.org/@babel%2ftypes cache-miss
879 http fetch GET 200 https://registry.npmjs.org/json5 70ms (cache miss)
880 silly packumentCache full:https://registry.npmjs.org/json5 set size:undefined disposed:false
881 silly fetch manifest @babel/parser@^7.20.7
882 silly packumentCache full:https://registry.npmjs.org/@babel%2fparser cache-miss
883 http fetch GET 200 https://registry.npmjs.org/convert-source-map 76ms (cache miss)
884 silly packumentCache full:https://registry.npmjs.org/convert-source-map set size:undefined disposed:false
885 silly fetch manifest @types/babel__template@*
886 silly packumentCache full:https://registry.npmjs.org/@types%2fbabel__template cache-miss
887 http fetch GET 200 https://registry.npmjs.org/@jridgewell%2fremapping 91ms (cache miss)
888 silly packumentCache full:https://registry.npmjs.org/@jridgewell%2fremapping set size:undefined disposed:false
889 silly fetch manifest @types/babel__traverse@*
890 silly packumentCache full:https://registry.npmjs.org/@types%2fbabel__traverse cache-miss
891 http fetch GET 200 https://registry.npmjs.org/@babel%2fcode-frame 101ms (cache miss)
892 silly packumentCache full:https://registry.npmjs.org/@babel%2fcode-frame set size:undefined disposed:false
893 silly fetch manifest @types/babel__generator@*
894 silly packumentCache full:https://registry.npmjs.org/@types%2fbabel__generator cache-miss
895 http fetch GET 200 https://registry.npmjs.org/@babel%2fhelper-module-transforms 134ms (cache miss)
896 silly packumentCache full:https://registry.npmjs.org/@babel%2fhelper-module-transforms set size:undefined disposed:false
897 http fetch GET 200 https://registry.npmjs.org/@babel%2ftemplate 139ms (cache miss)
898 silly packumentCache full:https://registry.npmjs.org/@babel%2ftemplate set size:undefined disposed:false
899 http fetch GET 200 https://registry.npmjs.org/@babel%2fhelper-plugin-utils 132ms (cache miss)
900 silly packumentCache full:https://registry.npmjs.org/@babel%2fhelper-plugin-utils set size:undefined disposed:false
901 http fetch GET 200 https://registry.npmjs.org/@babel%2fhelper-plugin-utils 136ms (cache miss)
902 silly packumentCache full:https://registry.npmjs.org/@babel%2fhelper-plugin-utils set size:undefined disposed:false
903 http fetch GET 200 https://registry.npmjs.org/@babel%2fhelper-compilation-targets 160ms (cache miss)
904 silly packumentCache full:https://registry.npmjs.org/@babel%2fhelper-compilation-targets set size:undefined disposed:false
905 http fetch GET 200 https://registry.npmjs.org/@babel%2ftypes 189ms (cache miss)
906 silly packumentCache full:https://registry.npmjs.org/@babel%2ftypes set size:undefined disposed:false
907 http fetch GET 200 https://registry.npmjs.org/@babel%2fhelpers 206ms (cache miss)
908 silly packumentCache full:https://registry.npmjs.org/@babel%2fhelpers set size:undefined disposed:false
909 http fetch GET 200 https://registry.npmjs.org/@babel%2ftraverse 242ms (cache miss)
910 silly packumentCache full:https://registry.npmjs.org/@babel%2ftraverse set size:undefined disposed:false
911 http fetch GET 200 https://registry.npmjs.org/@babel%2fparser 257ms (cache miss)
912 silly packumentCache full:https://registry.npmjs.org/@babel%2fparser set size:undefined disposed:false
913 http fetch GET 200 https://registry.npmjs.org/@types%2fbabel__generator 160ms (cache miss)
914 silly packumentCache full:https://registry.npmjs.org/@types%2fbabel__generator set size:undefined disposed:false
915 http fetch GET 200 https://registry.npmjs.org/@types%2fbabel__template 187ms (cache miss)
916 silly packumentCache full:https://registry.npmjs.org/@types%2fbabel__template set size:undefined disposed:false
917 http fetch GET 200 https://registry.npmjs.org/@babel%2fgenerator 266ms (cache miss)
918 silly packumentCache full:https://registry.npmjs.org/@babel%2fgenerator set size:undefined disposed:false
919 http fetch GET 200 https://registry.npmjs.org/@types%2fbabel__traverse 177ms (cache miss)
920 silly packumentCache full:https://registry.npmjs.org/@types%2fbabel__traverse set size:undefined disposed:false
921 http fetch GET 200 https://registry.npmjs.org/@babel%2ftypes 211ms (cache miss)
922 silly packumentCache full:https://registry.npmjs.org/@babel%2ftypes set size:undefined disposed:false
923 http fetch GET 200 https://registry.npmjs.org/@babel%2fparser 216ms (cache miss)
924 silly packumentCache full:https://registry.npmjs.org/@babel%2fparser set size:undefined disposed:false
925 silly fetch manifest @babel/core@^7.0.0
926 silly packumentCache full:https://registry.npmjs.org/@babel%2fcore cache-hit
927 silly placeDep ROOT @babel/code-frame@7.29.7 OK for: @babel/core@7.29.7 want: ^7.29.7
928 silly placeDep ROOT @babel/generator@7.29.8 OK for: @babel/core@7.29.7 want: ^7.29.7
929 silly placeDep ROOT @babel/helper-compilation-targets@7.29.7 OK for: @babel/core@7.29.7 want: ^7.29.7
930 silly placeDep ROOT @babel/helper-module-transforms@7.29.7 OK for: @babel/core@7.29.7 want: ^7.29.7
931 silly placeDep ROOT @babel/helpers@7.29.7 OK for: @babel/core@7.29.7 want: ^7.29.7
932 silly placeDep ROOT @babel/parser@7.29.8 OK for: @babel/core@7.29.7 want: ^7.29.7
933 silly placeDep ROOT @babel/template@7.29.7 OK for: @babel/core@7.29.7 want: ^7.29.7
934 silly placeDep ROOT @babel/traverse@7.29.8 OK for: @babel/core@7.29.7 want: ^7.29.7
935 silly placeDep ROOT @babel/types@7.29.8 OK for: @babel/core@7.29.7 want: ^7.29.7
936 silly placeDep ROOT @jridgewell/remapping@2.3.5 OK for: @babel/core@7.29.7 want: ^2.3.5
937 silly placeDep ROOT convert-source-map@2.0.0 OK for: @babel/core@7.29.7 want: ^2.0.0
938 silly placeDep ROOT debug@4.4.3 OK for: @babel/core@7.29.7 want: ^4.1.0
939 silly placeDep ROOT gensync@1.0.0-beta.2 OK for: @babel/core@7.29.7 want: ^1.0.0-beta.2
940 silly placeDep ROOT json5@2.2.3 OK for: @babel/core@7.29.7 want: ^2.2.3
941 silly placeDep ROOT semver@6.3.1 OK for: @babel/core@7.29.7 want: ^6.3.1
942 silly fetch manifest js-tokens@^4.0.0
943 silly packumentCache full:https://registry.npmjs.org/js-tokens cache-miss
944 silly fetch manifest @babel/helper-validator-identifier@^7.29.7
945 silly packumentCache full:https://registry.npmjs.org/@babel%2fhelper-validator-identifier cache-miss
946 silly fetch manifest jsesc@^3.0.2
947 silly packumentCache full:https://registry.npmjs.org/jsesc cache-miss
948 silly fetch manifest @babel/types@^7.29.8
949 silly packumentCache full:https://registry.npmjs.org/@babel%2ftypes cache-miss
950 silly fetch manifest @babel/parser@^7.29.8
951 silly packumentCache full:https://registry.npmjs.org/@babel%2fparser cache-miss
952 silly fetch manifest @jridgewell/gen-mapping@^0.3.12
953 silly packumentCache full:https://registry.npmjs.org/@jridgewell%2fgen-mapping cache-miss
954 silly fetch manifest @jridgewell/trace-mapping@^0.3.28
955 silly packumentCache full:https://registry.npmjs.org/@jridgewell%2ftrace-mapping cache-miss
956 silly fetch manifest lru-cache@^5.1.1
957 silly packumentCache full:https://registry.npmjs.org/lru-cache cache-miss
958 silly fetch manifest browserslist@^4.24.0
959 silly packumentCache full:https://registry.npmjs.org/browserslist cache-miss
960 silly fetch manifest @babel/compat-data@^7.29.7
961 silly packumentCache full:https://registry.npmjs.org/@babel%2fcompat-data cache-miss
962 silly fetch manifest @babel/helper-validator-option@^7.29.7
963 silly packumentCache full:https://registry.npmjs.org/@babel%2fhelper-validator-option cache-miss
964 silly fetch manifest @babel/helper-module-imports@^7.29.7
965 silly packumentCache full:https://registry.npmjs.org/@babel%2fhelper-module-imports cache-miss
966 silly fetch manifest @babel/helper-validator-identifier@^7.29.7
967 silly packumentCache full:https://registry.npmjs.org/@babel%2fhelper-validator-identifier cache-miss
968 silly fetch manifest @babel/types@^7.29.8
969 silly packumentCache full:https://registry.npmjs.org/@babel%2ftypes cache-miss
970 silly fetch manifest debug@^4.3.1
971 silly packumentCache full:https://registry.npmjs.org/debug cache-hit
972 silly fetch manifest @babel/types@^7.29.8
973 silly packumentCache full:https://registry.npmjs.org/@babel%2ftypes cache-miss
974 http cache https://registry.npmjs.org/@babel%2ftypes 27ms (cache hit)
975 silly packumentCache full:https://registry.npmjs.org/@babel%2ftypes set size:502939 disposed:false
976 silly fetch manifest @babel/helper-globals@^7.29.7
977 silly packumentCache full:https://registry.npmjs.org/@babel%2fhelper-globals cache-miss
978 http cache https://registry.npmjs.org/browserslist 32ms (cache hit)
979 silly packumentCache full:https://registry.npmjs.org/browserslist set size:516369 disposed:false
980 silly fetch manifest @babel/helper-string-parser@^7.29.7
981 silly packumentCache full:https://registry.npmjs.org/@babel%2fhelper-string-parser cache-miss
982 http cache https://registry.npmjs.org/@babel%2fparser 38ms (cache hit)
983 silly packumentCache full:https://registry.npmjs.org/@babel%2fparser set size:737962 disposed:false
984 silly fetch manifest @babel/helper-validator-identifier@^7.29.7
985 silly packumentCache full:https://registry.npmjs.org/@babel%2fhelper-validator-identifier cache-miss
986 http cache https://registry.npmjs.org/@babel%2ftypes 43ms (cache hit)
987 silly packumentCache full:https://registry.npmjs.org/@babel%2ftypes set size:502939 disposed:false
988 silly packumentCache full:https://registry.npmjs.org/@babel%2ftypes dispose
989 silly fetch manifest @jridgewell/gen-mapping@^0.3.5
990 silly packumentCache full:https://registry.npmjs.org/@jridgewell%2fgen-mapping cache-miss
991 http cache https://registry.npmjs.org/@babel%2ftypes 48ms (cache hit)
992 silly packumentCache full:https://registry.npmjs.org/@babel%2ftypes set size:502939 disposed:true
993 silly packumentCache full:https://registry.npmjs.org/@babel%2ftypes dispose
994 silly fetch manifest @jridgewell/trace-mapping@^0.3.24
995 silly packumentCache full:https://registry.npmjs.org/@jridgewell%2ftrace-mapping cache-miss
996 http fetch GET 200 https://registry.npmjs.org/js-tokens 82ms (cache miss)
997 silly packumentCache full:https://registry.npmjs.org/js-tokens set size:undefined disposed:false
998 silly fetch manifest ms@^2.1.3
999 silly packumentCache full:https://registry.npmjs.org/ms cache-miss
1000 http fetch GET 200 https://registry.npmjs.org/jsesc 84ms (cache miss)
1001 silly packumentCache full:https://registry.npmjs.org/jsesc set size:undefined disposed:false
1002 http fetch GET 200 https://registry.npmjs.org/@babel%2fhelper-validator-identifier 89ms (cache miss)
1003 silly packumentCache full:https://registry.npmjs.org/@babel%2fhelper-validator-identifier set size:undefined disposed:false
1004 http fetch GET 200 https://registry.npmjs.org/@jridgewell%2ftrace-mapping 100ms (cache miss)
1005 silly packumentCache full:https://registry.npmjs.org/@jridgewell%2ftrace-mapping set size:undefined disposed:false
1006 http fetch GET 200 https://registry.npmjs.org/@babel%2fhelper-module-imports 107ms (cache miss)
1007 silly packumentCache full:https://registry.npmjs.org/@babel%2fhelper-module-imports set size:undefined disposed:false
1008 http fetch GET 200 https://registry.npmjs.org/@babel%2fhelper-globals 88ms (cache miss)
1009 silly packumentCache full:https://registry.npmjs.org/@babel%2fhelper-globals set size:undefined disposed:false
1010 http fetch GET 200 https://registry.npmjs.org/@babel%2fhelper-validator-identifier 124ms (cache miss)
1011 silly packumentCache full:https://registry.npmjs.org/@babel%2fhelper-validator-identifier set size:undefined disposed:false
1012 http fetch GET 200 https://registry.npmjs.org/@babel%2fhelper-validator-option 128ms (cache miss)
1013 silly packumentCache full:https://registry.npmjs.org/@babel%2fhelper-validator-option set size:undefined disposed:false
1014 http fetch GET 200 https://registry.npmjs.org/lru-cache 171ms (cache miss)
1015 silly packumentCache full:https://registry.npmjs.org/lru-cache set size:undefined disposed:false
1016 http fetch GET 200 https://registry.npmjs.org/@babel%2fhelper-validator-identifier 136ms (cache miss)
1017 silly packumentCache full:https://registry.npmjs.org/@babel%2fhelper-validator-identifier set size:undefined disposed:false
1018 http fetch GET 200 https://registry.npmjs.org/@babel%2fhelper-string-parser 144ms (cache miss)
1019 silly packumentCache full:https://registry.npmjs.org/@babel%2fhelper-string-parser set size:undefined disposed:false
1020 http fetch GET 200 https://registry.npmjs.org/@babel%2fcompat-data 183ms (cache miss)
1021 silly packumentCache full:https://registry.npmjs.org/@babel%2fcompat-data set size:undefined disposed:false
1022 http fetch GET 200 https://registry.npmjs.org/@jridgewell%2fgen-mapping 190ms (cache miss)
1023 silly packumentCache full:https://registry.npmjs.org/@jridgewell%2fgen-mapping set size:undefined disposed:false
1024 http fetch GET 200 https://registry.npmjs.org/@jridgewell%2fgen-mapping 142ms (cache miss)
1025 silly packumentCache full:https://registry.npmjs.org/@jridgewell%2fgen-mapping set size:undefined disposed:false
1026 http fetch GET 200 https://registry.npmjs.org/@jridgewell%2ftrace-mapping 142ms (cache miss)
1027 silly packumentCache full:https://registry.npmjs.org/@jridgewell%2ftrace-mapping set size:undefined disposed:false
1028 http fetch GET 200 https://registry.npmjs.org/ms 118ms (cache miss)
1029 silly packumentCache full:https://registry.npmjs.org/ms set size:undefined disposed:false
1030 silly placeDep ROOT @babel/helper-validator-identifier@7.29.7 OK for: @babel/code-frame@7.29.7 want: ^7.29.7
1031 silly placeDep ROOT js-tokens@4.0.0 OK for: @babel/code-frame@7.29.7 want: ^4.0.0
1032 silly placeDep ROOT picocolors@1.1.1 OK for: @babel/code-frame@7.29.7 want: ^1.1.1
1033 silly placeDep ROOT @jridgewell/gen-mapping@0.3.13 OK for: @babel/generator@7.29.8 want: ^0.3.12
1034 silly placeDep ROOT @jridgewell/trace-mapping@0.3.31 OK for: @babel/generator@7.29.8 want: ^0.3.28
1035 silly placeDep ROOT jsesc@3.1.0 OK for: @babel/generator@7.29.8 want: ^3.0.2
1036 silly fetch manifest @jridgewell/sourcemap-codec@^1.5.0
1037 silly packumentCache full:https://registry.npmjs.org/@jridgewell%2fsourcemap-codec cache-miss
1038 silly fetch manifest @jridgewell/resolve-uri@^3.1.0
1039 silly packumentCache full:https://registry.npmjs.org/@jridgewell%2fresolve-uri cache-miss
1040 silly fetch manifest @jridgewell/sourcemap-codec@^1.4.14
1041 silly packumentCache full:https://registry.npmjs.org/@jridgewell%2fsourcemap-codec cache-miss
1042 http fetch GET 200 https://registry.npmjs.org/@jridgewell%2fsourcemap-codec 83ms (cache miss)
1043 silly packumentCache full:https://registry.npmjs.org/@jridgewell%2fsourcemap-codec set size:undefined disposed:false
1044 http fetch GET 200 https://registry.npmjs.org/@jridgewell%2fresolve-uri 103ms (cache miss)
1045 silly packumentCache full:https://registry.npmjs.org/@jridgewell%2fresolve-uri set size:undefined disposed:false
1046 http fetch GET 200 https://registry.npmjs.org/@jridgewell%2fsourcemap-codec 246ms (cache miss)
1047 silly packumentCache full:https://registry.npmjs.org/@jridgewell%2fsourcemap-codec set size:undefined disposed:false
1048 silly placeDep ROOT @babel/compat-data@7.29.7 OK for: @babel/helper-compilation-targets@7.29.7 want: ^7.29.7
1049 silly placeDep ROOT @babel/helper-validator-option@7.29.7 OK for: @babel/helper-compilation-targets@7.29.7 want: ^7.29.7
1050 silly placeDep ROOT browserslist@4.28.7 OK for: @babel/helper-compilation-targets@7.29.7 want: ^4.24.0
1051 silly placeDep ROOT lru-cache@5.1.1 OK for: @babel/helper-compilation-targets@7.29.7 want: ^5.1.1
1052 silly fetch manifest node-releases@^2.0.51
1053 silly packumentCache full:https://registry.npmjs.org/node-releases cache-miss
1054 silly fetch manifest electron-to-chromium@^1.5.393
1055 silly packumentCache full:https://registry.npmjs.org/electron-to-chromium cache-miss
1056 silly fetch manifest update-browserslist-db@^1.2.3
1057 silly packumentCache full:https://registry.npmjs.org/update-browserslist-db cache-miss
1058 silly fetch manifest baseline-browser-mapping@^2.10.44
1059 silly packumentCache full:https://registry.npmjs.org/baseline-browser-mapping cache-miss
1060 silly fetch manifest yallist@^3.0.2
1061 silly packumentCache full:https://registry.npmjs.org/yallist cache-miss
1062 http fetch GET 200 https://registry.npmjs.org/yallist 68ms (cache miss)
1063 silly packumentCache full:https://registry.npmjs.org/yallist set size:undefined disposed:false
1064 http fetch GET 200 https://registry.npmjs.org/node-releases 90ms (cache miss)
1065 silly packumentCache full:https://registry.npmjs.org/node-releases set size:undefined disposed:false
1066 http fetch GET 200 https://registry.npmjs.org/update-browserslist-db 93ms (cache miss)
1067 silly packumentCache full:https://registry.npmjs.org/update-browserslist-db set size:undefined disposed:false
1068 http fetch GET 200 https://registry.npmjs.org/baseline-browser-mapping 106ms (cache miss)
1069 silly packumentCache full:https://registry.npmjs.org/baseline-browser-mapping set size:undefined disposed:false
1070 http fetch GET 200 https://registry.npmjs.org/electron-to-chromium 341ms (cache miss)
1071 silly packumentCache full:https://registry.npmjs.org/electron-to-chromium set size:undefined disposed:false
1072 silly placeDep ROOT @babel/helper-module-imports@7.29.7 OK for: @babel/helper-module-transforms@7.29.7 want: ^7.29.7
1073 silly placeDep ROOT @babel/helper-plugin-utils@7.29.7 OK for: @babel/plugin-transform-react-jsx-self@7.29.7 want: ^7.29.7
1074 silly placeDep ROOT @babel/helper-globals@7.29.7 OK for: @babel/traverse@7.29.8 want: ^7.29.7
1075 silly placeDep ROOT @babel/helper-string-parser@7.29.7 OK for: @babel/types@7.29.8 want: ^7.29.7
1076 silly placeDep ROOT @jridgewell/sourcemap-codec@1.5.5 OK for: @jridgewell/gen-mapping@0.3.13 want: ^1.5.0
1077 silly placeDep ROOT @jridgewell/resolve-uri@3.1.2 OK for: @jridgewell/trace-mapping@0.3.31 want: ^3.1.0
1078 silly placeDep ROOT @types/babel__generator@7.27.0 OK for: @types/babel__core@7.20.5 want: *
1079 silly placeDep ROOT @types/babel__template@7.4.4 OK for: @types/babel__core@7.20.5 want: *
1080 silly placeDep ROOT @types/babel__traverse@7.28.0 OK for: @types/babel__core@7.20.5 want: *
1081 silly placeDep ROOT caniuse-lite@1.0.30001806 OK for: autoprefixer@10.5.4 want: ^1.0.30001806
1082 silly placeDep ROOT fraction.js@5.3.4 OK for: autoprefixer@10.5.4 want: ^5.3.4
1083 silly placeDep ROOT postcss-value-parser@4.2.0 OK for: autoprefixer@10.5.4 want: ^4.2.0
1084 silly placeDep ROOT follow-redirects@1.16.0 OK for: axios@1.19.0 want: ^1.16.0
1085 silly placeDep ROOT form-data@4.0.6 OK for: axios@1.19.0 want: ^4.0.6
1086 silly placeDep ROOT https-proxy-agent@5.0.1 OK for: axios@1.19.0 want: ^5.0.1
1087 silly placeDep ROOT proxy-from-env@2.1.0 OK for: axios@1.19.0 want: ^2.1.0
1088 silly fetch manifest hasown@^2.0.4
1089 silly packumentCache full:https://registry.npmjs.org/hasown cache-miss
1090 silly fetch manifest asynckit@^0.4.0
1091 silly packumentCache full:https://registry.npmjs.org/asynckit cache-miss
1092 silly fetch manifest mime-types@^2.1.35
1093 silly packumentCache full:https://registry.npmjs.org/mime-types cache-miss
1094 silly fetch manifest combined-stream@^1.0.8
1095 silly packumentCache full:https://registry.npmjs.org/combined-stream cache-miss
1096 silly fetch manifest es-set-tostringtag@^2.1.0
1097 silly packumentCache full:https://registry.npmjs.org/es-set-tostringtag cache-miss
1098 silly fetch manifest agent-base@6
1099 silly packumentCache full:https://registry.npmjs.org/agent-base cache-miss
1100 http fetch GET 200 https://registry.npmjs.org/es-set-tostringtag 74ms (cache miss)
1101 silly packumentCache full:https://registry.npmjs.org/es-set-tostringtag set size:undefined disposed:false
1102 http fetch GET 200 https://registry.npmjs.org/hasown 77ms (cache miss)
1103 silly packumentCache full:https://registry.npmjs.org/hasown set size:undefined disposed:false
1104 http fetch GET 200 https://registry.npmjs.org/agent-base 76ms (cache miss)
1105 silly packumentCache full:https://registry.npmjs.org/agent-base set size:undefined disposed:false
1106 http fetch GET 200 https://registry.npmjs.org/asynckit 80ms (cache miss)
1107 silly packumentCache full:https://registry.npmjs.org/asynckit set size:undefined disposed:false
1108 http fetch GET 200 https://registry.npmjs.org/combined-stream 83ms (cache miss)
1109 silly packumentCache full:https://registry.npmjs.org/combined-stream set size:undefined disposed:false
1110 http fetch GET 200 https://registry.npmjs.org/mime-types 88ms (cache miss)
1111 silly packumentCache full:https://registry.npmjs.org/mime-types set size:undefined disposed:false
1112 silly fetch manifest browserslist@>= 4.21.0
1113 silly packumentCache full:https://registry.npmjs.org/browserslist cache-hit
1114 silly placeDep ROOT baseline-browser-mapping@2.11.8 OK for: browserslist@4.28.7 want: ^2.10.44
1115 silly placeDep ROOT electron-to-chromium@1.5.399 OK for: browserslist@4.28.7 want: ^1.5.393
1116 silly placeDep ROOT node-releases@2.0.51 OK for: browserslist@4.28.7 want: ^2.0.51
1117 silly placeDep ROOT update-browserslist-db@1.2.3 OK for: browserslist@4.28.7 want: ^1.2.3
1118 silly fetch manifest escalade@^3.2.0
1119 silly packumentCache full:https://registry.npmjs.org/escalade cache-miss
1120 http fetch GET 200 https://registry.npmjs.org/escalade 57ms (cache miss)
1121 silly packumentCache full:https://registry.npmjs.org/escalade set size:undefined disposed:false
1122 silly placeDep ROOT @kurkle/color@0.3.4 OK for: chart.js@4.5.1 want: ^0.3.0
1123 silly placeDep ROOT ms@2.1.3 OK for: debug@4.4.3 want: ^2.1.3
1124 silly placeDep ROOT asynckit@0.4.0 OK for: form-data@4.0.6 want: ^0.4.0
1125 silly placeDep ROOT combined-stream@1.0.8 OK for: form-data@4.0.6 want: ^1.0.8
1126 silly placeDep ROOT es-set-tostringtag@2.1.0 OK for: form-data@4.0.6 want: ^2.1.0
1127 silly placeDep ROOT hasown@2.0.4 OK for: form-data@4.0.6 want: ^2.0.4
1128 silly placeDep ROOT mime-types@2.1.35 OK for: form-data@4.0.6 want: ^2.1.35
1129 silly fetch manifest delayed-stream@~1.0.0
1130 silly packumentCache full:https://registry.npmjs.org/delayed-stream cache-miss
1131 silly fetch manifest es-errors@^1.3.0
1132 silly packumentCache full:https://registry.npmjs.org/es-errors cache-miss
1133 silly fetch manifest get-intrinsic@^1.2.6
1134 silly packumentCache full:https://registry.npmjs.org/get-intrinsic cache-miss
1135 silly fetch manifest has-tostringtag@^1.0.2
1136 silly packumentCache full:https://registry.npmjs.org/has-tostringtag cache-miss
1137 silly fetch manifest hasown@^2.0.2
1138 silly packumentCache full:https://registry.npmjs.org/hasown cache-miss
1139 silly fetch manifest function-bind@^1.1.2
1140 silly packumentCache full:https://registry.npmjs.org/function-bind cache-miss
1141 silly fetch manifest mime-db@1.52.0
1142 silly packumentCache full:https://registry.npmjs.org/mime-db cache-miss
1143 http cache https://registry.npmjs.org/hasown 9ms (cache hit)
1144 silly packumentCache full:https://registry.npmjs.org/hasown set size:18361 disposed:false
1145 http fetch GET 200 https://registry.npmjs.org/es-errors 63ms (cache miss)
1146 silly packumentCache full:https://registry.npmjs.org/es-errors set size:undefined disposed:false
1147 http fetch GET 200 https://registry.npmjs.org/delayed-stream 66ms (cache miss)
1148 silly packumentCache full:https://registry.npmjs.org/delayed-stream set size:undefined disposed:false
1149 http fetch GET 200 https://registry.npmjs.org/has-tostringtag 67ms (cache miss)
1150 silly packumentCache full:https://registry.npmjs.org/has-tostringtag set size:undefined disposed:false
1151 http fetch GET 200 https://registry.npmjs.org/function-bind 72ms (cache miss)
1152 silly packumentCache full:https://registry.npmjs.org/function-bind set size:undefined disposed:false
1153 http fetch GET 200 https://registry.npmjs.org/get-intrinsic 74ms (cache miss)
1154 silly packumentCache full:https://registry.npmjs.org/get-intrinsic set size:undefined disposed:false
1155 http fetch GET 200 https://registry.npmjs.org/mime-db 91ms (cache miss)
1156 silly packumentCache full:https://registry.npmjs.org/mime-db set size:undefined disposed:false
1157 silly placeDep ROOT delayed-stream@1.0.0 OK for: combined-stream@1.0.8 want: ~1.0.0
1158 silly placeDep ROOT es-errors@1.3.0 OK for: es-set-tostringtag@2.1.0 want: ^1.3.0
1159 silly placeDep ROOT get-intrinsic@1.3.0 OK for: es-set-tostringtag@2.1.0 want: ^1.2.6
1160 silly placeDep ROOT has-tostringtag@1.0.2 OK for: es-set-tostringtag@2.1.0 want: ^1.0.2
1161 silly fetch manifest gopd@^1.2.0
1162 silly packumentCache full:https://registry.npmjs.org/gopd cache-miss
1163 silly fetch manifest get-proto@^1.0.1
1164 silly packumentCache full:https://registry.npmjs.org/get-proto cache-miss
1165 silly fetch manifest has-symbols@^1.1.0
1166 silly packumentCache full:https://registry.npmjs.org/has-symbols cache-miss
1167 silly fetch manifest es-object-atoms@^1.1.1
1168 silly packumentCache full:https://registry.npmjs.org/es-object-atoms cache-miss
1169 silly fetch manifest math-intrinsics@^1.1.0
1170 silly packumentCache full:https://registry.npmjs.org/math-intrinsics cache-miss
1171 silly fetch manifest call-bind-apply-helpers@^1.0.2
1172 silly packumentCache full:https://registry.npmjs.org/call-bind-apply-helpers cache-miss
1173 silly fetch manifest has-symbols@^1.0.3
1174 silly packumentCache full:https://registry.npmjs.org/has-symbols cache-miss
1175 http fetch GET 200 https://registry.npmjs.org/get-proto 66ms (cache miss)
1176 silly packumentCache full:https://registry.npmjs.org/get-proto set size:undefined disposed:false
1177 http fetch GET 200 https://registry.npmjs.org/gopd 68ms (cache miss)
1178 silly packumentCache full:https://registry.npmjs.org/gopd set size:undefined disposed:false
1179 http fetch GET 200 https://registry.npmjs.org/math-intrinsics 68ms (cache miss)
1180 silly packumentCache full:https://registry.npmjs.org/math-intrinsics set size:undefined disposed:false
1181 http fetch GET 200 https://registry.npmjs.org/call-bind-apply-helpers 68ms (cache miss)
1182 silly packumentCache full:https://registry.npmjs.org/call-bind-apply-helpers set size:undefined disposed:false
1183 http fetch GET 200 https://registry.npmjs.org/es-object-atoms 71ms (cache miss)
1184 silly packumentCache full:https://registry.npmjs.org/es-object-atoms set size:undefined disposed:false
1185 http fetch GET 200 https://registry.npmjs.org/has-symbols 72ms (cache miss)
1186 silly packumentCache full:https://registry.npmjs.org/has-symbols set size:undefined disposed:false
1187 http fetch GET 200 https://registry.npmjs.org/has-symbols 73ms (cache miss)
1188 silly packumentCache full:https://registry.npmjs.org/has-symbols set size:undefined disposed:false
1189 silly placeDep ROOT call-bind-apply-helpers@1.0.2 OK for: get-intrinsic@1.3.0 want: ^1.0.2
1190 silly placeDep ROOT es-define-property@1.0.1 OK for: get-intrinsic@1.3.0 want: ^1.0.1
1191 silly placeDep ROOT es-object-atoms@1.1.2 OK for: get-intrinsic@1.3.0 want: ^1.1.1
1192 silly placeDep ROOT function-bind@1.1.2 OK for: get-intrinsic@1.3.0 want: ^1.1.2
1193 silly placeDep ROOT get-proto@1.0.1 OK for: get-intrinsic@1.3.0 want: ^1.0.1
1194 silly placeDep ROOT gopd@1.2.0 OK for: get-intrinsic@1.3.0 want: ^1.2.0
1195 silly placeDep ROOT has-symbols@1.1.0 OK for: get-intrinsic@1.3.0 want: ^1.1.0
1196 silly placeDep ROOT math-intrinsics@1.1.0 OK for: get-intrinsic@1.3.0 want: ^1.1.0
1197 silly fetch manifest dunder-proto@^1.0.1
1198 silly packumentCache full:https://registry.npmjs.org/dunder-proto cache-miss
1199 http fetch GET 200 https://registry.npmjs.org/dunder-proto 67ms (cache miss)
1200 silly packumentCache full:https://registry.npmjs.org/dunder-proto set size:undefined disposed:false
1201 silly placeDep ROOT dunder-proto@1.0.1 OK for: get-proto@1.0.1 want: ^1.0.1
1202 silly placeDep ROOT agent-base@6.0.2 OK for: https-proxy-agent@5.0.1 want: 6
1203 silly placeDep ROOT @babel/runtime@7.29.7 OK for: jspdf@4.2.1 want: ^7.28.6
1204 silly placeDep ROOT canvg@3.0.11 OK for: jspdf@4.2.1 want: ^3.0.11
1205 silly placeDep ROOT core-js@3.49.0 OK for: jspdf@4.2.1 want: ^3.6.0
1206 silly placeDep ROOT dompurify@3.4.12 OK for: jspdf@4.2.1 want: ^3.3.1
1207 silly placeDep ROOT fast-png@6.4.0 OK for: jspdf@4.2.1 want: ^6.2.0
1208 silly placeDep ROOT fflate@0.8.3 OK for: jspdf@4.2.1 want: ^0.8.1
1209 silly placeDep ROOT html2canvas@1.4.1 OK for: jspdf@4.2.1 want: ^1.0.0-rc.5
1210 silly fetch manifest raf@^3.4.1
1211 silly packumentCache full:https://registry.npmjs.org/raf cache-miss
1212 silly fetch manifest core-js@^3.8.3
1213 silly packumentCache full:https://registry.npmjs.org/core-js cache-miss
1214 silly fetch manifest rgbcolor@^1.0.1
1215 silly packumentCache full:https://registry.npmjs.org/rgbcolor cache-miss
1216 silly fetch manifest @types/raf@^3.4.0
1217 silly packumentCache full:https://registry.npmjs.org/@types%2fraf cache-miss
1218 silly fetch manifest svg-pathdata@^6.0.3
1219 silly packumentCache full:https://registry.npmjs.org/svg-pathdata cache-miss
1220 silly fetch manifest stackblur-canvas@^2.0.0
1221 silly packumentCache full:https://registry.npmjs.org/stackblur-canvas cache-miss
1222 silly fetch manifest regenerator-runtime@^0.13.7
1223 silly packumentCache full:https://registry.npmjs.org/regenerator-runtime cache-miss
1224 silly fetch manifest @types/trusted-types@^2.0.7
1225 silly packumentCache full:https://registry.npmjs.org/@types%2ftrusted-types cache-miss
1226 silly fetch manifest pako@^2.1.0
1227 silly packumentCache full:https://registry.npmjs.org/pako cache-miss
1228 silly fetch manifest iobuffer@^5.3.2
1229 silly packumentCache full:https://registry.npmjs.org/iobuffer cache-miss
1230 silly fetch manifest @types/pako@^2.0.3
1231 silly packumentCache full:https://registry.npmjs.org/@types%2fpako cache-miss
1232 silly fetch manifest css-line-break@^2.1.0
1233 silly packumentCache full:https://registry.npmjs.org/css-line-break cache-miss
1234 silly fetch manifest text-segmentation@^1.0.3
1235 silly packumentCache full:https://registry.npmjs.org/text-segmentation cache-miss
1236 http cache https://registry.npmjs.org/core-js 17ms (cache hit)
1237 silly packumentCache full:https://registry.npmjs.org/core-js set size:814557 disposed:false
1238 http fetch GET 200 https://registry.npmjs.org/rgbcolor 116ms (cache miss)
1239 silly packumentCache full:https://registry.npmjs.org/rgbcolor set size:undefined disposed:false
1240 http fetch GET 200 https://registry.npmjs.org/pako 115ms (cache miss)
1241 silly packumentCache full:https://registry.npmjs.org/pako set size:undefined disposed:false
1242 http fetch GET 200 https://registry.npmjs.org/text-segmentation 116ms (cache miss)
1243 silly packumentCache full:https://registry.npmjs.org/text-segmentation set size:undefined disposed:false
1244 http fetch GET 200 https://registry.npmjs.org/stackblur-canvas 119ms (cache miss)
1245 silly packumentCache full:https://registry.npmjs.org/stackblur-canvas set size:undefined disposed:false
1246 http fetch GET 200 https://registry.npmjs.org/@types%2fraf 121ms (cache miss)
1247 silly packumentCache full:https://registry.npmjs.org/@types%2fraf set size:undefined disposed:false
1248 http fetch GET 200 https://registry.npmjs.org/regenerator-runtime 124ms (cache miss)
1249 silly packumentCache full:https://registry.npmjs.org/regenerator-runtime set size:undefined disposed:false
1250 http fetch GET 200 https://registry.npmjs.org/@types%2ftrusted-types 125ms (cache miss)
1251 silly packumentCache full:https://registry.npmjs.org/@types%2ftrusted-types set size:undefined disposed:false
1252 http fetch GET 200 https://registry.npmjs.org/css-line-break 126ms (cache miss)
1253 silly packumentCache full:https://registry.npmjs.org/css-line-break set size:undefined disposed:false
1254 http fetch GET 200 https://registry.npmjs.org/svg-pathdata 131ms (cache miss)
1255 silly packumentCache full:https://registry.npmjs.org/svg-pathdata set size:undefined disposed:false
1256 http fetch GET 200 https://registry.npmjs.org/raf 249ms (cache miss)
1257 silly packumentCache full:https://registry.npmjs.org/raf set size:undefined disposed:false
1258 http fetch GET 200 https://registry.npmjs.org/@types%2fpako 250ms (cache miss)
1259 silly packumentCache full:https://registry.npmjs.org/@types%2fpako set size:undefined disposed:false
1260 http fetch GET 200 https://registry.npmjs.org/iobuffer 255ms (cache miss)
1261 silly packumentCache full:https://registry.npmjs.org/iobuffer set size:undefined disposed:false
1262 silly placeDep ROOT @types/raf@3.4.3 OK for: canvg@3.0.11 want: ^3.4.0
1263 silly placeDep ROOT raf@3.4.1 OK for: canvg@3.0.11 want: ^3.4.1
1264 silly placeDep ROOT regenerator-runtime@0.13.11 OK for: canvg@3.0.11 want: ^0.13.7
1265 silly placeDep ROOT rgbcolor@1.0.1 OK for: canvg@3.0.11 want: ^1.0.1
1266 silly placeDep ROOT stackblur-canvas@2.7.0 OK for: canvg@3.0.11 want: ^2.0.0
1267 silly placeDep ROOT svg-pathdata@6.0.3 OK for: canvg@3.0.11 want: ^6.0.3
1268 silly fetch manifest performance-now@^2.1.0
1269 silly packumentCache full:https://registry.npmjs.org/performance-now cache-miss
1270 http fetch GET 200 https://registry.npmjs.org/performance-now 61ms (cache miss)
1271 silly packumentCache full:https://registry.npmjs.org/performance-now set size:undefined disposed:false
1272 silly placeDep ROOT @types/trusted-types@2.0.7 OK for: dompurify@3.4.12 want: ^2.0.7
1273 silly placeDep ROOT @types/pako@2.0.4 OK for: fast-png@6.4.0 want: ^2.0.3
1274 silly placeDep ROOT iobuffer@5.4.0 OK for: fast-png@6.4.0 want: ^5.3.2
1275 silly placeDep ROOT pako@2.2.0 OK for: fast-png@6.4.0 want: ^2.1.0
1276 silly placeDep ROOT css-line-break@2.1.0 OK for: html2canvas@1.4.1 want: ^2.1.0
1277 silly placeDep ROOT text-segmentation@1.0.3 OK for: html2canvas@1.4.1 want: ^1.0.3
1278 silly fetch manifest utrie@^1.0.2
1279 silly packumentCache full:https://registry.npmjs.org/utrie cache-miss
1280 silly fetch manifest utrie@^1.0.2
1281 silly packumentCache full:https://registry.npmjs.org/utrie cache-miss
1282 http fetch GET 200 https://registry.npmjs.org/utrie 59ms (cache miss)
1283 silly packumentCache full:https://registry.npmjs.org/utrie set size:undefined disposed:false
1284 http fetch GET 200 https://registry.npmjs.org/utrie 61ms (cache miss)
1285 silly packumentCache full:https://registry.npmjs.org/utrie set size:undefined disposed:false
1286 silly placeDep ROOT utrie@1.0.2 OK for: css-line-break@2.1.0 want: ^1.0.2
1287 silly fetch manifest base64-arraybuffer@^1.0.2
1288 silly packumentCache full:https://registry.npmjs.org/base64-arraybuffer cache-miss
1289 http fetch GET 200 https://registry.npmjs.org/base64-arraybuffer 60ms (cache miss)
1290 silly packumentCache full:https://registry.npmjs.org/base64-arraybuffer set size:undefined disposed:false
1291 silly fetch manifest postcss@^8.3.11
1292 silly packumentCache full:https://registry.npmjs.org/postcss cache-hit
1293 silly fetch manifest @types/webpack@>4.41.31
1294 silly packumentCache full:https://registry.npmjs.org/@types%2fwebpack cache-miss
1295 http fetch GET 200 https://registry.npmjs.org/@types%2fwebpack 251ms (cache miss)
1296 silly packumentCache full:https://registry.npmjs.org/@types%2fwebpack set size:undefined disposed:false
1297 silly fetch manifest ts-node@>=9.0.0
1298 silly packumentCache full:https://registry.npmjs.org/ts-node cache-miss
1299 http fetch GET 200 https://registry.npmjs.org/ts-node 108ms (cache miss)
1300 silly packumentCache full:https://registry.npmjs.org/ts-node set size:undefined disposed:false
1301 silly fetch manifest @swc/core@>=1.2.50
1302 silly packumentCache full:https://registry.npmjs.org/@swc%2fcore cache-miss
1303 http fetch GET 200 https://registry.npmjs.org/@swc%2fcore 425ms (cache miss)
1304 silly packumentCache full:https://registry.npmjs.org/@swc%2fcore set size:undefined disposed:false
1305 silly fetch manifest @swc/helpers@>=0.5.17
1306 silly packumentCache full:https://registry.npmjs.org/@swc%2fhelpers cache-miss
1307 http fetch GET 200 https://registry.npmjs.org/@swc%2fhelpers 95ms (cache miss)
1308 silly packumentCache full:https://registry.npmjs.org/@swc%2fhelpers set size:undefined disposed:false
1309 silly fetch manifest @swc/wasm@>=1.2.50
1310 silly packumentCache full:https://registry.npmjs.org/@swc%2fwasm cache-miss
1311 http fetch GET 200 https://registry.npmjs.org/@swc%2fwasm 346ms (cache miss)
1312 silly packumentCache full:https://registry.npmjs.org/@swc%2fwasm set size:undefined disposed:false
1313 silly fetch manifest @types/node@*
1314 silly packumentCache full:https://registry.npmjs.org/@types%2fnode cache-miss
1315 http cache https://registry.npmjs.org/@types%2fnode 28ms (cache hit)
1316 silly packumentCache full:https://registry.npmjs.org/@types%2fnode set size:11084776 disposed:false
1317 silly fetch manifest typescript@>=2.7
1318 silly packumentCache full:https://registry.npmjs.org/typescript cache-miss
1319 http fetch GET 200 https://registry.npmjs.org/typescript 531ms (cache miss)
1320 silly packumentCache full:https://registry.npmjs.org/typescript set size:undefined disposed:false
1321 silly placeDep ROOT @babel/plugin-proposal-object-rest-spread@7.20.7 OK for: laravel-mix@6.0.49 want: ^7.15.6
1322 silly placeDep ROOT @babel/plugin-syntax-dynamic-import@7.8.3 OK for: laravel-mix@6.0.49 want: ^7.8.3
1323 silly placeDep ROOT @babel/plugin-transform-runtime@7.29.7 OK for: laravel-mix@6.0.49 want: ^7.15.8
1324 silly placeDep ROOT @babel/preset-env@7.29.7 OK for: laravel-mix@6.0.49 want: ^7.15.8
1325 silly placeDep ROOT @types/clean-css@4.2.11 OK for: laravel-mix@6.0.49 want: ^4.2.5
1326 silly placeDep ROOT @types/imagemin-gifsicle@7.0.4 OK for: laravel-mix@6.0.49 want: ^7.0.1
1327 silly placeDep ROOT @types/imagemin-mozjpeg@8.0.4 OK for: laravel-mix@6.0.49 want: ^8.0.1
1328 silly placeDep ROOT @types/imagemin-optipng@5.2.4 OK for: laravel-mix@6.0.49 want: ^5.2.1
1329 silly placeDep ROOT @types/imagemin-svgo@8.0.1 OK for: laravel-mix@6.0.49 want: ^8.0.0
1330 silly placeDep ROOT babel-loader@8.4.1 OK for: laravel-mix@6.0.49 want: ^8.2.3
1331 silly placeDep ROOT webpack@5.109.2 OK for: babel-loader@8.4.1 want: >=2
1332 silly placeDep ROOT chalk@4.1.2 OK for: laravel-mix@6.0.49 want: ^4.1.2
1333 silly placeDep ROOT chokidar@3.6.0 OK for: laravel-mix@6.0.49 want: ^3.5.2
1334 silly placeDep ROOT clean-css@5.3.3 OK for: laravel-mix@6.0.49 want: ^5.2.4
1335 silly placeDep ROOT cli-table3@0.6.5 OK for: laravel-mix@6.0.49 want: ^0.6.0
1336 silly placeDep ROOT collect.js@4.36.1 OK for: laravel-mix@6.0.49 want: ^4.28.5
1337 silly placeDep ROOT commander@7.2.0 OK for: laravel-mix@6.0.49 want: ^7.2.0
1338 silly placeDep ROOT concat@1.0.3 OK for: laravel-mix@6.0.49 want: ^1.0.3
1339 silly placeDep ROOT css-loader@5.2.7 OK for: laravel-mix@6.0.49 want: ^5.2.6
1340 silly placeDep ROOT cssnano@5.1.15 OK for: laravel-mix@6.0.49 want: ^5.0.8
1341 silly placeDep ROOT dotenv@10.0.0 OK for: laravel-mix@6.0.49 want: ^10.0.0
1342 silly placeDep ROOT dotenv-expand@5.1.0 OK for: laravel-mix@6.0.49 want: ^5.1.0
1343 silly placeDep ROOT file-loader@6.2.0 OK for: laravel-mix@6.0.49 want: ^6.2.0
1344 silly placeDep ROOT fs-extra@10.1.0 OK for: laravel-mix@6.0.49 want: ^10.0.0
1345 silly placeDep ROOT glob@7.2.3 OK for: laravel-mix@6.0.49 want: ^7.2.0
1346 silly placeDep ROOT html-loader@1.3.2 OK for: laravel-mix@6.0.49 want: ^1.3.2
1347 silly placeDep ROOT imagemin@7.0.1 OK for: laravel-mix@6.0.49 want: ^7.0.1
1348 silly placeDep ROOT img-loader@4.0.0 OK for: laravel-mix@6.0.49 want: ^4.0.0
1349 silly placeDep ROOT lodash@4.18.1 OK for: laravel-mix@6.0.49 want: ^4.17.21
1350 silly placeDep ROOT md5@2.3.0 OK for: laravel-mix@6.0.49 want: ^2.3.0
1351 silly placeDep ROOT mini-css-extract-plugin@1.6.2 OK for: laravel-mix@6.0.49 want: ^1.6.2
1352 silly placeDep ROOT node-libs-browser@2.2.1 OK for: laravel-mix@6.0.49 want: ^2.2.1
1353 silly placeDep ROOT postcss-load-config@3.1.4 OK for: laravel-mix@6.0.49 want: ^3.1.0
1354 silly placeDep ROOT postcss-loader@6.2.1 OK for: laravel-mix@6.0.49 want: ^6.2.0
1355 silly placeDep node_modules/laravel-mix semver@7.8.5 OK for: laravel-mix@6.0.49 want: ^7.3.5
1356 silly placeDep ROOT strip-ansi@6.0.1 OK for: laravel-mix@6.0.49 want: ^6.0.0
1357 silly placeDep ROOT style-loader@2.0.0 OK for: laravel-mix@6.0.49 want: ^2.0.0
1358 silly placeDep ROOT terser@5.49.0 OK for: laravel-mix@6.0.49 want: ^5.9.0
1359 silly placeDep ROOT terser-webpack-plugin@5.6.1 OK for: laravel-mix@6.0.49 want: ^5.2.4
1360 silly placeDep ROOT vue-style-loader@4.1.3 OK for: laravel-mix@6.0.49 want: ^4.1.3
1361 silly placeDep ROOT webpack-cli@4.10.0 OK for: laravel-mix@6.0.49 want: ^4.9.1
1362 silly placeDep ROOT webpack-dev-server@4.15.2 OK for: laravel-mix@6.0.49 want: ^4.7.3
1363 silly placeDep ROOT webpack-merge@5.10.0 OK for: laravel-mix@6.0.49 want: ^5.8.0
1364 silly placeDep ROOT webpack-notifier@1.15.0 OK for: laravel-mix@6.0.49 want: ^1.14.1
1365 silly placeDep ROOT webpackbar@5.0.2 OK for: laravel-mix@6.0.49 want: ^5.0.0-3
1366 silly placeDep ROOT yargs@17.7.3 OK for: laravel-mix@6.0.49 want: ^17.2.1
1367 silly fetch manifest @babel/plugin-syntax-object-rest-spread@^7.8.3
1368 silly packumentCache full:https://registry.npmjs.org/@babel%2fplugin-syntax-object-rest-spread cache-miss
1369 silly fetch manifest @babel/plugin-transform-parameters@^7.20.7
1370 silly packumentCache full:https://registry.npmjs.org/@babel%2fplugin-transform-parameters cache-miss
1371 silly fetch manifest babel-plugin-polyfill-corejs2@^0.4.14
1372 silly packumentCache full:https://registry.npmjs.org/babel-plugin-polyfill-corejs2 cache-miss
1373 silly fetch manifest babel-plugin-polyfill-corejs3@^0.13.0
1374 silly packumentCache full:https://registry.npmjs.org/babel-plugin-polyfill-corejs3 cache-miss
1375 silly fetch manifest babel-plugin-polyfill-regenerator@^0.6.5
1376 silly packumentCache full:https://registry.npmjs.org/babel-plugin-polyfill-regenerator cache-miss
1377 silly fetch manifest core-js-compat@^3.48.0
1378 silly packumentCache full:https://registry.npmjs.org/core-js-compat cache-miss
1379 silly fetch manifest @babel/preset-modules@0.1.6-no-external-plugins
1380 silly packumentCache full:https://registry.npmjs.org/@babel%2fpreset-modules cache-miss
1381 silly fetch manifest babel-plugin-polyfill-corejs2@^0.4.15
1382 silly packumentCache full:https://registry.npmjs.org/babel-plugin-polyfill-corejs2 cache-miss
1383 silly fetch manifest babel-plugin-polyfill-corejs3@^0.14.0
1384 silly packumentCache full:https://registry.npmjs.org/babel-plugin-polyfill-corejs3 cache-miss
1385 silly fetch manifest @babel/plugin-transform-for-of@^7.29.7
1386 silly packumentCache full:https://registry.npmjs.org/@babel%2fplugin-transform-for-of cache-miss
1387 silly fetch manifest @babel/plugin-transform-spread@^7.29.7
1388 silly packumentCache full:https://registry.npmjs.org/@babel%2fplugin-transform-spread cache-miss
1389 silly fetch manifest @babel/plugin-transform-classes@^7.29.7
1390 silly packumentCache full:https://registry.npmjs.org/@babel%2fplugin-transform-classes cache-miss
1391 silly fetch manifest @babel/plugin-transform-literals@^7.29.7
1392 silly packumentCache full:https://registry.npmjs.org/@babel%2fplugin-transform-literals cache-miss
1393 silly fetch manifest babel-plugin-polyfill-regenerator@^0.6.6
1394 silly packumentCache full:https://registry.npmjs.org/babel-plugin-polyfill-regenerator cache-miss
1395 silly fetch manifest @babel/plugin-transform-new-target@^7.29.7
1396 silly packumentCache full:https://registry.npmjs.org/@babel%2fplugin-transform-new-target cache-miss
1397 http fetch GET 200 https://registry.npmjs.org/babel-plugin-polyfill-regenerator 88ms (cache miss)
1398 silly packumentCache full:https://registry.npmjs.org/babel-plugin-polyfill-regenerator set size:undefined disposed:false
1399 silly fetch manifest @babel/plugin-transform-parameters@^7.29.7
1400 silly packumentCache full:https://registry.npmjs.org/@babel%2fplugin-transform-parameters cache-miss
1401 http fetch GET 200 https://registry.npmjs.org/babel-plugin-polyfill-corejs2 95ms (cache miss)
1402 silly packumentCache full:https://registry.npmjs.org/babel-plugin-polyfill-corejs2 set size:undefined disposed:false
1403 silly fetch manifest @babel/plugin-transform-modules-amd@^7.29.7
1404 silly packumentCache full:https://registry.npmjs.org/@babel%2fplugin-transform-modules-amd cache-miss
1405 http fetch GET 200 https://registry.npmjs.org/babel-plugin-polyfill-corejs3 130ms (cache miss)
1406 silly packumentCache full:https://registry.npmjs.org/babel-plugin-polyfill-corejs3 set size:undefined disposed:false
1407 silly fetch manifest @babel/plugin-transform-modules-umd@^7.29.7
1408 silly packumentCache full:https://registry.npmjs.org/@babel%2fplugin-transform-modules-umd cache-miss
1409 http fetch GET 200 https://registry.npmjs.org/babel-plugin-polyfill-corejs3 148ms (cache miss)
1410 silly packumentCache full:https://registry.npmjs.org/babel-plugin-polyfill-corejs3 set size:undefined disposed:false
1411 silly fetch manifest @babel/plugin-transform-regenerator@^7.29.7
1412 silly packumentCache full:https://registry.npmjs.org/@babel%2fplugin-transform-regenerator cache-miss
1413 http fetch GET 200 https://registry.npmjs.org/babel-plugin-polyfill-corejs2 155ms (cache miss)
1414 silly packumentCache full:https://registry.npmjs.org/babel-plugin-polyfill-corejs2 set size:undefined disposed:false
1415 silly fetch manifest @babel/plugin-transform-dotall-regex@^7.29.7
1416 silly packumentCache full:https://registry.npmjs.org/@babel%2fplugin-transform-dotall-regex cache-miss
1417 http fetch GET 200 https://registry.npmjs.org/@babel%2fplugin-syntax-object-rest-spread 159ms (cache miss)
1418 silly packumentCache full:https://registry.npmjs.org/@babel%2fplugin-syntax-object-rest-spread set size:undefined disposed:false
1419 silly fetch manifest @babel/plugin-transform-json-strings@^7.29.7
1420 silly packumentCache full:https://registry.npmjs.org/@babel%2fplugin-transform-json-strings cache-miss
1421 http fetch GET 200 https://registry.npmjs.org/@babel%2fplugin-transform-new-target 160ms (cache miss)
1422 silly packumentCache full:https://registry.npmjs.org/@babel%2fplugin-transform-new-target set size:undefined disposed:false
1423 silly fetch manifest @babel/plugin-transform-object-super@^7.29.7
1424 silly packumentCache full:https://registry.npmjs.org/@babel%2fplugin-transform-object-super cache-miss
1425 http fetch GET 200 https://registry.npmjs.org/@babel%2fpreset-modules 169ms (cache miss)
1426 silly packumentCache full:https://registry.npmjs.org/@babel%2fpreset-modules set size:undefined disposed:false
1427 silly fetch manifest @babel/plugin-transform-sticky-regex@^7.29.7
1428 silly packumentCache full:https://registry.npmjs.org/@babel%2fplugin-transform-sticky-regex cache-miss
1429 http fetch GET 200 https://registry.npmjs.org/babel-plugin-polyfill-regenerator 175ms (cache miss)
1430 silly packumentCache full:https://registry.npmjs.org/babel-plugin-polyfill-regenerator set size:undefined disposed:false
1431 silly fetch manifest @babel/plugin-transform-block-scoping@^7.29.7
1432 silly packumentCache full:https://registry.npmjs.org/@babel%2fplugin-transform-block-scoping cache-miss
1433 http fetch GET 200 https://registry.npmjs.org/@babel%2fplugin-transform-literals 176ms (cache miss)
1434 silly packumentCache full:https://registry.npmjs.org/@babel%2fplugin-transform-literals set size:undefined disposed:false
1435 silly fetch manifest @babel/plugin-transform-destructuring@^7.29.7
1436 silly packumentCache full:https://registry.npmjs.org/@babel%2fplugin-transform-destructuring cache-miss
1437 http fetch GET 200 https://registry.npmjs.org/@babel%2fplugin-transform-for-of 181ms (cache miss)
1438 silly packumentCache full:https://registry.npmjs.org/@babel%2fplugin-transform-for-of set size:undefined disposed:false
1439 silly fetch manifest @babel/plugin-transform-function-name@^7.29.7
1440 silly packumentCache full:https://registry.npmjs.org/@babel%2fplugin-transform-function-name cache-miss
1441 http fetch GET 200 https://registry.npmjs.org/@babel%2fplugin-transform-parameters 197ms (cache miss)
1442 silly packumentCache full:https://registry.npmjs.org/@babel%2fplugin-transform-parameters set size:undefined disposed:false
1443 silly fetch manifest @babel/plugin-transform-typeof-symbol@^7.29.7
1444 silly packumentCache full:https://registry.npmjs.org/@babel%2fplugin-transform-typeof-symbol cache-miss
1445 http fetch GET 200 https://registry.npmjs.org/@babel%2fplugin-transform-parameters 131ms (cache miss)
1446 silly packumentCache full:https://registry.npmjs.org/@babel%2fplugin-transform-parameters set size:undefined disposed:false
1447 silly fetch manifest @babel/plugin-transform-unicode-regex@^7.29.7
1448 silly packumentCache full:https://registry.npmjs.org/@babel%2fplugin-transform-unicode-regex cache-miss
1449 http fetch GET 200 https://registry.npmjs.org/core-js-compat 242ms (cache miss)
1450 silly packumentCache full:https://registry.npmjs.org/core-js-compat set size:undefined disposed:false
1451 silly fetch manifest @babel/plugin-syntax-import-assertions@^7.29.7
1452 silly packumentCache full:https://registry.npmjs.org/@babel%2fplugin-syntax-import-assertions cache-miss
1453 http fetch GET 200 https://registry.npmjs.org/@babel%2fplugin-transform-modules-amd 153ms (cache miss)
1454 silly packumentCache full:https://registry.npmjs.org/@babel%2fplugin-transform-modules-amd set size:undefined disposed:false
1455 silly fetch manifest @babel/plugin-syntax-import-attributes@^7.29.7
1456 silly packumentCache full:https://registry.npmjs.org/@babel%2fplugin-syntax-import-attributes cache-miss
1457 http fetch GET 200 https://registry.npmjs.org/@babel%2fplugin-transform-modules-umd 129ms (cache miss)
1458 silly packumentCache full:https://registry.npmjs.org/@babel%2fplugin-transform-modules-umd set size:undefined disposed:false
1459 silly fetch manifest @babel/plugin-transform-duplicate-keys@^7.29.7
1460 silly packumentCache full:https://registry.npmjs.org/@babel%2fplugin-transform-duplicate-keys cache-miss
1461 http fetch GET 200 https://registry.npmjs.org/@babel%2fplugin-transform-spread 284ms (cache miss)
1462 silly packumentCache full:https://registry.npmjs.org/@babel%2fplugin-transform-spread set size:undefined disposed:false
1463 silly fetch manifest @babel/plugin-transform-dynamic-import@^7.29.7
1464 silly packumentCache full:https://registry.npmjs.org/@babel%2fplugin-transform-dynamic-import cache-miss
1465 http fetch GET 200 https://registry.npmjs.org/@babel%2fplugin-transform-classes 290ms (cache miss)
1466 silly packumentCache full:https://registry.npmjs.org/@babel%2fplugin-transform-classes set size:undefined disposed:false
1467 silly fetch manifest @babel/plugin-transform-reserved-words@^7.29.7
1468 silly packumentCache full:https://registry.npmjs.org/@babel%2fplugin-transform-reserved-words cache-miss
1469 http fetch GET 200 https://registry.npmjs.org/@babel%2fplugin-transform-json-strings 139ms (cache miss)
1470 silly packumentCache full:https://registry.npmjs.org/@babel%2fplugin-transform-json-strings set size:undefined disposed:false
1471 silly fetch manifest @babel/plugin-syntax-unicode-sets-regex@^7.18.6
1472 silly packumentCache full:https://registry.npmjs.org/@babel%2fplugin-syntax-unicode-sets-regex cache-miss
1473 http fetch GET 200 https://registry.npmjs.org/@babel%2fplugin-transform-object-super 145ms (cache miss)
1474 silly packumentCache full:https://registry.npmjs.org/@babel%2fplugin-transform-object-super set size:undefined disposed:false
1475 silly fetch manifest @babel/plugin-transform-arrow-functions@^7.29.7
1476 silly packumentCache full:https://registry.npmjs.org/@babel%2fplugin-transform-arrow-functions cache-miss
1477 http fetch GET 200 https://registry.npmjs.org/@babel%2fplugin-transform-unicode-regex 91ms (cache miss)
1478 silly packumentCache full:https://registry.npmjs.org/@babel%2fplugin-transform-unicode-regex set size:undefined disposed:false
1479 silly fetch manifest @babel/plugin-transform-private-methods@^7.29.7
1480 silly packumentCache full:https://registry.npmjs.org/@babel%2fplugin-transform-private-methods cache-miss
1481 http fetch GET 200 https://registry.npmjs.org/@babel%2fplugin-transform-block-scoping 143ms (cache miss)
1482 silly packumentCache full:https://registry.npmjs.org/@babel%2fplugin-transform-block-scoping set size:undefined disposed:false
1483 silly fetch manifest @babel/plugin-transform-unicode-escapes@^7.29.7
1484 silly packumentCache full:https://registry.npmjs.org/@babel%2fplugin-transform-unicode-escapes cache-miss
1485 http fetch GET 200 https://registry.npmjs.org/@babel%2fplugin-transform-destructuring 141ms (cache miss)
1486 silly packumentCache full:https://registry.npmjs.org/@babel%2fplugin-transform-destructuring set size:undefined disposed:false
1487 silly fetch manifest @babel/plugin-transform-class-properties@^7.29.7
1488 silly packumentCache full:https://registry.npmjs.org/@babel%2fplugin-transform-class-properties cache-miss
1489 http fetch GET 200 https://registry.npmjs.org/@babel%2fplugin-syntax-import-assertions 93ms (cache miss)
1490 silly packumentCache full:https://registry.npmjs.org/@babel%2fplugin-syntax-import-assertions set size:undefined disposed:false
1491 silly fetch manifest @babel/plugin-transform-modules-commonjs@^7.29.7
1492 silly packumentCache full:https://registry.npmjs.org/@babel%2fplugin-transform-modules-commonjs cache-miss
1493 http fetch GET 200 https://registry.npmjs.org/@babel%2fplugin-syntax-import-attributes 89ms (cache miss)
1494 silly packumentCache full:https://registry.npmjs.org/@babel%2fplugin-syntax-import-attributes set size:undefined disposed:false
1495 silly fetch manifest @babel/plugin-transform-modules-systemjs@^7.29.7
1496 silly packumentCache full:https://registry.npmjs.org/@babel%2fplugin-transform-modules-systemjs cache-miss
1497 http fetch GET 200 https://registry.npmjs.org/@babel%2fplugin-transform-dynamic-import 68ms (cache miss)
1498 silly packumentCache full:https://registry.npmjs.org/@babel%2fplugin-transform-dynamic-import set size:undefined disposed:false
1499 silly fetch manifest @babel/plugin-transform-regexp-modifiers@^7.29.7
1500 silly packumentCache full:https://registry.npmjs.org/@babel%2fplugin-transform-regexp-modifiers cache-miss
1501 http fetch GET 200 https://registry.npmjs.org/@babel%2fplugin-syntax-unicode-sets-regex 67ms (cache miss)
1502 silly packumentCache full:https://registry.npmjs.org/@babel%2fplugin-syntax-unicode-sets-regex set size:undefined disposed:false
1503 silly fetch manifest @babel/plugin-transform-numeric-separator@^7.29.7
1504 silly packumentCache full:https://registry.npmjs.org/@babel%2fplugin-transform-numeric-separator cache-miss
1505 http fetch GET 200 https://registry.npmjs.org/@babel%2fplugin-transform-reserved-words 80ms (cache miss)
1506 silly packumentCache full:https://registry.npmjs.org/@babel%2fplugin-transform-reserved-words set size:undefined disposed:false
1507 silly fetch manifest @babel/plugin-transform-optional-chaining@^7.29.7
1508 silly packumentCache full:https://registry.npmjs.org/@babel%2fplugin-transform-optional-chaining cache-miss
1509 http fetch GET 200 https://registry.npmjs.org/@babel%2fplugin-transform-regenerator 244ms (cache miss)
1510 silly packumentCache full:https://registry.npmjs.org/@babel%2fplugin-transform-regenerator set size:undefined disposed:false
1511 silly fetch manifest @babel/plugin-transform-property-literals@^7.29.7
1512 silly packumentCache full:https://registry.npmjs.org/@babel%2fplugin-transform-property-literals cache-miss
1513 http fetch GET 200 https://registry.npmjs.org/@babel%2fplugin-transform-private-methods 84ms (cache miss)
1514 silly packumentCache full:https://registry.npmjs.org/@babel%2fplugin-transform-private-methods set size:undefined disposed:false
1515 silly fetch manifest @babel/plugin-transform-template-literals@^7.29.7
1516 silly packumentCache full:https://registry.npmjs.org/@babel%2fplugin-transform-template-literals cache-miss
1517 http fetch GET 200 https://registry.npmjs.org/@babel%2fplugin-transform-arrow-functions 93ms (cache miss)
1518 silly packumentCache full:https://registry.npmjs.org/@babel%2fplugin-transform-arrow-functions set size:undefined disposed:false
1519 silly fetch manifest @babel/plugin-transform-async-to-generator@^7.29.7
1520 silly packumentCache full:https://registry.npmjs.org/@babel%2fplugin-transform-async-to-generator cache-miss
1521 http fetch GET 200 https://registry.npmjs.org/@babel%2fplugin-transform-class-properties 86ms (cache miss)
1522 silly packumentCache full:https://registry.npmjs.org/@babel%2fplugin-transform-class-properties set size:undefined disposed:false
1523 silly fetch manifest @babel/plugin-transform-class-static-block@^7.29.7
1524 silly packumentCache full:https://registry.npmjs.org/@babel%2fplugin-transform-class-static-block cache-miss
1525 http fetch GET 200 https://registry.npmjs.org/@babel%2fplugin-transform-sticky-regex 257ms (cache miss)
1526 silly packumentCache full:https://registry.npmjs.org/@babel%2fplugin-transform-sticky-regex set size:undefined disposed:false
1527 silly fetch manifest @babel/plugin-transform-object-rest-spread@^7.29.7
1528 silly packumentCache full:https://registry.npmjs.org/@babel%2fplugin-transform-object-rest-spread cache-miss
1529 http fetch GET 200 https://registry.npmjs.org/@babel%2fplugin-transform-modules-commonjs 92ms (cache miss)
1530 silly packumentCache full:https://registry.npmjs.org/@babel%2fplugin-transform-modules-commonjs set size:undefined disposed:false
1531 silly fetch manifest @babel/plugin-transform-unicode-sets-regex@^7.29.7
1532 silly packumentCache full:https://registry.npmjs.org/@babel%2fplugin-transform-unicode-sets-regex cache-miss
1533 http fetch GET 200 https://registry.npmjs.org/@babel%2fplugin-transform-regexp-modifiers 90ms (cache miss)
1534 silly packumentCache full:https://registry.npmjs.org/@babel%2fplugin-transform-regexp-modifiers set size:undefined disposed:false
1535 silly fetch manifest @babel/plugin-transform-computed-properties@^7.29.7
1536 silly packumentCache full:https://registry.npmjs.org/@babel%2fplugin-transform-computed-properties cache-miss
1537 http fetch GET 200 https://registry.npmjs.org/@babel%2fplugin-transform-function-name 268ms (cache miss)
1538 silly packumentCache full:https://registry.npmjs.org/@babel%2fplugin-transform-function-name set size:undefined disposed:false
1539 silly fetch manifest @babel/plugin-transform-shorthand-properties@^7.29.7
1540 silly packumentCache full:https://registry.npmjs.org/@babel%2fplugin-transform-shorthand-properties cache-miss
1541 http fetch GET 200 https://registry.npmjs.org/@babel%2fplugin-transform-typeof-symbol 285ms (cache miss)
1542 silly packumentCache full:https://registry.npmjs.org/@babel%2fplugin-transform-typeof-symbol set size:undefined disposed:false
1543 silly fetch manifest @babel/plugin-transform-export-namespace-from@^7.29.7
1544 silly packumentCache full:https://registry.npmjs.org/@babel%2fplugin-transform-export-namespace-from cache-miss
1545 http fetch GET 200 https://registry.npmjs.org/@babel%2fplugin-transform-template-literals 80ms (cache miss)
1546 silly packumentCache full:https://registry.npmjs.org/@babel%2fplugin-transform-template-literals set size:undefined disposed:false
1547 silly fetch manifest @babel/plugin-transform-block-scoped-functions@^7.29.7
1548 silly packumentCache full:https://registry.npmjs.org/@babel%2fplugin-transform-block-scoped-functions cache-miss
1549 http fetch GET 200 https://registry.npmjs.org/@babel%2fplugin-transform-async-to-generator 102ms (cache miss)
1550 silly packumentCache full:https://registry.npmjs.org/@babel%2fplugin-transform-async-to-generator set size:undefined disposed:false
1551 silly fetch manifest @babel/plugin-transform-optional-catch-binding@^7.29.7
1552 silly packumentCache full:https://registry.npmjs.org/@babel%2fplugin-transform-optional-catch-binding cache-miss
1553 http fetch GET 200 https://registry.npmjs.org/@babel%2fplugin-transform-property-literals 117ms (cache miss)
1554 silly packumentCache full:https://registry.npmjs.org/@babel%2fplugin-transform-property-literals set size:undefined disposed:false
1555 silly fetch manifest @babel/plugin-transform-unicode-property-regex@^7.29.7
1556 silly packumentCache full:https://registry.npmjs.org/@babel%2fplugin-transform-unicode-property-regex cache-miss
1557 http fetch GET 200 https://registry.npmjs.org/@babel%2fplugin-transform-unicode-sets-regex 93ms (cache miss)
1558 silly packumentCache full:https://registry.npmjs.org/@babel%2fplugin-transform-unicode-sets-regex set size:undefined disposed:false
1559 silly fetch manifest @babel/plugin-transform-exponentiation-operator@^7.29.7
1560 silly packumentCache full:https://registry.npmjs.org/@babel%2fplugin-transform-exponentiation-operator cache-miss
1561 http fetch GET 200 https://registry.npmjs.org/@babel%2fplugin-transform-duplicate-keys 271ms (cache miss)
1562 silly packumentCache full:https://registry.npmjs.org/@babel%2fplugin-transform-duplicate-keys set size:undefined disposed:false
1563 silly fetch manifest @babel/plugin-proposal-private-property-in-object@7.21.0-placeholder-for-preset-env.2
1564 silly packumentCache full:https://registry.npmjs.org/@babel%2fplugin-proposal-private-property-in-object cache-miss
1565 http fetch GET 200 https://registry.npmjs.org/@babel%2fplugin-transform-computed-properties 101ms (cache miss)
1566 silly packumentCache full:https://registry.npmjs.org/@babel%2fplugin-transform-computed-properties set size:undefined disposed:false
1567 silly fetch manifest @babel/plugin-transform-async-generator-functions@^7.29.7
1568 silly packumentCache full:https://registry.npmjs.org/@babel%2fplugin-transform-async-generator-functions cache-miss
1569 http fetch GET 200 https://registry.npmjs.org/@babel%2fplugin-transform-dotall-regex 437ms (cache miss)
1570 silly packumentCache full:https://registry.npmjs.org/@babel%2fplugin-transform-dotall-regex set size:undefined disposed:false
1571 silly fetch manifest @babel/plugin-transform-member-expression-literals@^7.29.7
1572 silly packumentCache full:https://registry.npmjs.org/@babel%2fplugin-transform-member-expression-literals cache-miss
1573 http fetch GET 200 https://registry.npmjs.org/@babel%2fplugin-transform-shorthand-properties 142ms (cache miss)
1574 silly packumentCache full:https://registry.npmjs.org/@babel%2fplugin-transform-shorthand-properties set size:undefined disposed:false
1575 silly fetch manifest @babel/plugin-transform-private-property-in-object@^7.29.7
1576 silly packumentCache full:https://registry.npmjs.org/@babel%2fplugin-transform-private-property-in-object cache-miss
1577 http fetch GET 200 https://registry.npmjs.org/@babel%2fplugin-transform-export-namespace-from 119ms (cache miss)
1578 silly packumentCache full:https://registry.npmjs.org/@babel%2fplugin-transform-export-namespace-from set size:undefined disposed:false
1579 silly fetch manifest @babel/plugin-transform-nullish-coalescing-operator@^7.29.7
1580 silly packumentCache full:https://registry.npmjs.org/@babel%2fplugin-transform-nullish-coalescing-operator cache-miss
1581 http fetch GET 200 https://registry.npmjs.org/@babel%2fplugin-transform-unicode-escapes 296ms (cache miss)
1582 silly packumentCache full:https://registry.npmjs.org/@babel%2fplugin-transform-unicode-escapes set size:undefined disposed:false
1583 silly fetch manifest @babel/plugin-transform-explicit-resource-management@^7.29.7
1584 silly packumentCache full:https://registry.npmjs.org/@babel%2fplugin-transform-explicit-resource-management cache-miss
1585 http fetch GET 200 https://registry.npmjs.org/@babel%2fplugin-transform-optional-catch-binding 113ms (cache miss)
1586 silly packumentCache full:https://registry.npmjs.org/@babel%2fplugin-transform-optional-catch-binding set size:undefined disposed:false
1587 silly fetch manifest @babel/plugin-transform-logical-assignment-operators@^7.29.7
1588 silly packumentCache full:https://registry.npmjs.org/@babel%2fplugin-transform-logical-assignment-operators cache-miss
1589 http fetch GET 200 https://registry.npmjs.org/@babel%2fplugin-transform-unicode-property-regex 114ms (cache miss)
1590 silly packumentCache full:https://registry.npmjs.org/@babel%2fplugin-transform-unicode-property-regex set size:undefined disposed:false
1591 silly fetch manifest @babel/plugin-transform-named-capturing-groups-regex@^7.29.7
1592 silly packumentCache full:https://registry.npmjs.org/@babel%2fplugin-transform-named-capturing-groups-regex cache-miss
1593 http fetch GET 200 https://registry.npmjs.org/@babel%2fplugin-transform-numeric-separator 266ms (cache miss)
1594 silly packumentCache full:https://registry.npmjs.org/@babel%2fplugin-transform-numeric-separator set size:undefined disposed:false
1595 silly fetch manifest @babel/plugin-bugfix-firefox-class-in-computed-class-key@^7.29.7
1596 silly packumentCache full:https://registry.npmjs.org/@babel%2fplugin-bugfix-firefox-class-in-computed-class-key cache-miss
1597 http fetch GET 200 https://registry.npmjs.org/@babel%2fplugin-transform-block-scoped-functions 148ms (cache miss)
1598 silly packumentCache full:https://registry.npmjs.org/@babel%2fplugin-transform-block-scoped-functions set size:undefined disposed:false
1599 silly fetch manifest @babel/plugin-bugfix-safari-rest-destructuring-rhs-array@^7.29.7
1600 silly packumentCache full:https://registry.npmjs.org/@babel%2fplugin-bugfix-safari-rest-destructuring-rhs-array cache-miss
1601 http fetch GET 200 https://registry.npmjs.org/@babel%2fplugin-proposal-private-property-in-object 112ms (cache miss)
1602 silly packumentCache full:https://registry.npmjs.org/@babel%2fplugin-proposal-private-property-in-object set size:undefined disposed:false
1603 silly fetch manifest @babel/plugin-bugfix-safari-class-field-initializer-scope@^7.29.7
1604 silly packumentCache full:https://registry.npmjs.org/@babel%2fplugin-bugfix-safari-class-field-initializer-scope cache-miss
1605 http fetch GET 200 https://registry.npmjs.org/@babel%2fplugin-transform-optional-chaining 274ms (cache miss)
1606 silly packumentCache full:https://registry.npmjs.org/@babel%2fplugin-transform-optional-chaining set size:undefined disposed:false
1607 silly fetch manifest @babel/plugin-bugfix-v8-static-class-fields-redefine-readonly@^7.29.7
1608 silly packumentCache full:https://registry.npmjs.org/@babel%2fplugin-bugfix-v8-static-class-fields-redefine-readonly cache-miss
1609 http fetch GET 200 https://registry.npmjs.org/@babel%2fplugin-transform-async-generator-functions 101ms (cache miss)
1610 silly packumentCache full:https://registry.npmjs.org/@babel%2fplugin-transform-async-generator-functions set size:undefined disposed:false
1611 silly fetch manifest @babel/plugin-bugfix-v8-spread-parameters-in-optional-chaining@^7.29.7
1612 silly packumentCache full:https://registry.npmjs.org/@babel%2fplugin-bugfix-v8-spread-parameters-in-optional-chaining cache-miss
1613 http fetch GET 200 https://registry.npmjs.org/@babel%2fplugin-transform-modules-systemjs 325ms (cache miss)
1614 silly packumentCache full:https://registry.npmjs.org/@babel%2fplugin-transform-modules-systemjs set size:undefined disposed:false
1615 silly fetch manifest @babel/plugin-transform-duplicate-named-capturing-groups-regex@^7.29.7
1616 silly packumentCache full:https://registry.npmjs.org/@babel%2fplugin-transform-duplicate-named-capturing-groups-regex cache-miss
1617 http fetch GET 200 https://registry.npmjs.org/@babel%2fplugin-transform-object-rest-spread 248ms (cache miss)
1618 silly packumentCache full:https://registry.npmjs.org/@babel%2fplugin-transform-object-rest-spread set size:undefined disposed:false
1619 silly fetch manifest @babel/plugin-bugfix-safari-id-destructuring-collision-in-function-expression@^7.29.7
1620 silly packumentCache full:https://registry.npmjs.org/@babel%2fplugin-bugfix-safari-id-destructuring-collision-in-function-expression cache-miss
1621 http fetch GET 200 https://registry.npmjs.org/@babel%2fplugin-transform-private-property-in-object 82ms (cache miss)
1622 silly packumentCache full:https://registry.npmjs.org/@babel%2fplugin-transform-private-property-in-object set size:undefined disposed:false
1623 silly fetch manifest source-map@^0.6.0
1624 silly packumentCache full:https://registry.npmjs.org/source-map cache-miss
1625 http fetch GET 200 https://registry.npmjs.org/@babel%2fplugin-transform-explicit-resource-management 71ms (cache miss)
1626 silly packumentCache full:https://registry.npmjs.org/@babel%2fplugin-transform-explicit-resource-management set size:undefined disposed:false
1627 silly fetch manifest @types/imagemin@*
1628 silly packumentCache full:https://registry.npmjs.org/@types%2fimagemin cache-miss
1629 http fetch GET 200 https://registry.npmjs.org/@babel%2fplugin-transform-nullish-coalescing-operator 88ms (cache miss)
1630 silly packumentCache full:https://registry.npmjs.org/@babel%2fplugin-transform-nullish-coalescing-operator set size:undefined disposed:false
1631 silly fetch manifest @types/imagemin@*
1632 silly packumentCache full:https://registry.npmjs.org/@types%2fimagemin cache-miss
1633 http fetch GET 200 https://registry.npmjs.org/@babel%2fplugin-transform-logical-assignment-operators 79ms (cache miss)
1634 silly packumentCache full:https://registry.npmjs.org/@babel%2fplugin-transform-logical-assignment-operators set size:undefined disposed:false
1635 silly fetch manifest @types/imagemin@*
1636 silly packumentCache full:https://registry.npmjs.org/@types%2fimagemin cache-miss
1637 http fetch GET 200 https://registry.npmjs.org/@babel%2fplugin-bugfix-safari-rest-destructuring-rhs-array 72ms (cache miss)
1638 silly packumentCache full:https://registry.npmjs.org/@babel%2fplugin-bugfix-safari-rest-destructuring-rhs-array set size:undefined disposed:false
1639 silly fetch manifest @types/svgo@^1
1640 silly packumentCache full:https://registry.npmjs.org/@types%2fsvgo cache-miss
1641 http fetch GET 200 https://registry.npmjs.org/@babel%2fplugin-transform-member-expression-literals 117ms (cache miss)
1642 silly packumentCache full:https://registry.npmjs.org/@babel%2fplugin-transform-member-expression-literals set size:undefined disposed:false
1643 silly fetch manifest @types/imagemin@*
1644 silly packumentCache full:https://registry.npmjs.org/@types%2fimagemin cache-miss
1645 http fetch GET 200 https://registry.npmjs.org/@babel%2fplugin-transform-named-capturing-groups-regex 91ms (cache miss)
1646 silly packumentCache full:https://registry.npmjs.org/@babel%2fplugin-transform-named-capturing-groups-regex set size:undefined disposed:false
1647 silly fetch manifest make-dir@^3.1.0
1648 silly packumentCache full:https://registry.npmjs.org/make-dir cache-miss
1649 http fetch GET 200 https://registry.npmjs.org/@babel%2fplugin-bugfix-v8-static-class-fields-redefine-readonly 78ms (cache miss)
1650 silly packumentCache full:https://registry.npmjs.org/@babel%2fplugin-bugfix-v8-static-class-fields-redefine-readonly set size:undefined disposed:false
1651 silly fetch manifest loader-utils@^2.0.4
1652 silly packumentCache full:https://registry.npmjs.org/loader-utils cache-miss
1653 http fetch GET 200 https://registry.npmjs.org/@babel%2fplugin-transform-duplicate-named-capturing-groups-regex 73ms (cache miss)
1654 silly packumentCache full:https://registry.npmjs.org/@babel%2fplugin-transform-duplicate-named-capturing-groups-regex set size:undefined disposed:false
1655 silly fetch manifest schema-utils@^2.6.5
1656 silly packumentCache full:https://registry.npmjs.org/schema-utils cache-miss
1657 http fetch GET 200 https://registry.npmjs.org/@babel%2fplugin-bugfix-safari-id-destructuring-collision-in-function-expression 70ms (cache miss)
1658 silly packumentCache full:https://registry.npmjs.org/@babel%2fplugin-bugfix-safari-id-destructuring-collision-in-function-expression set size:undefined disposed:false
1659 silly fetch manifest find-cache-dir@^3.3.1
1660 silly packumentCache full:https://registry.npmjs.org/find-cache-dir cache-miss
1661 http fetch GET 200 https://registry.npmjs.org/@babel%2fplugin-transform-exponentiation-operator 245ms (cache miss)
1662 silly packumentCache full:https://registry.npmjs.org/@babel%2fplugin-transform-exponentiation-operator set size:undefined disposed:false
1663 silly fetch manifest acorn@^8.16.0
1664 silly packumentCache full:https://registry.npmjs.org/acorn cache-miss
1665 http fetch GET 200 https://registry.npmjs.org/make-dir 59ms (cache miss)
1666 silly packumentCache full:https://registry.npmjs.org/make-dir set size:undefined disposed:false
1667 silly fetch manifest events@^3.2.0
1668 silly packumentCache full:https://registry.npmjs.org/events cache-miss
1669 http fetch GET 200 https://registry.npmjs.org/@babel%2fplugin-transform-class-static-block 384ms (cache miss)
1670 silly packumentCache full:https://registry.npmjs.org/@babel%2fplugin-transform-class-static-block set size:undefined disposed:false
1671 silly fetch manifest mime-db@^1.54.0
1672 silly packumentCache full:https://registry.npmjs.org/mime-db cache-miss
1673 http cache https://registry.npmjs.org/mime-db 8ms (cache hit)
1674 silly packumentCache full:https://registry.npmjs.org/mime-db set size:164953 disposed:false
1675 silly fetch manifest tapable@^2.3.0
1676 silly packumentCache full:https://registry.npmjs.org/tapable cache-miss
1677 http fetch GET 200 https://registry.npmjs.org/loader-utils 84ms (cache miss)
1678 silly packumentCache full:https://registry.npmjs.org/loader-utils set size:undefined disposed:false
1679 silly fetch manifest neo-async@^2.6.2
1680 silly packumentCache full:https://registry.npmjs.org/neo-async cache-miss
1681 http fetch GET 200 https://registry.npmjs.org/find-cache-dir 71ms (cache miss)
1682 silly packumentCache full:https://registry.npmjs.org/find-cache-dir set size:undefined disposed:false
1683 silly fetch manifest watchpack@^2.5.2
1684 silly packumentCache full:https://registry.npmjs.org/watchpack cache-miss
1685 http fetch GET 200 https://registry.npmjs.org/schema-utils 95ms (cache miss)
1686 silly packumentCache full:https://registry.npmjs.org/schema-utils set size:undefined disposed:false
1687 silly fetch manifest graceful-fs@^4.2.11
1688 silly packumentCache full:https://registry.npmjs.org/graceful-fs cache-miss
1689 http fetch GET 200 https://registry.npmjs.org/events 61ms (cache miss)
1690 silly packumentCache full:https://registry.npmjs.org/events set size:undefined disposed:false
1691 silly fetch manifest eslint-scope@5.1.1
1692 silly packumentCache full:https://registry.npmjs.org/eslint-scope cache-miss
1693 http fetch GET 200 https://registry.npmjs.org/@babel%2fplugin-bugfix-firefox-class-in-computed-class-key 226ms (cache miss)
1694 silly packumentCache full:https://registry.npmjs.org/@babel%2fplugin-bugfix-firefox-class-in-computed-class-key set size:undefined disposed:false
1695 silly fetch manifest schema-utils@^4.3.3
1696 silly packumentCache full:https://registry.npmjs.org/schema-utils cache-miss
1697 http cache https://registry.npmjs.org/schema-utils 7ms (cache hit)
1698 silly packumentCache full:https://registry.npmjs.org/schema-utils set size:166563 disposed:false
1699 silly fetch manifest @types/estree@^1.0.8
1700 silly packumentCache full:https://registry.npmjs.org/@types%2festree cache-miss
1701 http cache https://registry.npmjs.org/@types%2festree 6ms (cache hit)
1702 silly packumentCache full:https://registry.npmjs.org/@types%2festree set size:76072 disposed:false
1703 silly fetch manifest es-module-lexer@^2.1.0
1704 silly packumentCache full:https://registry.npmjs.org/es-module-lexer cache-miss
1705 http fetch GET 200 https://registry.npmjs.org/acorn 114ms (cache miss)
1706 silly packumentCache full:https://registry.npmjs.org/acorn set size:undefined disposed:false
1707 silly fetch manifest webpack-sources@^3.5.1
1708 silly packumentCache full:https://registry.npmjs.org/webpack-sources cache-miss
1709 http fetch GET 200 https://registry.npmjs.org/tapable 93ms (cache miss)
1710 silly packumentCache full:https://registry.npmjs.org/tapable set size:undefined disposed:false
1711 silly fetch manifest enhanced-resolve@^5.24.4
1712 silly packumentCache full:https://registry.npmjs.org/enhanced-resolve cache-miss
1713 http fetch GET 200 https://registry.npmjs.org/@babel%2fplugin-bugfix-safari-class-field-initializer-scope 262ms (cache miss)
1714 silly packumentCache full:https://registry.npmjs.org/@babel%2fplugin-bugfix-safari-class-field-initializer-scope set size:undefined disposed:false
1715 silly fetch manifest @types/json-schema@^7.0.15
1716 silly packumentCache full:https://registry.npmjs.org/@types%2fjson-schema cache-miss
1717 http fetch GET 200 https://registry.npmjs.org/@babel%2fplugin-bugfix-v8-spread-parameters-in-optional-chaining 263ms (cache miss)
1718 silly packumentCache full:https://registry.npmjs.org/@babel%2fplugin-bugfix-v8-spread-parameters-in-optional-chaining set size:undefined disposed:false
1719 silly fetch manifest @webassemblyjs/ast@^1.14.1
1720 silly packumentCache full:https://registry.npmjs.org/@webassemblyjs%2fast cache-miss
1721 http fetch GET 200 https://registry.npmjs.org/neo-async 105ms (cache miss)
1722 silly packumentCache full:https://registry.npmjs.org/neo-async set size:undefined disposed:false
1723 silly fetch manifest chrome-trace-event@^1.0.2
1724 silly packumentCache full:https://registry.npmjs.org/chrome-trace-event cache-miss
1725 http fetch GET 200 https://registry.npmjs.org/source-map 244ms (cache miss)
1726 silly packumentCache full:https://registry.npmjs.org/source-map set size:undefined disposed:false
1727 silly fetch manifest @webassemblyjs/wasm-edit@^1.14.1
1728 silly packumentCache full:https://registry.npmjs.org/@webassemblyjs%2fwasm-edit cache-miss
1729 http fetch GET 200 https://registry.npmjs.org/watchpack 108ms (cache miss)
1730 silly packumentCache full:https://registry.npmjs.org/watchpack set size:undefined disposed:false
1731 silly fetch manifest minimizer-webpack-plugin@^5.6.1
1732 silly packumentCache full:https://registry.npmjs.org/minimizer-webpack-plugin cache-miss
1733 http fetch GET 200 https://registry.npmjs.org/eslint-scope 89ms (cache miss)
1734 silly packumentCache full:https://registry.npmjs.org/eslint-scope set size:undefined disposed:false
1735 silly fetch manifest @webassemblyjs/wasm-parser@^1.14.1
1736 silly packumentCache full:https://registry.npmjs.org/@webassemblyjs%2fwasm-parser cache-miss
1737 http fetch GET 200 https://registry.npmjs.org/graceful-fs 105ms (cache miss)
1738 silly packumentCache full:https://registry.npmjs.org/graceful-fs set size:undefined disposed:false
1739 silly fetch manifest ansi-styles@^4.1.0
1740 silly packumentCache full:https://registry.npmjs.org/ansi-styles cache-miss
1741 http fetch GET 200 https://registry.npmjs.org/es-module-lexer 78ms (cache miss)
1742 silly packumentCache full:https://registry.npmjs.org/es-module-lexer set size:undefined disposed:false
1743 silly fetch manifest supports-color@^7.1.0
1744 silly packumentCache full:https://registry.npmjs.org/supports-color cache-miss
1745 http fetch GET 200 https://registry.npmjs.org/webpack-sources 71ms (cache miss)
1746 silly packumentCache full:https://registry.npmjs.org/webpack-sources set size:undefined disposed:false
1747 silly fetch manifest braces@~3.0.2
1748 silly packumentCache full:https://registry.npmjs.org/braces cache-miss
1749 http fetch GET 200 https://registry.npmjs.org/@types%2fjson-schema 69ms (cache miss)
1750 silly packumentCache full:https://registry.npmjs.org/@types%2fjson-schema set size:undefined disposed:false
1751 silly fetch manifest is-glob@~4.0.1
1752 silly packumentCache full:https://registry.npmjs.org/is-glob cache-miss
1753 http cache https://registry.npmjs.org/is-glob 6ms (cache hit)
1754 silly packumentCache full:https://registry.npmjs.org/is-glob set size:40530 disposed:false
1755 silly fetch manifest anymatch@~3.1.2
1756 silly packumentCache full:https://registry.npmjs.org/anymatch cache-miss
1757 http fetch GET 200 https://registry.npmjs.org/enhanced-resolve 97ms (cache miss)
1758 silly packumentCache full:https://registry.npmjs.org/enhanced-resolve set size:undefined disposed:false
1759 silly fetch manifest readdirp@~3.6.0
1760 silly packumentCache full:https://registry.npmjs.org/readdirp cache-miss
1761 http fetch GET 200 https://registry.npmjs.org/chrome-trace-event 86ms (cache miss)
1762 silly packumentCache full:https://registry.npmjs.org/chrome-trace-event set size:undefined disposed:false
1763 silly fetch manifest glob-parent@~5.1.2
1764 silly packumentCache full:https://registry.npmjs.org/glob-parent cache-miss
1765 http fetch GET 200 https://registry.npmjs.org/minimizer-webpack-plugin 84ms (cache miss)
1766 silly packumentCache full:https://registry.npmjs.org/minimizer-webpack-plugin set size:undefined disposed:false
1767 silly fetch manifest is-binary-path@~2.1.0
1768 silly packumentCache full:https://registry.npmjs.org/is-binary-path cache-miss
1769 http cache https://registry.npmjs.org/glob-parent 17ms (cache hit)
1770 silly packumentCache full:https://registry.npmjs.org/glob-parent set size:42445 disposed:false
1771 silly fetch manifest normalize-path@~3.0.0
1772 silly packumentCache full:https://registry.npmjs.org/normalize-path cache-miss
1773 http fetch GET 200 https://registry.npmjs.org/@webassemblyjs%2fwasm-parser 98ms (cache miss)
1774 silly packumentCache full:https://registry.npmjs.org/@webassemblyjs%2fwasm-parser set size:undefined disposed:false
1775 silly fetch manifest source-map@~0.6.0
1776 silly packumentCache full:https://registry.npmjs.org/source-map cache-miss
1777 http fetch GET 200 https://registry.npmjs.org/ansi-styles 96ms (cache miss)
1778 silly packumentCache full:https://registry.npmjs.org/ansi-styles set size:undefined disposed:false
1779 silly fetch manifest string-width@^4.2.0
1780 silly packumentCache full:https://registry.npmjs.org/string-width cache-miss
1781 http fetch GET 200 https://registry.npmjs.org/@webassemblyjs%2fwasm-edit 117ms (cache miss)
1782 silly packumentCache full:https://registry.npmjs.org/@webassemblyjs%2fwasm-edit set size:undefined disposed:false
1783 silly fetch manifest @colors/colors@1.5.0
1784 silly packumentCache full:https://registry.npmjs.org/@colors%2fcolors cache-miss
1785 http cache https://registry.npmjs.org/normalize-path 24ms (cache hit)
1786 silly packumentCache full:https://registry.npmjs.org/normalize-path set size:28713 disposed:false
1787 silly fetch manifest commander@^2.9.0
1788 silly packumentCache full:https://registry.npmjs.org/commander cache-miss
1789 http fetch GET 200 https://registry.npmjs.org/supports-color 102ms (cache miss)
1790 silly packumentCache full:https://registry.npmjs.org/supports-color set size:undefined disposed:false
1791 silly fetch manifest icss-utils@^5.1.0
1792 silly packumentCache full:https://registry.npmjs.org/icss-utils cache-miss
1793 http fetch GET 200 https://registry.npmjs.org/braces 106ms (cache miss)
1794 silly packumentCache full:https://registry.npmjs.org/braces set size:undefined disposed:false
1795 silly fetch manifest loader-utils@^2.0.0
1796 silly packumentCache full:https://registry.npmjs.org/loader-utils cache-miss
1797 http cache https://registry.npmjs.org/source-map 41ms (cache hit)
1798 silly packumentCache full:https://registry.npmjs.org/source-map set size:231637 disposed:false
1799 silly fetch manifest schema-utils@^3.0.0
1800 silly packumentCache full:https://registry.npmjs.org/schema-utils cache-hit
1801 silly fetch manifest postcss-modules-scope@^3.0.0
1802 silly packumentCache full:https://registry.npmjs.org/postcss-modules-scope cache-miss
1803 http fetch GET 200 https://registry.npmjs.org/@webassemblyjs%2fast 164ms (cache miss)
1804 silly packumentCache full:https://registry.npmjs.org/@webassemblyjs%2fast set size:undefined disposed:false
1805 silly fetch manifest postcss-modules-values@^4.0.0
1806 silly packumentCache full:https://registry.npmjs.org/postcss-modules-values cache-miss
1807 http fetch GET 200 https://registry.npmjs.org/@types%2fimagemin 393ms (cache miss)
1808 silly packumentCache full:https://registry.npmjs.org/@types%2fimagemin set size:undefined disposed:false
1809 silly fetch manifest postcss-modules-extract-imports@^3.0.0
1810 silly packumentCache full:https://registry.npmjs.org/postcss-modules-extract-imports cache-miss
1811 http fetch GET 200 https://registry.npmjs.org/anymatch 120ms (cache miss)
1812 silly packumentCache full:https://registry.npmjs.org/anymatch set size:undefined disposed:false
1813 silly fetch manifest postcss-modules-local-by-default@^4.0.0
1814 silly packumentCache full:https://registry.npmjs.org/postcss-modules-local-by-default cache-miss
1815 http cache https://registry.npmjs.org/commander 55ms (cache hit)
1816 silly packumentCache full:https://registry.npmjs.org/commander set size:353115 disposed:false
1817 silly fetch manifest yaml@^1.10.2
1818 silly packumentCache full:https://registry.npmjs.org/yaml cache-miss
1819 http fetch GET 200 https://registry.npmjs.org/@types%2fimagemin 430ms (cache miss)
1820 silly packumentCache full:https://registry.npmjs.org/@types%2fimagemin set size:undefined disposed:false
1821 silly fetch manifest lilconfig@^2.0.3
1822 silly packumentCache full:https://registry.npmjs.org/lilconfig cache-miss
1823 http fetch GET 200 https://registry.npmjs.org/@types%2fimagemin 417ms (cache miss)
1824 silly packumentCache full:https://registry.npmjs.org/@types%2fimagemin set size:undefined disposed:false
1825 silly fetch manifest cssnano-preset-default@^5.2.14
1826 silly packumentCache full:https://registry.npmjs.org/cssnano-preset-default cache-miss
1827 http fetch GET 200 https://registry.npmjs.org/@types%2fimagemin 440ms (cache miss)
1828 silly packumentCache full:https://registry.npmjs.org/@types%2fimagemin set size:undefined disposed:false
1829 silly fetch manifest loader-utils@^2.0.0
1830 silly packumentCache full:https://registry.npmjs.org/loader-utils cache-miss
1831 http cache https://registry.npmjs.org/loader-utils 60ms (cache hit)
1832 silly packumentCache full:https://registry.npmjs.org/loader-utils set size:168663 disposed:false
1833 silly fetch manifest jsonfile@^6.0.1
1834 silly packumentCache full:https://registry.npmjs.org/jsonfile cache-miss
1835 http fetch GET 200 https://registry.npmjs.org/@types%2fsvgo 434ms (cache miss)
1836 silly packumentCache full:https://registry.npmjs.org/@types%2fsvgo set size:undefined disposed:false
1837 silly fetch manifest graceful-fs@^4.2.0
1838 silly packumentCache full:https://registry.npmjs.org/graceful-fs cache-miss
1839 http fetch GET 200 https://registry.npmjs.org/is-binary-path 133ms (cache miss)
1840 silly packumentCache full:https://registry.npmjs.org/is-binary-path set size:undefined disposed:false
1841 silly fetch manifest universalify@^2.0.0
1842 silly packumentCache full:https://registry.npmjs.org/universalify cache-miss
1843 http fetch GET 200 https://registry.npmjs.org/readdirp 153ms (cache miss)
1844 silly packumentCache full:https://registry.npmjs.org/readdirp set size:undefined disposed:false
1845 silly fetch manifest once@^1.3.0
1846 silly packumentCache full:https://registry.npmjs.org/once cache-miss
1847 http fetch GET 200 https://registry.npmjs.org/string-width 122ms (cache miss)
1848 silly packumentCache full:https://registry.npmjs.org/string-width set size:undefined disposed:false
1849 silly fetch manifest inflight@^1.0.4
1850 silly packumentCache full:https://registry.npmjs.org/inflight cache-miss
1851 http fetch GET 200 https://registry.npmjs.org/icss-utils 105ms (cache miss)
1852 silly packumentCache full:https://registry.npmjs.org/icss-utils set size:undefined disposed:false
1853 silly fetch manifest inherits@2
1854 silly packumentCache full:https://registry.npmjs.org/inherits cache-miss
1855 http cache https://registry.npmjs.org/lilconfig 46ms (cache hit)
1856 silly packumentCache full:https://registry.npmjs.org/lilconfig set size:45636 disposed:false
1857 silly fetch manifest minimatch@^3.1.1
1858 silly packumentCache full:https://registry.npmjs.org/minimatch cache-miss
1859 http cache https://registry.npmjs.org/loader-utils 43ms (cache hit)
1860 silly packumentCache full:https://registry.npmjs.org/loader-utils set size:168663 disposed:false
1861 silly packumentCache full:https://registry.npmjs.org/loader-utils dispose
1862 silly fetch manifest fs.realpath@^1.0.0
1863 silly packumentCache full:https://registry.npmjs.org/fs.realpath cache-miss
1864 http cache https://registry.npmjs.org/graceful-fs 36ms (cache hit)
1865 silly packumentCache full:https://registry.npmjs.org/graceful-fs set size:124285 disposed:false
1866 silly fetch manifest path-is-absolute@^1.0.0
1867 silly packumentCache full:https://registry.npmjs.org/path-is-absolute cache-miss
1868 http fetch GET 200 https://registry.npmjs.org/postcss-modules-values 99ms (cache miss)
1869 silly packumentCache full:https://registry.npmjs.org/postcss-modules-values set size:undefined disposed:false
1870 silly fetch manifest htmlparser2@^4.1.0
1871 silly packumentCache full:https://registry.npmjs.org/htmlparser2 cache-miss
1872 http fetch GET 200 https://registry.npmjs.org/postcss-modules-scope 109ms (cache miss)
1873 silly packumentCache full:https://registry.npmjs.org/postcss-modules-scope set size:undefined disposed:false
1874 silly fetch manifest html-minifier-terser@^5.1.1
1875 silly packumentCache full:https://registry.npmjs.org/html-minifier-terser cache-miss
1876 http fetch GET 200 https://registry.npmjs.org/@colors%2fcolors 149ms (cache miss)
1877 silly packumentCache full:https://registry.npmjs.org/@colors%2fcolors set size:undefined disposed:false
1878 silly fetch manifest junk@^3.1.0
1879 silly packumentCache full:https://registry.npmjs.org/junk cache-miss
1880 http fetch GET 200 https://registry.npmjs.org/postcss-modules-extract-imports 94ms (cache miss)
1881 silly packumentCache full:https://registry.npmjs.org/postcss-modules-extract-imports set size:undefined disposed:false
1882 silly fetch manifest globby@^10.0.0
1883 silly packumentCache full:https://registry.npmjs.org/globby cache-miss
1884 http fetch GET 200 https://registry.npmjs.org/once 61ms (cache miss)
1885 silly packumentCache full:https://registry.npmjs.org/once set size:undefined disposed:false
1886 silly fetch manifest p-pipe@^3.0.0
1887 silly packumentCache full:https://registry.npmjs.org/p-pipe cache-miss
1888 http fetch GET 200 https://registry.npmjs.org/cssnano-preset-default 93ms (cache miss)
1889 silly packumentCache full:https://registry.npmjs.org/cssnano-preset-default set size:undefined disposed:false
1890 silly fetch manifest make-dir@^3.0.0
1891 silly packumentCache full:https://registry.npmjs.org/make-dir cache-miss
1892 http fetch GET 200 https://registry.npmjs.org/universalify 77ms (cache miss)
1893 silly packumentCache full:https://registry.npmjs.org/universalify set size:undefined disposed:false
1894 silly fetch manifest file-type@^12.0.0
1895 silly packumentCache full:https://registry.npmjs.org/file-type cache-miss
1896 http fetch GET 200 https://registry.npmjs.org/jsonfile 93ms (cache miss)
1897 silly packumentCache full:https://registry.npmjs.org/jsonfile set size:undefined disposed:false
1898 silly fetch manifest graceful-fs@^4.2.2
1899 silly packumentCache full:https://registry.npmjs.org/graceful-fs cache-hit
1900 silly fetch manifest replace-ext@^1.0.0
1901 silly packumentCache full:https://registry.npmjs.org/replace-ext cache-miss
1902 http fetch GET 200 https://registry.npmjs.org/yaml 123ms (cache revalidated)
1903 silly packumentCache full:https://registry.npmjs.org/yaml set size:385754 disposed:false
1904 silly fetch manifest loader-utils@^1.1.0
1905 silly packumentCache full:https://registry.npmjs.org/loader-utils cache-hit
1906 silly fetch manifest crypt@0.0.2
1907 silly packumentCache full:https://registry.npmjs.org/crypt cache-miss
1908 http cache https://registry.npmjs.org/make-dir 28ms (cache hit)
1909 silly packumentCache full:https://registry.npmjs.org/make-dir set size:34889 disposed:false
1910 silly fetch manifest charenc@0.0.2
1911 silly packumentCache full:https://registry.npmjs.org/charenc cache-miss
1912 http fetch GET 200 https://registry.npmjs.org/inherits 87ms (cache miss)
1913 silly packumentCache full:https://registry.npmjs.org/inherits set size:undefined disposed:false
1914 silly fetch manifest is-buffer@~1.1.6
1915 silly packumentCache full:https://registry.npmjs.org/is-buffer cache-miss
1916 http fetch GET 200 https://registry.npmjs.org/inflight 90ms (cache miss)
1917 silly packumentCache full:https://registry.npmjs.org/inflight set size:undefined disposed:false
1918 silly fetch manifest webpack-sources@^1.1.0
1919 silly packumentCache full:https://registry.npmjs.org/webpack-sources cache-miss
1920 http fetch GET 200 https://registry.npmjs.org/fs.realpath 84ms (cache miss)
1921 silly packumentCache full:https://registry.npmjs.org/fs.realpath set size:undefined disposed:false
1922 silly fetch manifest url@^0.11.0
1923 silly packumentCache full:https://registry.npmjs.org/url cache-miss
1924 http fetch GET 200 https://registry.npmjs.org/path-is-absolute 103ms (cache miss)
1925 silly packumentCache full:https://registry.npmjs.org/path-is-absolute set size:undefined disposed:false
1926 silly fetch manifest util@^0.11.0
1927 silly packumentCache full:https://registry.npmjs.org/util cache-miss
1928 http cache https://registry.npmjs.org/webpack-sources 37ms (cache hit)
1929 silly packumentCache full:https://registry.npmjs.org/webpack-sources set size:184158 disposed:false
1930 silly fetch manifest assert@^1.1.1
1931 silly packumentCache full:https://registry.npmjs.org/assert cache-miss
1932 http fetch GET 200 https://registry.npmjs.org/junk 100ms (cache miss)
1933 silly packumentCache full:https://registry.npmjs.org/junk set size:undefined disposed:false
1934 silly fetch manifest buffer@^4.3.0
1935 silly packumentCache full:https://registry.npmjs.org/buffer cache-miss
1936 http fetch GET 200 https://registry.npmjs.org/globby 103ms (cache miss)
1937 silly packumentCache full:https://registry.npmjs.org/globby set size:undefined disposed:false
1938 silly fetch manifest events@^3.0.0
1939 silly packumentCache full:https://registry.npmjs.org/events cache-miss
1940 http fetch GET 200 https://registry.npmjs.org/html-minifier-terser 116ms (cache miss)
1941 silly packumentCache full:https://registry.npmjs.org/html-minifier-terser set size:undefined disposed:false
1942 silly fetch manifest process@^0.11.10
1943 silly packumentCache full:https://registry.npmjs.org/process cache-miss
1944 http fetch GET 200 https://registry.npmjs.org/htmlparser2 129ms (cache miss)
1945 silly packumentCache full:https://registry.npmjs.org/htmlparser2 set size:undefined disposed:false
1946 silly fetch manifest punycode@^1.2.4
1947 silly packumentCache full:https://registry.npmjs.org/punycode cache-miss
1948 http fetch GET 200 https://registry.npmjs.org/replace-ext 92ms (cache miss)
1949 silly packumentCache full:https://registry.npmjs.org/replace-ext set size:undefined disposed:false
1950 silly fetch manifest stream-http@^2.7.2
1951 silly packumentCache full:https://registry.npmjs.org/stream-http cache-miss
1952 http cache https://registry.npmjs.org/events 31ms (cache hit)
1953 silly packumentCache full:https://registry.npmjs.org/events set size:35240 disposed:false
1954 silly fetch manifest os-browserify@^0.3.0
1955 silly packumentCache full:https://registry.npmjs.org/os-browserify cache-miss
1956 http fetch GET 200 https://registry.npmjs.org/charenc 89ms (cache miss)
1957 silly packumentCache full:https://registry.npmjs.org/charenc set size:undefined disposed:false
1958 silly fetch manifest vm-browserify@^1.0.1
1959 silly packumentCache full:https://registry.npmjs.org/vm-browserify cache-miss
1960 http fetch GET 200 https://registry.npmjs.org/is-buffer 86ms (cache miss)
1961 silly packumentCache full:https://registry.npmjs.org/is-buffer set size:undefined disposed:false
1962 silly fetch manifest domain-browser@^1.1.1
1963 silly packumentCache full:https://registry.npmjs.org/domain-browser cache-miss
1964 http fetch GET 200 https://registry.npmjs.org/crypt 105ms (cache miss)
1965 silly packumentCache full:https://registry.npmjs.org/crypt set size:undefined disposed:false
1966 silly fetch manifest string_decoder@^1.0.0
1967 silly packumentCache full:https://registry.npmjs.org/string_decoder cache-miss
1968 http fetch GET 200 https://registry.npmjs.org/file-type 129ms (cache miss)
1969 silly packumentCache full:https://registry.npmjs.org/file-type set size:undefined disposed:false
1970 silly fetch manifest tty-browserify@0.0.0
1971 silly packumentCache full:https://registry.npmjs.org/tty-browserify cache-miss
1972 http fetch GET 200 https://registry.npmjs.org/url 126ms (cache miss)
1973 silly packumentCache full:https://registry.npmjs.org/url set size:undefined disposed:false
1974 silly fetch manifest browserify-zlib@^0.2.0
1975 silly packumentCache full:https://registry.npmjs.org/browserify-zlib cache-miss
1976 http fetch GET 200 https://registry.npmjs.org/assert 90ms (cache miss)
1977 silly packumentCache full:https://registry.npmjs.org/assert set size:undefined disposed:false
1978 silly fetch manifest path-browserify@0.0.1
1979 silly packumentCache full:https://registry.npmjs.org/path-browserify cache-miss
1980 http fetch GET 200 https://registry.npmjs.org/util 100ms (cache miss)
1981 silly packumentCache full:https://registry.npmjs.org/util set size:undefined disposed:false
1982 silly fetch manifest querystring-es3@^0.2.0
1983 silly packumentCache full:https://registry.npmjs.org/querystring-es3 cache-miss
1984 http fetch GET 200 https://registry.npmjs.org/postcss-modules-local-by-default 282ms (cache miss)
1985 silly packumentCache full:https://registry.npmjs.org/postcss-modules-local-by-default set size:undefined disposed:false
1986 silly fetch manifest readable-stream@^2.3.3
1987 silly packumentCache full:https://registry.npmjs.org/readable-stream cache-miss
1988 http fetch GET 200 https://registry.npmjs.org/process 84ms (cache miss)
1989 silly packumentCache full:https://registry.npmjs.org/process set size:undefined disposed:false
1990 silly fetch manifest https-browserify@^1.0.0
1991 silly packumentCache full:https://registry.npmjs.org/https-browserify cache-miss
1992 http fetch GET 200 https://registry.npmjs.org/punycode 82ms (cache miss)
1993 silly packumentCache full:https://registry.npmjs.org/punycode set size:undefined disposed:false
1994 silly fetch manifest crypto-browserify@^3.11.0
1995 silly packumentCache full:https://registry.npmjs.org/crypto-browserify cache-miss
1996 http fetch GET 200 https://registry.npmjs.org/buffer 108ms (cache miss)
1997 silly packumentCache full:https://registry.npmjs.org/buffer set size:undefined disposed:false
1998 silly fetch manifest stream-browserify@^2.0.1
1999 silly packumentCache full:https://registry.npmjs.org/stream-browserify cache-miss
2000 http fetch GET 200 https://registry.npmjs.org/string_decoder 98ms (cache miss)
2001 silly packumentCache full:https://registry.npmjs.org/string_decoder set size:undefined disposed:false
2002 silly fetch manifest timers-browserify@^2.0.4
2003 silly packumentCache full:https://registry.npmjs.org/timers-browserify cache-miss
2004 http fetch GET 200 https://registry.npmjs.org/stream-http 170ms (cache miss)
2005 silly packumentCache full:https://registry.npmjs.org/stream-http set size:undefined disposed:false
2006 silly fetch manifest console-browserify@^1.1.0
2007 silly packumentCache full:https://registry.npmjs.org/console-browserify cache-miss
2008 http fetch GET 200 https://registry.npmjs.org/os-browserify 159ms (cache miss)
2009 silly packumentCache full:https://registry.npmjs.org/os-browserify set size:undefined disposed:false
2010 silly fetch manifest constants-browserify@^1.0.0
2011 silly packumentCache full:https://registry.npmjs.org/constants-browserify cache-miss
2012 http fetch GET 200 https://registry.npmjs.org/vm-browserify 159ms (cache miss)
2013 silly packumentCache full:https://registry.npmjs.org/vm-browserify set size:undefined disposed:false
2014 silly fetch manifest lilconfig@^2.0.5
2015 silly packumentCache full:https://registry.npmjs.org/lilconfig cache-hit
2016 silly fetch manifest klona@^2.0.5
2017 silly packumentCache full:https://registry.npmjs.org/klona cache-miss
2018 http fetch GET 200 https://registry.npmjs.org/tty-browserify 144ms (cache miss)
2019 silly packumentCache full:https://registry.npmjs.org/tty-browserify set size:undefined disposed:false
2020 silly fetch manifest cosmiconfig@^7.0.0
2021 silly packumentCache full:https://registry.npmjs.org/cosmiconfig cache-miss
2022 http fetch GET 200 https://registry.npmjs.org/minimatch 344ms (cache miss)
2023 silly packumentCache full:https://registry.npmjs.org/minimatch set size:undefined disposed:false
2024 silly fetch manifest ansi-regex@^5.0.1
2025 silly packumentCache full:https://registry.npmjs.org/ansi-regex cache-miss
2026 http fetch GET 200 https://registry.npmjs.org/path-browserify 135ms (cache miss)
2027 silly packumentCache full:https://registry.npmjs.org/path-browserify set size:undefined disposed:false
2028 silly fetch manifest @jridgewell/source-map@^0.3.3
2029 silly packumentCache full:https://registry.npmjs.org/@jridgewell%2fsource-map cache-miss
2030 http fetch GET 200 https://registry.npmjs.org/https-browserify 129ms (cache miss)
2031 silly packumentCache full:https://registry.npmjs.org/https-browserify set size:undefined disposed:false
2032 silly fetch manifest acorn@^8.15.0
2033 silly packumentCache full:https://registry.npmjs.org/acorn cache-miss
2034 http fetch GET 200 https://registry.npmjs.org/querystring-es3 136ms (cache miss)
2035 silly packumentCache full:https://registry.npmjs.org/querystring-es3 set size:undefined disposed:false
2036 silly fetch manifest commander@^2.20.0
2037 silly packumentCache full:https://registry.npmjs.org/commander cache-hit
2038 silly fetch manifest source-map-support@~0.5.20
2039 silly packumentCache full:https://registry.npmjs.org/source-map-support cache-miss
2040 http fetch GET 200 https://registry.npmjs.org/browserify-zlib 143ms (cache miss)
2041 silly packumentCache full:https://registry.npmjs.org/browserify-zlib set size:undefined disposed:false
2042 silly fetch manifest jest-worker@^27.4.5
2043 silly packumentCache full:https://registry.npmjs.org/jest-worker cache-miss
2044 http fetch GET 200 https://registry.npmjs.org/stream-browserify 118ms (cache miss)
2045 silly packumentCache full:https://registry.npmjs.org/stream-browserify set size:undefined disposed:false
2046 silly fetch manifest schema-utils@^4.3.0
2047 silly packumentCache full:https://registry.npmjs.org/schema-utils cache-hit
2048 silly fetch manifest hash-sum@^1.0.2
2049 silly packumentCache full:https://registry.npmjs.org/hash-sum cache-miss
2050 http fetch GET 200 https://registry.npmjs.org/p-pipe 319ms (cache miss)
2051 silly packumentCache full:https://registry.npmjs.org/p-pipe set size:undefined disposed:false
2052 silly fetch manifest loader-utils@^1.0.2
2053 silly packumentCache full:https://registry.npmjs.org/loader-utils cache-hit
2054 silly fetch manifest rechoir@^0.7.0
2055 silly packumentCache full:https://registry.npmjs.org/rechoir cache-miss
2056 http fetch GET 200 https://registry.npmjs.org/crypto-browserify 144ms (cache miss)
2057 silly packumentCache full:https://registry.npmjs.org/crypto-browserify set size:undefined disposed:false
2058 silly fetch manifest colorette@^2.0.14
2059 silly packumentCache full:https://registry.npmjs.org/colorette cache-miss
2060 http cache https://registry.npmjs.org/acorn 36ms (cache hit)
2061 silly packumentCache full:https://registry.npmjs.org/acorn set size:383439 disposed:false
2062 silly fetch manifest interpret@^2.2.0
2063 silly packumentCache full:https://registry.npmjs.org/interpret cache-miss
2064 http fetch GET 200 https://registry.npmjs.org/readable-stream 174ms (cache miss)
2065 silly packumentCache full:https://registry.npmjs.org/readable-stream set size:undefined disposed:false
2066 silly fetch manifest cross-spawn@^7.0.3
2067 silly packumentCache full:https://registry.npmjs.org/cross-spawn cache-miss
2068 http fetch GET 200 https://registry.npmjs.org/console-browserify 94ms (cache miss)
2069 silly packumentCache full:https://registry.npmjs.org/console-browserify set size:undefined disposed:false
2070 silly fetch manifest import-local@^3.0.2
2071 silly packumentCache full:https://registry.npmjs.org/import-local cache-miss
2072 http fetch GET 200 https://registry.npmjs.org/timers-browserify 147ms (cache miss)
2073 silly packumentCache full:https://registry.npmjs.org/timers-browserify set size:undefined disposed:false
2074 silly fetch manifest webpack-merge@^5.7.3
2075 silly packumentCache full:https://registry.npmjs.org/webpack-merge cache-miss
2076 http fetch GET 200 https://registry.npmjs.org/domain-browser 264ms (cache miss)
2077 silly packumentCache full:https://registry.npmjs.org/domain-browser set size:undefined disposed:false
2078 silly fetch manifest @webpack-cli/info@^1.5.0
2079 silly packumentCache full:https://registry.npmjs.org/@webpack-cli%2finfo cache-miss
2080 http fetch GET 200 https://registry.npmjs.org/klona 115ms (cache miss)
2081 silly packumentCache full:https://registry.npmjs.org/klona set size:undefined disposed:false
2082 silly fetch manifest @webpack-cli/serve@^1.7.0
2083 silly packumentCache full:https://registry.npmjs.org/@webpack-cli%2fserve cache-miss
2084 http fetch GET 200 https://registry.npmjs.org/constants-browserify 119ms (cache miss)
2085 silly packumentCache full:https://registry.npmjs.org/constants-browserify set size:undefined disposed:false
2086 silly fetch manifest fastest-levenshtein@^1.0.12
2087 silly packumentCache full:https://registry.npmjs.org/fastest-levenshtein cache-miss
2088 http fetch GET 200 https://registry.npmjs.org/ansi-regex 109ms (cache miss)
2089 silly packumentCache full:https://registry.npmjs.org/ansi-regex set size:undefined disposed:false
2090 silly fetch manifest @discoveryjs/json-ext@^0.5.0
2091 silly packumentCache full:https://registry.npmjs.org/@discoveryjs%2fjson-ext cache-miss
2092 http fetch GET 200 https://registry.npmjs.org/cosmiconfig 125ms (cache miss)
2093 silly packumentCache full:https://registry.npmjs.org/cosmiconfig set size:undefined disposed:false
2094 silly fetch manifest @webpack-cli/configtest@^1.2.0
2095 silly packumentCache full:https://registry.npmjs.org/@webpack-cli%2fconfigtest cache-miss
2096 http fetch GET 200 https://registry.npmjs.org/hash-sum 109ms (cache miss)
2097 silly packumentCache full:https://registry.npmjs.org/hash-sum set size:undefined disposed:false
2098 silly fetch manifest ws@^8.13.0
2099 silly packumentCache full:https://registry.npmjs.org/ws cache-miss
2100 http cache https://registry.npmjs.org/webpack-merge 46ms (cache hit)
2101 silly packumentCache full:https://registry.npmjs.org/webpack-merge set size:237952 disposed:false
2102 silly fetch manifest open@^8.0.9
2103 silly packumentCache full:https://registry.npmjs.org/open cache-miss
2104 http fetch GET 200 https://registry.npmjs.org/rechoir 109ms (cache miss)
2105 silly packumentCache full:https://registry.npmjs.org/rechoir set size:undefined disposed:false
2106 silly fetch manifest spdy@^4.0.2
2107 silly packumentCache full:https://registry.npmjs.org/spdy cache-miss
2108 http fetch GET 200 https://registry.npmjs.org/source-map-support 125ms (cache miss)
2109 silly packumentCache full:https://registry.npmjs.org/source-map-support set size:undefined disposed:false
2110 silly fetch manifest rimraf@^3.0.2
2111 silly packumentCache full:https://registry.npmjs.org/rimraf cache-miss
2112 http fetch GET 200 https://registry.npmjs.org/colorette 107ms (cache miss)
2113 silly packumentCache full:https://registry.npmjs.org/colorette set size:undefined disposed:false
2114 silly fetch manifest sockjs@^0.3.24
2115 silly packumentCache full:https://registry.npmjs.org/sockjs cache-miss
2116 http fetch GET 200 https://registry.npmjs.org/cross-spawn 92ms (cache miss)
2117 silly packumentCache full:https://registry.npmjs.org/cross-spawn set size:undefined disposed:false
2118 silly fetch manifest express@^4.17.3
2119 silly packumentCache full:https://registry.npmjs.org/express cache-miss
2120 http fetch GET 200 https://registry.npmjs.org/jest-worker 153ms (cache miss)
2121 silly packumentCache full:https://registry.npmjs.org/jest-worker set size:undefined disposed:false
2122 silly fetch manifest p-retry@^4.5.0
2123 silly packumentCache full:https://registry.npmjs.org/p-retry cache-miss
2124 http fetch GET 200 https://registry.npmjs.org/import-local 96ms (cache miss)
2125 silly packumentCache full:https://registry.npmjs.org/import-local set size:undefined disposed:false
2126 silly fetch manifest @types/ws@^8.5.5
2127 silly packumentCache full:https://registry.npmjs.org/@types%2fws cache-miss
2128 http fetch GET 200 https://registry.npmjs.org/interpret 125ms (cache miss)
2129 silly packumentCache full:https://registry.npmjs.org/interpret set size:undefined disposed:false
2130 silly fetch manifest colorette@^2.0.10
2131 silly packumentCache full:https://registry.npmjs.org/colorette cache-miss
2132 http cache https://registry.npmjs.org/colorette 7ms (cache hit)
2133 silly packumentCache full:https://registry.npmjs.org/colorette set size:92733 disposed:false
2134 silly fetch manifest ipaddr.js@^2.0.1
2135 silly packumentCache full:https://registry.npmjs.org/ipaddr.js cache-miss
2136 http fetch GET 200 https://registry.npmjs.org/fastest-levenshtein 87ms (cache miss)
2137 silly packumentCache full:https://registry.npmjs.org/fastest-levenshtein set size:undefined disposed:false
2138 silly fetch manifest selfsigned@^2.1.1
2139 silly packumentCache full:https://registry.npmjs.org/selfsigned cache-miss
2140 http fetch GET 200 https://registry.npmjs.org/ws 92ms (cache miss)
2141 silly packumentCache full:https://registry.npmjs.org/ws set size:undefined disposed:false
2142 silly fetch manifest compression@^1.7.4
2143 silly packumentCache full:https://registry.npmjs.org/compression cache-miss
2144 http fetch GET 200 https://registry.npmjs.org/spdy 110ms (cache miss)
2145 silly packumentCache full:https://registry.npmjs.org/spdy set size:undefined disposed:false
2146 silly fetch manifest graceful-fs@^4.2.6
2147 silly packumentCache full:https://registry.npmjs.org/graceful-fs cache-hit
2148 silly fetch manifest serve-index@^1.9.1
2149 silly packumentCache full:https://registry.npmjs.org/serve-index cache-miss
2150 http fetch GET 200 https://registry.npmjs.org/rimraf 140ms (cache miss)
2151 silly packumentCache full:https://registry.npmjs.org/rimraf set size:undefined disposed:false
2152 silly fetch manifest schema-utils@^4.0.0
2153 silly packumentCache full:https://registry.npmjs.org/schema-utils cache-hit
2154 silly fetch manifest @types/sockjs@^0.3.33
2155 silly packumentCache full:https://registry.npmjs.org/@types%2fsockjs cache-miss
2156 http fetch GET 200 https://registry.npmjs.org/open 157ms (cache miss)
2157 silly packumentCache full:https://registry.npmjs.org/open set size:undefined disposed:false
2158 silly fetch manifest html-entities@^2.3.2
2159 silly packumentCache full:https://registry.npmjs.org/html-entities cache-miss
2160 http fetch GET 200 https://registry.npmjs.org/@jridgewell%2fsource-map 284ms (cache miss)
2161 silly packumentCache full:https://registry.npmjs.org/@jridgewell%2fsource-map set size:undefined disposed:false
2162 silly fetch manifest launch-editor@^2.6.0
2163 silly packumentCache full:https://registry.npmjs.org/launch-editor cache-miss
2164 http fetch GET 200 https://registry.npmjs.org/sockjs 150ms (cache miss)
2165 silly packumentCache full:https://registry.npmjs.org/sockjs set size:undefined disposed:false
2166 silly fetch manifest @types/bonjour@^3.5.9
2167 silly packumentCache full:https://registry.npmjs.org/@types%2fbonjour cache-miss
2168 http fetch GET 200 https://registry.npmjs.org/ipaddr.js 114ms (cache miss)
2169 silly packumentCache full:https://registry.npmjs.org/ipaddr.js set size:undefined disposed:false
2170 silly fetch manifest @types/express@^4.17.13
2171 silly packumentCache full:https://registry.npmjs.org/@types%2fexpress cache-miss
2172 http fetch GET 200 https://registry.npmjs.org/p-retry 132ms (cache miss)
2173 silly packumentCache full:https://registry.npmjs.org/p-retry set size:undefined disposed:false
2174 silly fetch manifest bonjour-service@^1.0.11
2175 silly packumentCache full:https://registry.npmjs.org/bonjour-service cache-miss
2176 http fetch GET 200 https://registry.npmjs.org/@types%2fws 135ms (cache miss)
2177 silly packumentCache full:https://registry.npmjs.org/@types%2fws set size:undefined disposed:false
2178 silly fetch manifest default-gateway@^6.0.3
2179 silly packumentCache full:https://registry.npmjs.org/default-gateway cache-miss
2180 http fetch GET 200 https://registry.npmjs.org/compression 101ms (cache miss)
2181 silly packumentCache full:https://registry.npmjs.org/compression set size:undefined disposed:false
2182 silly fetch manifest @types/serve-index@^1.9.1
2183 silly packumentCache full:https://registry.npmjs.org/@types%2fserve-index cache-miss
2184 http fetch GET 200 https://registry.npmjs.org/serve-index 80ms (cache miss)
2185 silly packumentCache full:https://registry.npmjs.org/serve-index set size:undefined disposed:false
2186 silly fetch manifest @types/serve-static@^1.13.10
2187 silly packumentCache full:https://registry.npmjs.org/@types%2fserve-static cache-miss
2188 http fetch GET 200 https://registry.npmjs.org/express 181ms (cache miss)
2189 silly packumentCache full:https://registry.npmjs.org/express set size:undefined disposed:false
2190 silly fetch manifest ansi-html-community@^0.0.8
2191 silly packumentCache full:https://registry.npmjs.org/ansi-html-community cache-miss
2192 http fetch GET 200 https://registry.npmjs.org/selfsigned 162ms (cache miss)
2193 silly packumentCache full:https://registry.npmjs.org/selfsigned set size:undefined disposed:false
2194 silly fetch manifest http-proxy-middleware@^2.0.3
2195 silly packumentCache full:https://registry.npmjs.org/http-proxy-middleware cache-miss
2196 http fetch GET 200 https://registry.npmjs.org/@types%2fsockjs 76ms (cache miss)
2197 silly packumentCache full:https://registry.npmjs.org/@types%2fsockjs set size:undefined disposed:false
2198 silly fetch manifest webpack-dev-middleware@^5.3.4
2199 silly packumentCache full:https://registry.npmjs.org/webpack-dev-middleware cache-miss
2200 http fetch GET 200 https://registry.npmjs.org/launch-editor 72ms (cache miss)
2201 silly packumentCache full:https://registry.npmjs.org/launch-editor set size:undefined disposed:false
2202 silly fetch manifest connect-history-api-fallback@^2.0.0
2203 silly packumentCache full:https://registry.npmjs.org/connect-history-api-fallback cache-miss
2204 http fetch GET 200 https://registry.npmjs.org/@types%2fbonjour 82ms (cache miss)
2205 silly packumentCache full:https://registry.npmjs.org/@types%2fbonjour set size:undefined disposed:false
2206 silly fetch manifest @types/connect-history-api-fallback@^1.3.5
2207 silly packumentCache full:https://registry.npmjs.org/@types%2fconnect-history-api-fallback cache-miss
2208 http fetch GET 200 https://registry.npmjs.org/html-entities 91ms (cache miss)
2209 silly packumentCache full:https://registry.npmjs.org/html-entities set size:undefined disposed:false
2210 silly fetch manifest flat@^5.0.2
2211 silly packumentCache full:https://registry.npmjs.org/flat cache-miss
2212 http fetch GET 200 https://registry.npmjs.org/default-gateway 74ms (cache miss)
2213 silly packumentCache full:https://registry.npmjs.org/default-gateway set size:undefined disposed:false
2214 silly fetch manifest wildcard@^2.0.0
2215 silly packumentCache full:https://registry.npmjs.org/wildcard cache-miss
2216 http fetch GET 200 https://registry.npmjs.org/@types%2fexpress 94ms (cache miss)
2217 silly packumentCache full:https://registry.npmjs.org/@types%2fexpress set size:undefined disposed:false
2218 silly fetch manifest clone-deep@^4.0.1
2219 silly packumentCache full:https://registry.npmjs.org/clone-deep cache-miss
2220 http fetch GET 200 https://registry.npmjs.org/@types%2fserve-static 76ms (cache miss)
2221 silly packumentCache full:https://registry.npmjs.org/@types%2fserve-static set size:undefined disposed:false
2222 silly fetch manifest node-notifier@^9.0.0
2223 silly packumentCache full:https://registry.npmjs.org/node-notifier cache-miss
2224 http fetch GET 200 https://registry.npmjs.org/connect-history-api-fallback 62ms (cache miss)
2225 silly packumentCache full:https://registry.npmjs.org/connect-history-api-fallback set size:undefined disposed:false
2226 silly fetch manifest consola@^2.15.3
2227 silly packumentCache full:https://registry.npmjs.org/consola cache-miss
2228 http fetch GET 200 https://registry.npmjs.org/webpack-dev-middleware 89ms (cache miss)
2229 silly packumentCache full:https://registry.npmjs.org/webpack-dev-middleware set size:undefined disposed:false
2230 silly fetch manifest std-env@^3.0.1
2231 silly packumentCache full:https://registry.npmjs.org/std-env cache-miss
2232 http fetch GET 200 https://registry.npmjs.org/wildcard 69ms (cache miss)
2233 silly packumentCache full:https://registry.npmjs.org/wildcard set size:undefined disposed:false
2234 silly fetch manifest pretty-time@^1.1.0
2235 silly packumentCache full:https://registry.npmjs.org/pretty-time cache-miss
2236 http fetch GET 200 https://registry.npmjs.org/flat 85ms (cache miss)
2237 silly packumentCache full:https://registry.npmjs.org/flat set size:undefined disposed:false
2238 silly fetch manifest y18n@^5.0.5
2239 silly packumentCache full:https://registry.npmjs.org/y18n cache-miss
2240 http fetch GET 200 https://registry.npmjs.org/clone-deep 74ms (cache miss)
2241 silly packumentCache full:https://registry.npmjs.org/clone-deep set size:undefined disposed:false
2242 silly fetch manifest cliui@^8.0.1
2243 silly packumentCache full:https://registry.npmjs.org/cliui cache-miss
2244 http fetch GET 200 https://registry.npmjs.org/http-proxy-middleware 121ms (cache miss)
2245 silly packumentCache full:https://registry.npmjs.org/http-proxy-middleware set size:undefined disposed:false
2246 silly fetch manifest escalade@^3.1.1
2247 silly packumentCache full:https://registry.npmjs.org/escalade cache-miss
2248 http fetch GET 200 https://registry.npmjs.org/node-notifier 76ms (cache miss)
2249 silly packumentCache full:https://registry.npmjs.org/node-notifier set size:undefined disposed:false
2250 silly fetch manifest string-width@^4.2.3
2251 silly packumentCache full:https://registry.npmjs.org/string-width cache-miss
2252 http cache https://registry.npmjs.org/escalade 11ms (cache hit)
2253 silly packumentCache full:https://registry.npmjs.org/escalade set size:33724 disposed:false
2254 silly fetch manifest yargs-parser@^21.1.1
2255 silly packumentCache full:https://registry.npmjs.org/yargs-parser cache-miss
2256 http fetch GET 200 https://registry.npmjs.org/@webpack-cli%2fserve 397ms (cache miss)
2257 silly packumentCache full:https://registry.npmjs.org/@webpack-cli%2fserve set size:undefined disposed:false
2258 silly fetch manifest get-caller-file@^2.0.5
2259 silly packumentCache full:https://registry.npmjs.org/get-caller-file cache-miss
2260 http cache https://registry.npmjs.org/string-width 16ms (cache hit)
2261 silly packumentCache full:https://registry.npmjs.org/string-width set size:72458 disposed:false
2262 silly fetch manifest require-directory@^2.1.1
2263 silly packumentCache full:https://registry.npmjs.org/require-directory cache-miss
2264 http fetch GET 200 https://registry.npmjs.org/@discoveryjs%2fjson-ext 407ms (cache miss)
2265 silly packumentCache full:https://registry.npmjs.org/@discoveryjs%2fjson-ext set size:undefined disposed:false
2266 http fetch GET 200 https://registry.npmjs.org/consola 88ms (cache miss)
2267 silly packumentCache full:https://registry.npmjs.org/consola set size:undefined disposed:false
2268 http fetch GET 200 https://registry.npmjs.org/@webpack-cli%2fconfigtest 406ms (cache miss)
2269 silly packumentCache full:https://registry.npmjs.org/@webpack-cli%2fconfigtest set size:undefined disposed:false
2270 http fetch GET 200 https://registry.npmjs.org/@webpack-cli%2finfo 435ms (cache miss)
2271 silly packumentCache full:https://registry.npmjs.org/@webpack-cli%2finfo set size:undefined disposed:false
2272 http fetch GET 200 https://registry.npmjs.org/bonjour-service 236ms (cache miss)
2273 silly packumentCache full:https://registry.npmjs.org/bonjour-service set size:undefined disposed:false
2274 http fetch GET 200 https://registry.npmjs.org/std-env 89ms (cache miss)
2275 silly packumentCache full:https://registry.npmjs.org/std-env set size:undefined disposed:false
2276 http fetch GET 200 https://registry.npmjs.org/cliui 86ms (cache miss)
2277 silly packumentCache full:https://registry.npmjs.org/cliui set size:undefined disposed:false
2278 http fetch GET 200 https://registry.npmjs.org/@types%2fserve-index 235ms (cache miss)
2279 silly packumentCache full:https://registry.npmjs.org/@types%2fserve-index set size:undefined disposed:false
2280 http fetch GET 200 https://registry.npmjs.org/y18n 92ms (cache miss)
2281 silly packumentCache full:https://registry.npmjs.org/y18n set size:undefined disposed:false
2282 http fetch GET 200 https://registry.npmjs.org/get-caller-file 92ms (cache miss)
2283 silly packumentCache full:https://registry.npmjs.org/get-caller-file set size:undefined disposed:false
2284 http fetch GET 200 https://registry.npmjs.org/require-directory 90ms (cache miss)
2285 silly packumentCache full:https://registry.npmjs.org/require-directory set size:undefined disposed:false
2286 http fetch GET 200 https://registry.npmjs.org/ansi-html-community 256ms (cache miss)
2287 silly packumentCache full:https://registry.npmjs.org/ansi-html-community set size:undefined disposed:false
2288 http fetch GET 200 https://registry.npmjs.org/@types%2fconnect-history-api-fallback 225ms (cache miss)
2289 silly packumentCache full:https://registry.npmjs.org/@types%2fconnect-history-api-fallback set size:undefined disposed:false
2290 http fetch GET 200 https://registry.npmjs.org/yargs-parser 112ms (cache miss)
2291 silly packumentCache full:https://registry.npmjs.org/yargs-parser set size:undefined disposed:false
2292 http fetch GET 200 https://registry.npmjs.org/pretty-time 210ms (cache miss)
2293 silly packumentCache full:https://registry.npmjs.org/pretty-time set size:undefined disposed:false
2294 silly fetch manifest @babel/core@^7.0.0-0
2295 silly packumentCache full:https://registry.npmjs.org/@babel%2fcore cache-hit
2296 silly placeDep ROOT @babel/plugin-syntax-object-rest-spread@7.8.3 OK for: @babel/plugin-proposal-object-rest-spread@7.20.7 want: ^7.8.3
2297 silly placeDep ROOT @babel/plugin-transform-parameters@7.29.7 OK for: @babel/plugin-proposal-object-rest-spread@7.20.7 want: ^7.20.7
2298 silly placeDep ROOT babel-plugin-polyfill-corejs2@0.4.17 OK for: @babel/plugin-transform-runtime@7.29.7 want: ^0.4.14
2299 silly placeDep ROOT babel-plugin-polyfill-corejs3@0.13.0 OK for: @babel/plugin-transform-runtime@7.29.7 want: ^0.13.0
2300 silly placeDep ROOT babel-plugin-polyfill-regenerator@0.6.8 OK for: @babel/plugin-transform-runtime@7.29.7 want: ^0.6.5
2301 silly fetch manifest @babel/helper-define-polyfill-provider@^0.6.8
2302 silly packumentCache full:https://registry.npmjs.org/@babel%2fhelper-define-polyfill-provider cache-miss
2303 silly fetch manifest core-js-compat@^3.43.0
2304 silly packumentCache full:https://registry.npmjs.org/core-js-compat cache-miss
2305 silly fetch manifest @babel/helper-define-polyfill-provider@^0.6.5
2306 silly packumentCache full:https://registry.npmjs.org/@babel%2fhelper-define-polyfill-provider cache-miss
2307 silly fetch manifest @babel/helper-define-polyfill-provider@^0.6.8
2308 silly packumentCache full:https://registry.npmjs.org/@babel%2fhelper-define-polyfill-provider cache-miss
2309 http cache https://registry.npmjs.org/core-js-compat 8ms (cache hit)
2310 silly packumentCache full:https://registry.npmjs.org/core-js-compat set size:345769 disposed:false
2311 http fetch GET 200 https://registry.npmjs.org/@babel%2fhelper-define-polyfill-provider 92ms (cache miss)
2312 silly packumentCache full:https://registry.npmjs.org/@babel%2fhelper-define-polyfill-provider set size:undefined disposed:false
2313 http fetch GET 200 https://registry.npmjs.org/@babel%2fhelper-define-polyfill-provider 94ms (cache miss)
2314 silly packumentCache full:https://registry.npmjs.org/@babel%2fhelper-define-polyfill-provider set size:undefined disposed:false
2315 http fetch GET 200 https://registry.npmjs.org/@babel%2fhelper-define-polyfill-provider 96ms (cache miss)
2316 silly packumentCache full:https://registry.npmjs.org/@babel%2fhelper-define-polyfill-provider set size:undefined disposed:false
2317 silly placeDep ROOT @babel/plugin-bugfix-firefox-class-in-computed-class-key@7.29.7 OK for: @babel/preset-env@7.29.7 want: ^7.29.7
2318 silly placeDep ROOT @babel/plugin-bugfix-safari-class-field-initializer-scope@7.29.7 OK for: @babel/preset-env@7.29.7 want: ^7.29.7
2319 silly placeDep ROOT @babel/plugin-bugfix-safari-id-destructuring-collision-in-function-expression@7.29.7 OK for: @babel/preset-env@7.29.7 want: ^7.29.7
2320 silly placeDep ROOT @babel/plugin-bugfix-safari-rest-destructuring-rhs-array@7.29.7 OK for: @babel/preset-env@7.29.7 want: ^7.29.7
2321 silly placeDep ROOT @babel/plugin-bugfix-v8-spread-parameters-in-optional-chaining@7.29.7 OK for: @babel/preset-env@7.29.7 want: ^7.29.7
2322 silly placeDep ROOT @babel/plugin-bugfix-v8-static-class-fields-redefine-readonly@7.29.7 OK for: @babel/preset-env@7.29.7 want: ^7.29.7
2323 silly placeDep ROOT @babel/plugin-proposal-private-property-in-object@7.21.0-placeholder-for-preset-env.2 OK for: @babel/preset-env@7.29.7 want: 7.21.0-placeholder-for-preset-env.2
2324 silly placeDep ROOT @babel/plugin-syntax-import-assertions@7.29.7 OK for: @babel/preset-env@7.29.7 want: ^7.29.7
2325 silly placeDep ROOT @babel/plugin-syntax-import-attributes@7.29.7 OK for: @babel/preset-env@7.29.7 want: ^7.29.7
2326 silly placeDep ROOT @babel/plugin-syntax-unicode-sets-regex@7.18.6 OK for: @babel/preset-env@7.29.7 want: ^7.18.6
2327 silly placeDep ROOT @babel/plugin-transform-arrow-functions@7.29.7 OK for: @babel/preset-env@7.29.7 want: ^7.29.7
2328 silly placeDep ROOT @babel/plugin-transform-async-generator-functions@7.29.7 OK for: @babel/preset-env@7.29.7 want: ^7.29.7
2329 silly placeDep ROOT @babel/plugin-transform-async-to-generator@7.29.7 OK for: @babel/preset-env@7.29.7 want: ^7.29.7
2330 silly placeDep ROOT @babel/plugin-transform-block-scoped-functions@7.29.7 OK for: @babel/preset-env@7.29.7 want: ^7.29.7
2331 silly placeDep ROOT @babel/plugin-transform-block-scoping@7.29.7 OK for: @babel/preset-env@7.29.7 want: ^7.29.7
2332 silly placeDep ROOT @babel/plugin-transform-class-properties@7.29.7 OK for: @babel/preset-env@7.29.7 want: ^7.29.7
2333 silly placeDep ROOT @babel/plugin-transform-class-static-block@7.29.7 OK for: @babel/preset-env@7.29.7 want: ^7.29.7
2334 silly placeDep ROOT @babel/plugin-transform-classes@7.29.7 OK for: @babel/preset-env@7.29.7 want: ^7.29.7
2335 silly placeDep ROOT @babel/plugin-transform-computed-properties@7.29.7 OK for: @babel/preset-env@7.29.7 want: ^7.29.7
2336 silly placeDep ROOT @babel/plugin-transform-destructuring@7.29.7 OK for: @babel/preset-env@7.29.7 want: ^7.29.7
2337 silly placeDep ROOT @babel/plugin-transform-dotall-regex@7.29.7 OK for: @babel/preset-env@7.29.7 want: ^7.29.7
2338 silly placeDep ROOT @babel/plugin-transform-duplicate-keys@7.29.7 OK for: @babel/preset-env@7.29.7 want: ^7.29.7
2339 silly placeDep ROOT @babel/plugin-transform-duplicate-named-capturing-groups-regex@7.29.7 OK for: @babel/preset-env@7.29.7 want: ^7.29.7
2340 silly placeDep ROOT @babel/plugin-transform-dynamic-import@7.29.7 OK for: @babel/preset-env@7.29.7 want: ^7.29.7
2341 silly placeDep ROOT @babel/plugin-transform-explicit-resource-management@7.29.7 OK for: @babel/preset-env@7.29.7 want: ^7.29.7
2342 silly placeDep ROOT @babel/plugin-transform-exponentiation-operator@7.29.7 OK for: @babel/preset-env@7.29.7 want: ^7.29.7
2343 silly placeDep ROOT @babel/plugin-transform-export-namespace-from@7.29.7 OK for: @babel/preset-env@7.29.7 want: ^7.29.7
2344 silly placeDep ROOT @babel/plugin-transform-for-of@7.29.7 OK for: @babel/preset-env@7.29.7 want: ^7.29.7
2345 silly placeDep ROOT @babel/plugin-transform-function-name@7.29.7 OK for: @babel/preset-env@7.29.7 want: ^7.29.7
2346 silly placeDep ROOT @babel/plugin-transform-json-strings@7.29.7 OK for: @babel/preset-env@7.29.7 want: ^7.29.7
2347 silly placeDep ROOT @babel/plugin-transform-literals@7.29.7 OK for: @babel/preset-env@7.29.7 want: ^7.29.7
2348 silly placeDep ROOT @babel/plugin-transform-logical-assignment-operators@7.29.7 OK for: @babel/preset-env@7.29.7 want: ^7.29.7
2349 silly placeDep ROOT @babel/plugin-transform-member-expression-literals@7.29.7 OK for: @babel/preset-env@7.29.7 want: ^7.29.7
2350 silly placeDep ROOT @babel/plugin-transform-modules-amd@7.29.7 OK for: @babel/preset-env@7.29.7 want: ^7.29.7
2351 silly placeDep ROOT @babel/plugin-transform-modules-commonjs@7.29.7 OK for: @babel/preset-env@7.29.7 want: ^7.29.7
2352 silly placeDep ROOT @babel/plugin-transform-modules-systemjs@7.29.8 OK for: @babel/preset-env@7.29.7 want: ^7.29.7
2353 silly placeDep ROOT @babel/plugin-transform-modules-umd@7.29.7 OK for: @babel/preset-env@7.29.7 want: ^7.29.7
2354 silly placeDep ROOT @babel/plugin-transform-named-capturing-groups-regex@7.29.7 OK for: @babel/preset-env@7.29.7 want: ^7.29.7
2355 silly placeDep ROOT @babel/plugin-transform-new-target@7.29.7 OK for: @babel/preset-env@7.29.7 want: ^7.29.7
2356 silly placeDep ROOT @babel/plugin-transform-nullish-coalescing-operator@7.29.7 OK for: @babel/preset-env@7.29.7 want: ^7.29.7
2357 silly placeDep ROOT @babel/plugin-transform-numeric-separator@7.29.7 OK for: @babel/preset-env@7.29.7 want: ^7.29.7
2358 silly placeDep ROOT @babel/plugin-transform-object-rest-spread@7.29.7 OK for: @babel/preset-env@7.29.7 want: ^7.29.7
2359 silly placeDep ROOT @babel/plugin-transform-object-super@7.29.7 OK for: @babel/preset-env@7.29.7 want: ^7.29.7
2360 silly placeDep ROOT @babel/plugin-transform-optional-catch-binding@7.29.7 OK for: @babel/preset-env@7.29.7 want: ^7.29.7
2361 silly placeDep ROOT @babel/plugin-transform-optional-chaining@7.29.7 OK for: @babel/preset-env@7.29.7 want: ^7.29.7
2362 silly placeDep ROOT @babel/plugin-transform-private-methods@7.29.7 OK for: @babel/preset-env@7.29.7 want: ^7.29.7
2363 silly placeDep ROOT @babel/plugin-transform-private-property-in-object@7.29.7 OK for: @babel/preset-env@7.29.7 want: ^7.29.7
2364 silly placeDep ROOT @babel/plugin-transform-property-literals@7.29.7 OK for: @babel/preset-env@7.29.7 want: ^7.29.7
2365 silly placeDep ROOT @babel/plugin-transform-regenerator@7.29.8 OK for: @babel/preset-env@7.29.7 want: ^7.29.7
2366 silly placeDep ROOT @babel/plugin-transform-regexp-modifiers@7.29.7 OK for: @babel/preset-env@7.29.7 want: ^7.29.7
2367 silly placeDep ROOT @babel/plugin-transform-reserved-words@7.29.7 OK for: @babel/preset-env@7.29.7 want: ^7.29.7
2368 silly placeDep ROOT @babel/plugin-transform-shorthand-properties@7.29.7 OK for: @babel/preset-env@7.29.7 want: ^7.29.7
2369 silly placeDep ROOT @babel/plugin-transform-spread@7.29.8 OK for: @babel/preset-env@7.29.7 want: ^7.29.7
2370 silly placeDep ROOT @babel/plugin-transform-sticky-regex@7.29.7 OK for: @babel/preset-env@7.29.7 want: ^7.29.7
2371 silly placeDep ROOT @babel/plugin-transform-template-literals@7.29.7 OK for: @babel/preset-env@7.29.7 want: ^7.29.7
2372 silly placeDep ROOT @babel/plugin-transform-typeof-symbol@7.29.7 OK for: @babel/preset-env@7.29.7 want: ^7.29.7
2373 silly placeDep ROOT @babel/plugin-transform-unicode-escapes@7.29.7 OK for: @babel/preset-env@7.29.7 want: ^7.29.7
2374 silly placeDep ROOT @babel/plugin-transform-unicode-property-regex@7.29.7 OK for: @babel/preset-env@7.29.7 want: ^7.29.7
2375 silly placeDep ROOT @babel/plugin-transform-unicode-regex@7.29.7 OK for: @babel/preset-env@7.29.7 want: ^7.29.7
2376 silly placeDep ROOT @babel/plugin-transform-unicode-sets-regex@7.29.7 OK for: @babel/preset-env@7.29.7 want: ^7.29.7
2377 silly placeDep ROOT @babel/preset-modules@0.1.6-no-external-plugins OK for: @babel/preset-env@7.29.7 want: 0.1.6-no-external-plugins
2378 silly placeDep node_modules/@babel/preset-env babel-plugin-polyfill-corejs3@0.14.2 OK for: @babel/preset-env@7.29.7 want: ^0.14.0
2379 silly placeDep ROOT core-js-compat@3.49.0 OK for: @babel/preset-env@7.29.7 want: ^3.48.0
2380 silly fetch manifest @babel/helper-skip-transparent-expression-wrappers@^7.29.7
2381 silly packumentCache full:https://registry.npmjs.org/@babel%2fhelper-skip-transparent-expression-wrappers cache-miss
2382 silly fetch manifest @babel/helper-skip-transparent-expression-wrappers@^7.29.7
2383 silly packumentCache full:https://registry.npmjs.org/@babel%2fhelper-skip-transparent-expression-wrappers cache-miss
2384 silly fetch manifest @babel/helper-create-regexp-features-plugin@^7.18.6
2385 silly packumentCache full:https://registry.npmjs.org/@babel%2fhelper-create-regexp-features-plugin cache-miss
2386 silly fetch manifest @babel/helper-remap-async-to-generator@^7.29.7
2387 silly packumentCache full:https://registry.npmjs.org/@babel%2fhelper-remap-async-to-generator cache-miss
2388 silly fetch manifest @babel/helper-remap-async-to-generator@^7.29.7
2389 silly packumentCache full:https://registry.npmjs.org/@babel%2fhelper-remap-async-to-generator cache-miss
2390 silly fetch manifest @babel/helper-create-class-features-plugin@^7.29.7
2391 silly packumentCache full:https://registry.npmjs.org/@babel%2fhelper-create-class-features-plugin cache-miss
2392 silly fetch manifest @babel/helper-create-class-features-plugin@^7.29.7
2393 silly packumentCache full:https://registry.npmjs.org/@babel%2fhelper-create-class-features-plugin cache-miss
2394 silly fetch manifest @babel/helper-replace-supers@^7.29.7
2395 silly packumentCache full:https://registry.npmjs.org/@babel%2fhelper-replace-supers cache-miss
2396 silly fetch manifest @babel/helper-annotate-as-pure@^7.29.7
2397 silly packumentCache full:https://registry.npmjs.org/@babel%2fhelper-annotate-as-pure cache-miss
2398 silly fetch manifest @babel/helper-create-regexp-features-plugin@^7.29.7
2399 silly packumentCache full:https://registry.npmjs.org/@babel%2fhelper-create-regexp-features-plugin cache-miss
2400 silly fetch manifest @babel/helper-create-regexp-features-plugin@^7.29.7
2401 silly packumentCache full:https://registry.npmjs.org/@babel%2fhelper-create-regexp-features-plugin cache-miss
2402 silly fetch manifest @babel/helper-skip-transparent-expression-wrappers@^7.29.7
2403 silly packumentCache full:https://registry.npmjs.org/@babel%2fhelper-skip-transparent-expression-wrappers cache-miss
2404 silly fetch manifest @babel/helper-create-regexp-features-plugin@^7.29.7
2405 silly packumentCache full:https://registry.npmjs.org/@babel%2fhelper-create-regexp-features-plugin cache-miss
2406 silly fetch manifest @babel/helper-replace-supers@^7.29.7
2407 silly packumentCache full:https://registry.npmjs.org/@babel%2fhelper-replace-supers cache-miss
2408 silly fetch manifest @babel/helper-skip-transparent-expression-wrappers@^7.29.7
2409 silly packumentCache full:https://registry.npmjs.org/@babel%2fhelper-skip-transparent-expression-wrappers cache-miss
2410 http fetch GET 200 https://registry.npmjs.org/@babel%2fhelper-skip-transparent-expression-wrappers 81ms (cache miss)
2411 silly packumentCache full:https://registry.npmjs.org/@babel%2fhelper-skip-transparent-expression-wrappers set size:undefined disposed:false
2412 silly fetch manifest @babel/helper-create-class-features-plugin@^7.29.7
2413 silly packumentCache full:https://registry.npmjs.org/@babel%2fhelper-create-class-features-plugin cache-miss
2414 http fetch GET 200 https://registry.npmjs.org/@babel%2fhelper-skip-transparent-expression-wrappers 80ms (cache miss)
2415 silly packumentCache full:https://registry.npmjs.org/@babel%2fhelper-skip-transparent-expression-wrappers set size:undefined disposed:false
2416 silly fetch manifest @babel/helper-annotate-as-pure@^7.29.7
2417 silly packumentCache full:https://registry.npmjs.org/@babel%2fhelper-annotate-as-pure cache-miss
2418 http fetch GET 200 https://registry.npmjs.org/@babel%2fhelper-create-regexp-features-plugin 95ms (cache miss)
2419 silly packumentCache full:https://registry.npmjs.org/@babel%2fhelper-create-regexp-features-plugin set size:undefined disposed:false
2420 silly fetch manifest @babel/helper-create-class-features-plugin@^7.29.7
2421 silly packumentCache full:https://registry.npmjs.org/@babel%2fhelper-create-class-features-plugin cache-miss
2422 http fetch GET 200 https://registry.npmjs.org/@babel%2fhelper-remap-async-to-generator 129ms (cache miss)
2423 silly packumentCache full:https://registry.npmjs.org/@babel%2fhelper-remap-async-to-generator set size:undefined disposed:false
2424 silly fetch manifest esutils@^2.0.2
2425 silly packumentCache full:https://registry.npmjs.org/esutils cache-miss
2426 http fetch GET 200 https://registry.npmjs.org/@babel%2fhelper-create-regexp-features-plugin 146ms (cache miss)
2427 silly packumentCache full:https://registry.npmjs.org/@babel%2fhelper-create-regexp-features-plugin set size:undefined disposed:false
2428 http fetch GET 200 https://registry.npmjs.org/@babel%2fhelper-replace-supers 149ms (cache miss)
2429 silly packumentCache full:https://registry.npmjs.org/@babel%2fhelper-replace-supers set size:undefined disposed:false
2430 http fetch GET 200 https://registry.npmjs.org/@babel%2fhelper-create-regexp-features-plugin 158ms (cache miss)
2431 silly packumentCache full:https://registry.npmjs.org/@babel%2fhelper-create-regexp-features-plugin set size:undefined disposed:false
2432 http fetch GET 200 https://registry.npmjs.org/@babel%2fhelper-remap-async-to-generator 164ms (cache miss)
2433 silly packumentCache full:https://registry.npmjs.org/@babel%2fhelper-remap-async-to-generator set size:undefined disposed:false
2434 http fetch GET 200 https://registry.npmjs.org/@babel%2fhelper-skip-transparent-expression-wrappers 162ms (cache miss)
2435 silly packumentCache full:https://registry.npmjs.org/@babel%2fhelper-skip-transparent-expression-wrappers set size:undefined disposed:false
2436 http fetch GET 200 https://registry.npmjs.org/@babel%2fhelper-skip-transparent-expression-wrappers 168ms (cache miss)
2437 silly packumentCache full:https://registry.npmjs.org/@babel%2fhelper-skip-transparent-expression-wrappers set size:undefined disposed:false
2438 http fetch GET 200 https://registry.npmjs.org/@babel%2fhelper-replace-supers 167ms (cache miss)
2439 silly packumentCache full:https://registry.npmjs.org/@babel%2fhelper-replace-supers set size:undefined disposed:false
2440 http fetch GET 200 https://registry.npmjs.org/@babel%2fhelper-create-regexp-features-plugin 176ms (cache miss)
2441 silly packumentCache full:https://registry.npmjs.org/@babel%2fhelper-create-regexp-features-plugin set size:undefined disposed:false
2442 http fetch GET 200 https://registry.npmjs.org/@babel%2fhelper-create-class-features-plugin 181ms (cache miss)
2443 silly packumentCache full:https://registry.npmjs.org/@babel%2fhelper-create-class-features-plugin set size:undefined disposed:false
2444 http fetch GET 200 https://registry.npmjs.org/@babel%2fhelper-create-class-features-plugin 190ms (cache miss)
2445 silly packumentCache full:https://registry.npmjs.org/@babel%2fhelper-create-class-features-plugin set size:undefined disposed:false
2446 http fetch GET 200 https://registry.npmjs.org/@babel%2fhelper-create-class-features-plugin 118ms (cache miss)
2447 silly packumentCache full:https://registry.npmjs.org/@babel%2fhelper-create-class-features-plugin set size:undefined disposed:false
2448 http fetch GET 200 https://registry.npmjs.org/@babel%2fhelper-create-class-features-plugin 104ms (cache miss)
2449 silly packumentCache full:https://registry.npmjs.org/@babel%2fhelper-create-class-features-plugin set size:undefined disposed:false
2450 http fetch GET 200 https://registry.npmjs.org/esutils 86ms (cache miss)
2451 silly packumentCache full:https://registry.npmjs.org/esutils set size:undefined disposed:false
2452 http fetch GET 200 https://registry.npmjs.org/@babel%2fhelper-annotate-as-pure 153ms (cache miss)
2453 silly packumentCache full:https://registry.npmjs.org/@babel%2fhelper-annotate-as-pure set size:undefined disposed:false
2454 http fetch GET 200 https://registry.npmjs.org/@babel%2fhelper-annotate-as-pure 238ms (cache miss)
2455 silly packumentCache full:https://registry.npmjs.org/@babel%2fhelper-annotate-as-pure set size:undefined disposed:false
2456 silly placeDep ROOT @babel/helper-skip-transparent-expression-wrappers@7.29.7 OK for: @babel/plugin-bugfix-safari-rest-destructuring-rhs-array@7.29.7 want: ^7.29.7
2457 silly placeDep ROOT @babel/helper-create-regexp-features-plugin@7.29.7 OK for: @babel/plugin-syntax-unicode-sets-regex@7.18.6 want: ^7.18.6
2458 silly fetch manifest regexpu-core@^6.3.1
2459 silly packumentCache full:https://registry.npmjs.org/regexpu-core cache-miss
2460 http fetch GET 200 https://registry.npmjs.org/regexpu-core 76ms (cache miss)
2461 silly packumentCache full:https://registry.npmjs.org/regexpu-core set size:undefined disposed:false
2462 silly placeDep ROOT @babel/helper-annotate-as-pure@7.29.7 OK for: @babel/helper-create-regexp-features-plugin@7.29.7 want: ^7.29.7
2463 silly placeDep ROOT regexpu-core@6.4.0 OK for: @babel/helper-create-regexp-features-plugin@7.29.7 want: ^6.3.1
2464 silly fetch manifest regenerate@^1.4.2
2465 silly packumentCache full:https://registry.npmjs.org/regenerate cache-miss
2466 silly fetch manifest regenerate-unicode-properties@^10.2.2
2467 silly packumentCache full:https://registry.npmjs.org/regenerate-unicode-properties cache-miss
2468 silly fetch manifest regjsgen@^0.8.0
2469 silly packumentCache full:https://registry.npmjs.org/regjsgen cache-miss
2470 silly fetch manifest regjsparser@^0.13.0
2471 silly packumentCache full:https://registry.npmjs.org/regjsparser cache-miss
2472 silly fetch manifest unicode-match-property-ecmascript@^2.0.0
2473 silly packumentCache full:https://registry.npmjs.org/unicode-match-property-ecmascript cache-miss
2474 silly fetch manifest unicode-match-property-value-ecmascript@^2.2.1
2475 silly packumentCache full:https://registry.npmjs.org/unicode-match-property-value-ecmascript cache-miss
2476 http fetch GET 200 https://registry.npmjs.org/regjsgen 72ms (cache miss)
2477 silly packumentCache full:https://registry.npmjs.org/regjsgen set size:undefined disposed:false
2478 http fetch GET 200 https://registry.npmjs.org/regenerate 74ms (cache miss)
2479 silly packumentCache full:https://registry.npmjs.org/regenerate set size:undefined disposed:false
2480 http fetch GET 200 https://registry.npmjs.org/unicode-match-property-value-ecmascript 74ms (cache miss)
2481 silly packumentCache full:https://registry.npmjs.org/unicode-match-property-value-ecmascript set size:undefined disposed:false
2482 http fetch GET 200 https://registry.npmjs.org/unicode-match-property-ecmascript 76ms (cache miss)
2483 silly packumentCache full:https://registry.npmjs.org/unicode-match-property-ecmascript set size:undefined disposed:false
2484 http fetch GET 200 https://registry.npmjs.org/regenerate-unicode-properties 78ms (cache miss)
2485 silly packumentCache full:https://registry.npmjs.org/regenerate-unicode-properties set size:undefined disposed:false
2486 http fetch GET 200 https://registry.npmjs.org/regjsparser 222ms (cache miss)
2487 silly packumentCache full:https://registry.npmjs.org/regjsparser set size:undefined disposed:false
2488 silly placeDep ROOT @babel/helper-remap-async-to-generator@7.29.7 OK for: @babel/plugin-transform-async-generator-functions@7.29.7 want: ^7.29.7
2489 silly fetch manifest @babel/helper-wrap-function@^7.29.7
2490 silly packumentCache full:https://registry.npmjs.org/@babel%2fhelper-wrap-function cache-miss
2491 http fetch GET 200 https://registry.npmjs.org/@babel%2fhelper-wrap-function 230ms (cache miss)
2492 silly packumentCache full:https://registry.npmjs.org/@babel%2fhelper-wrap-function set size:undefined disposed:false
2493 silly placeDep ROOT @babel/helper-wrap-function@7.29.7 OK for: @babel/helper-remap-async-to-generator@7.29.7 want: ^7.29.7
2494 silly placeDep ROOT @babel/helper-create-class-features-plugin@7.29.7 OK for: @babel/plugin-transform-class-properties@7.29.7 want: ^7.29.7
2495 silly fetch manifest @babel/helper-optimise-call-expression@^7.29.7
2496 silly packumentCache full:https://registry.npmjs.org/@babel%2fhelper-optimise-call-expression cache-miss
2497 silly fetch manifest @babel/helper-member-expression-to-functions@^7.29.7
2498 silly packumentCache full:https://registry.npmjs.org/@babel%2fhelper-member-expression-to-functions cache-miss
2499 http fetch GET 200 https://registry.npmjs.org/@babel%2fhelper-optimise-call-expression 95ms (cache miss)
2500 silly packumentCache full:https://registry.npmjs.org/@babel%2fhelper-optimise-call-expression set size:undefined disposed:false
2501 http fetch GET 200 https://registry.npmjs.org/@babel%2fhelper-member-expression-to-functions 117ms (cache miss)
2502 silly packumentCache full:https://registry.npmjs.org/@babel%2fhelper-member-expression-to-functions set size:undefined disposed:false
2503 silly placeDep ROOT @babel/helper-member-expression-to-functions@7.29.7 OK for: @babel/helper-create-class-features-plugin@7.29.7 want: ^7.29.7
2504 silly placeDep ROOT @babel/helper-optimise-call-expression@7.29.7 OK for: @babel/helper-create-class-features-plugin@7.29.7 want: ^7.29.7
2505 silly placeDep ROOT @babel/helper-replace-supers@7.29.7 OK for: @babel/helper-create-class-features-plugin@7.29.7 want: ^7.29.7
2506 silly placeDep ROOT esutils@2.0.3 OK for: @babel/preset-modules@0.1.6-no-external-plugins want: ^2.0.2
2507 silly placeDep ROOT @types/node@26.1.2 OK for: @types/clean-css@4.2.11 want: *
2508 silly placeDep ROOT source-map@0.6.1 OK for: @types/clean-css@4.2.11 want: ^0.6.0
2509 silly fetch manifest undici-types@~8.3.0
2510 silly packumentCache full:https://registry.npmjs.org/undici-types cache-miss
2511 http fetch GET 200 https://registry.npmjs.org/undici-types 71ms (cache miss)
2512 silly packumentCache full:https://registry.npmjs.org/undici-types set size:undefined disposed:false
2513 silly placeDep ROOT @types/imagemin@9.0.1 OK for: @types/imagemin-gifsicle@7.0.4 want: *
2514 silly placeDep ROOT @types/svgo@1.3.6 OK for: @types/imagemin-svgo@8.0.1 want: ^1
2515 silly placeDep ROOT undici-types@8.3.0 OK for: @types/node@26.1.2 want: ~8.3.0
2516 silly placeDep ROOT find-cache-dir@3.3.2 OK for: babel-loader@8.4.1 want: ^3.3.1
2517 silly placeDep ROOT loader-utils@2.0.4 OK for: babel-loader@8.4.1 want: ^2.0.4
2518 silly placeDep ROOT make-dir@3.1.0 OK for: babel-loader@8.4.1 want: ^3.1.0
2519 silly placeDep ROOT schema-utils@2.7.1 OK for: babel-loader@8.4.1 want: ^2.6.5
2520 silly fetch manifest pkg-dir@^4.1.0
2521 silly packumentCache full:https://registry.npmjs.org/pkg-dir cache-miss
2522 silly fetch manifest make-dir@^3.0.2
2523 silly packumentCache full:https://registry.npmjs.org/make-dir cache-hit
2524 silly fetch manifest commondir@^1.0.1
2525 silly packumentCache full:https://registry.npmjs.org/commondir cache-miss
2526 silly fetch manifest big.js@^5.2.2
2527 silly packumentCache full:https://registry.npmjs.org/big.js cache-miss
2528 silly fetch manifest emojis-list@^3.0.0
2529 silly packumentCache full:https://registry.npmjs.org/emojis-list cache-miss
2530 silly fetch manifest ajv@^6.12.4
2531 silly packumentCache full:https://registry.npmjs.org/ajv cache-miss
2532 silly fetch manifest ajv-keywords@^3.5.2
2533 silly packumentCache full:https://registry.npmjs.org/ajv-keywords cache-miss
2534 silly fetch manifest @types/json-schema@^7.0.5
2535 silly packumentCache full:https://registry.npmjs.org/@types%2fjson-schema cache-miss
2536 http cache https://registry.npmjs.org/@types%2fjson-schema 9ms (cache hit)
2537 silly packumentCache full:https://registry.npmjs.org/@types%2fjson-schema set size:44704 disposed:false
2538 http fetch GET 200 https://registry.npmjs.org/commondir 72ms (cache miss)
2539 silly packumentCache full:https://registry.npmjs.org/commondir set size:undefined disposed:false
2540 http fetch GET 200 https://registry.npmjs.org/emojis-list 74ms (cache miss)
2541 silly packumentCache full:https://registry.npmjs.org/emojis-list set size:undefined disposed:false
2542 http fetch GET 200 https://registry.npmjs.org/pkg-dir 88ms (cache miss)
2543 silly packumentCache full:https://registry.npmjs.org/pkg-dir set size:undefined disposed:false
2544 http fetch GET 200 https://registry.npmjs.org/big.js 104ms (cache miss)
2545 silly packumentCache full:https://registry.npmjs.org/big.js set size:undefined disposed:false
2546 http fetch GET 200 https://registry.npmjs.org/ajv-keywords 111ms (cache miss)
2547 silly packumentCache full:https://registry.npmjs.org/ajv-keywords set size:undefined disposed:false
2548 http fetch GET 200 https://registry.npmjs.org/ajv 157ms (cache miss)
2549 silly packumentCache full:https://registry.npmjs.org/ajv set size:undefined disposed:false
2550 silly fetch manifest @babel/core@^7.4.0 || ^8.0.0-0 <8.0.0
2551 silly packumentCache full:https://registry.npmjs.org/@babel%2fcore cache-hit
2552 silly placeDep ROOT @babel/helper-define-polyfill-provider@0.6.8 OK for: babel-plugin-polyfill-corejs2@0.4.17 want: ^0.6.8
2553 silly fetch manifest resolve@^1.22.11
2554 silly packumentCache full:https://registry.npmjs.org/resolve cache-miss
2555 silly fetch manifest lodash.debounce@^4.0.8
2556 silly packumentCache full:https://registry.npmjs.org/lodash.debounce cache-miss
2557 http cache https://registry.npmjs.org/resolve 11ms (cache hit)
2558 silly packumentCache full:https://registry.npmjs.org/resolve set size:244568 disposed:false
2559 http fetch GET 200 https://registry.npmjs.org/lodash.debounce 73ms (cache miss)
2560 silly packumentCache full:https://registry.npmjs.org/lodash.debounce set size:undefined disposed:false
2561 silly placeDep ROOT lodash.debounce@4.0.8 OK for: @babel/helper-define-polyfill-provider@0.6.8 want: ^4.0.8
2562 silly placeDep ROOT resolve@1.22.12 OK for: @babel/helper-define-polyfill-provider@0.6.8 want: ^1.22.11
2563 silly fetch manifest path-parse@^1.0.7
2564 silly packumentCache full:https://registry.npmjs.org/path-parse cache-miss
2565 silly fetch manifest is-core-module@^2.16.1
2566 silly packumentCache full:https://registry.npmjs.org/is-core-module cache-miss
2567 silly fetch manifest supports-preserve-symlinks-flag@^1.0.0
2568 silly packumentCache full:https://registry.npmjs.org/supports-preserve-symlinks-flag cache-miss
2569 http fetch GET 200 https://registry.npmjs.org/supports-preserve-symlinks-flag 60ms (cache miss)
2570 silly packumentCache full:https://registry.npmjs.org/supports-preserve-symlinks-flag set size:undefined disposed:false
2571 http fetch GET 200 https://registry.npmjs.org/path-parse 62ms (cache miss)
2572 silly packumentCache full:https://registry.npmjs.org/path-parse set size:undefined disposed:false
2573 http fetch GET 200 https://registry.npmjs.org/is-core-module 83ms (cache miss)
2574 silly packumentCache full:https://registry.npmjs.org/is-core-module set size:undefined disposed:false
2575 silly placeDep ROOT ansi-styles@4.3.0 OK for: chalk@4.1.2 want: ^4.1.0
2576 silly placeDep ROOT supports-color@7.2.0 OK for: chalk@4.1.2 want: ^7.1.0
2577 silly fetch manifest color-convert@^2.0.1
2578 silly packumentCache full:https://registry.npmjs.org/color-convert cache-miss
2579 silly fetch manifest has-flag@^4.0.0
2580 silly packumentCache full:https://registry.npmjs.org/has-flag cache-miss
2581 http fetch GET 200 https://registry.npmjs.org/has-flag 115ms (cache miss)
2582 silly packumentCache full:https://registry.npmjs.org/has-flag set size:undefined disposed:false
2583 http fetch GET 200 https://registry.npmjs.org/color-convert 117ms (cache miss)
2584 silly packumentCache full:https://registry.npmjs.org/color-convert set size:undefined disposed:false
2585 silly placeDep ROOT color-convert@2.0.1 OK for: ansi-styles@4.3.0 want: ^2.0.1
2586 silly fetch manifest color-name@~1.1.4
2587 silly packumentCache full:https://registry.npmjs.org/color-name cache-miss
2588 http fetch GET 200 https://registry.npmjs.org/color-name 64ms (cache miss)
2589 silly packumentCache full:https://registry.npmjs.org/color-name set size:undefined disposed:false
2590 silly placeDep ROOT anymatch@3.1.3 OK for: chokidar@3.6.0 want: ~3.1.2
2591 silly placeDep ROOT braces@3.0.3 OK for: chokidar@3.6.0 want: ~3.0.2
2592 silly placeDep ROOT fsevents@2.3.3 OK for: chokidar@3.6.0 want: ~2.3.2
2593 silly placeDep ROOT glob-parent@5.1.2 OK for: chokidar@3.6.0 want: ~5.1.2
2594 silly placeDep ROOT is-binary-path@2.1.0 OK for: chokidar@3.6.0 want: ~2.1.0
2595 silly placeDep ROOT is-glob@4.0.3 OK for: chokidar@3.6.0 want: ~4.0.1
2596 silly placeDep ROOT normalize-path@3.0.0 OK for: chokidar@3.6.0 want: ~3.0.0
2597 silly placeDep ROOT readdirp@3.6.0 OK for: chokidar@3.6.0 want: ~3.6.0
2598 silly fetch manifest picomatch@^2.0.4
2599 silly packumentCache full:https://registry.npmjs.org/picomatch cache-miss
2600 silly fetch manifest fill-range@^7.1.1
2601 silly packumentCache full:https://registry.npmjs.org/fill-range cache-miss
2602 silly fetch manifest is-glob@^4.0.1
2603 silly packumentCache full:https://registry.npmjs.org/is-glob cache-hit
2604 silly fetch manifest binary-extensions@^2.0.0
2605 silly packumentCache full:https://registry.npmjs.org/binary-extensions cache-miss
2606 silly fetch manifest is-extglob@^2.1.1
2607 silly packumentCache full:https://registry.npmjs.org/is-extglob cache-miss
2608 silly fetch manifest picomatch@^2.2.1
2609 silly packumentCache full:https://registry.npmjs.org/picomatch cache-miss
2610 http fetch GET 200 https://registry.npmjs.org/binary-extensions 75ms (cache miss)
2611 silly packumentCache full:https://registry.npmjs.org/binary-extensions set size:undefined disposed:false
2612 http fetch GET 200 https://registry.npmjs.org/is-extglob 76ms (cache miss)
2613 silly packumentCache full:https://registry.npmjs.org/is-extglob set size:undefined disposed:false
2614 http fetch GET 200 https://registry.npmjs.org/picomatch 79ms (cache miss)
2615 silly packumentCache full:https://registry.npmjs.org/picomatch set size:undefined disposed:false
2616 http fetch GET 200 https://registry.npmjs.org/picomatch 79ms (cache miss)
2617 silly packumentCache full:https://registry.npmjs.org/picomatch set size:undefined disposed:false
2618 http fetch GET 200 https://registry.npmjs.org/fill-range 84ms (cache miss)
2619 silly packumentCache full:https://registry.npmjs.org/fill-range set size:undefined disposed:false
2620 silly placeDep ROOT picomatch@2.3.2 OK for: anymatch@3.1.3 want: ^2.0.4
2621 silly placeDep ROOT fill-range@7.1.1 OK for: braces@3.0.3 want: ^7.1.1
2622 silly fetch manifest to-regex-range@^5.0.1
2623 silly packumentCache full:https://registry.npmjs.org/to-regex-range cache-miss
2624 http fetch GET 200 https://registry.npmjs.org/to-regex-range 63ms (cache miss)
2625 silly packumentCache full:https://registry.npmjs.org/to-regex-range set size:undefined disposed:false
2626 silly placeDep ROOT @colors/colors@1.5.0 OK for: cli-table3@0.6.5 want: 1.5.0
2627 silly placeDep ROOT string-width@4.2.3 OK for: cli-table3@0.6.5 want: ^4.2.0
2628 silly fetch manifest emoji-regex@^8.0.0
2629 silly packumentCache full:https://registry.npmjs.org/emoji-regex cache-miss
2630 silly fetch manifest is-fullwidth-code-point@^3.0.0
2631 silly packumentCache full:https://registry.npmjs.org/is-fullwidth-code-point cache-miss
2632 http fetch GET 200 https://registry.npmjs.org/is-fullwidth-code-point 68ms (cache miss)
2633 silly packumentCache full:https://registry.npmjs.org/is-fullwidth-code-point set size:undefined disposed:false
2634 http fetch GET 200 https://registry.npmjs.org/emoji-regex 69ms (cache miss)
2635 silly packumentCache full:https://registry.npmjs.org/emoji-regex set size:undefined disposed:false
2636 silly placeDep ROOT color-name@1.1.4 OK for: color-convert@2.0.1 want: ~1.1.4
2637 silly placeDep node_modules/concat commander@2.20.3 OK for: concat@1.0.3 want: ^2.9.0
2638 silly fetch manifest postcss@^8.2.15
2639 silly packumentCache full:https://registry.npmjs.org/postcss cache-hit
2640 silly placeDep ROOT icss-utils@5.1.0 OK for: css-loader@5.2.7 want: ^5.1.0
2641 silly placeDep ROOT postcss-modules-extract-imports@3.1.0 OK for: css-loader@5.2.7 want: ^3.0.0
2642 silly placeDep ROOT postcss-modules-local-by-default@4.2.0 OK for: css-loader@5.2.7 want: ^4.0.0
2643 silly placeDep ROOT postcss-modules-scope@3.2.1 OK for: css-loader@5.2.7 want: ^3.0.0
2644 silly placeDep ROOT postcss-modules-values@4.0.0 OK for: css-loader@5.2.7 want: ^4.0.0
2645 silly placeDep node_modules/css-loader schema-utils@3.3.0 OK for: css-loader@5.2.7 want: ^3.0.0
2646 silly placeDep node_modules/css-loader semver@7.8.5 OK for: css-loader@5.2.7 want: ^7.3.5
2647 silly fetch manifest postcss-selector-parser@^7.0.0
2648 silly packumentCache full:https://registry.npmjs.org/postcss-selector-parser cache-miss
2649 silly fetch manifest postcss-selector-parser@^7.0.0
2650 silly packumentCache full:https://registry.npmjs.org/postcss-selector-parser cache-miss
2651 silly fetch manifest ajv@^6.12.5
2652 silly packumentCache full:https://registry.npmjs.org/ajv cache-miss
2653 silly fetch manifest @types/json-schema@^7.0.8
2654 silly packumentCache full:https://registry.npmjs.org/@types%2fjson-schema cache-hit
2655 http cache https://registry.npmjs.org/postcss-selector-parser 34ms (cache hit)
2656 silly packumentCache full:https://registry.npmjs.org/postcss-selector-parser set size:193966 disposed:false
2657 http cache https://registry.npmjs.org/postcss-selector-parser 37ms (cache hit)
2658 silly packumentCache full:https://registry.npmjs.org/postcss-selector-parser set size:193966 disposed:false
2659 silly packumentCache full:https://registry.npmjs.org/postcss-selector-parser dispose
2660 http cache https://registry.npmjs.org/ajv 40ms (cache hit)
2661 silly packumentCache full:https://registry.npmjs.org/ajv set size:1142658 disposed:false
2662 silly placeDep ROOT cssnano-preset-default@5.2.14 OK for: cssnano@5.1.15 want: ^5.2.14
2663 silly placeDep ROOT lilconfig@2.1.0 OK for: cssnano@5.1.15 want: ^2.0.3
2664 silly placeDep ROOT yaml@1.10.3 OK for: cssnano@5.1.15 want: ^1.10.2
2665 silly fetch manifest postcss-calc@^8.2.3
2666 silly packumentCache full:https://registry.npmjs.org/postcss-calc cache-miss
2667 silly fetch manifest postcss-svgo@^5.1.0
2668 silly packumentCache full:https://registry.npmjs.org/postcss-svgo cache-miss
2669 silly fetch manifest cssnano-utils@^3.1.0
2670 silly packumentCache full:https://registry.npmjs.org/cssnano-utils cache-miss
2671 silly fetch manifest postcss-colormin@^5.3.1
2672 silly packumentCache full:https://registry.npmjs.org/postcss-colormin cache-miss
2673 silly fetch manifest postcss-merge-rules@^5.1.4
2674 silly packumentCache full:https://registry.npmjs.org/postcss-merge-rules cache-miss
2675 silly fetch manifest postcss-discard-empty@^5.1.1
2676 silly packumentCache full:https://registry.npmjs.org/postcss-discard-empty cache-miss
2677 silly fetch manifest postcss-minify-params@^5.1.4
2678 silly packumentCache full:https://registry.npmjs.org/postcss-minify-params cache-miss
2679 silly fetch manifest postcss-normalize-url@^5.1.0
2680 silly packumentCache full:https://registry.npmjs.org/postcss-normalize-url cache-miss
2681 silly fetch manifest css-declaration-sorter@^6.3.1
2682 silly packumentCache full:https://registry.npmjs.org/css-declaration-sorter cache-miss
2683 silly fetch manifest postcss-convert-values@^5.1.3
2684 silly packumentCache full:https://registry.npmjs.org/postcss-convert-values cache-miss
2685 silly fetch manifest postcss-merge-longhand@^5.1.7
2686 silly packumentCache full:https://registry.npmjs.org/postcss-merge-longhand cache-miss
2687 silly fetch manifest postcss-ordered-values@^5.1.3
2688 silly packumentCache full:https://registry.npmjs.org/postcss-ordered-values cache-miss
2689 silly fetch manifest postcss-reduce-initial@^5.1.2
2690 silly packumentCache full:https://registry.npmjs.org/postcss-reduce-initial cache-miss
2691 silly fetch manifest postcss-discard-comments@^5.1.2
2692 silly packumentCache full:https://registry.npmjs.org/postcss-discard-comments cache-miss
2693 silly fetch manifest postcss-minify-gradients@^5.1.1
2694 silly packumentCache full:https://registry.npmjs.org/postcss-minify-gradients cache-miss
2695 http fetch GET 200 https://registry.npmjs.org/postcss-calc 73ms (cache miss)
2696 silly packumentCache full:https://registry.npmjs.org/postcss-calc set size:undefined disposed:false
2697 silly fetch manifest postcss-minify-selectors@^5.2.1
2698 silly packumentCache full:https://registry.npmjs.org/postcss-minify-selectors cache-miss
2699 http fetch GET 200 https://registry.npmjs.org/postcss-discard-empty 84ms (cache miss)
2700 silly packumentCache full:https://registry.npmjs.org/postcss-discard-empty set size:undefined disposed:false
2701 silly fetch manifest postcss-normalize-string@^5.1.0
2702 silly packumentCache full:https://registry.npmjs.org/postcss-normalize-string cache-miss
2703 http fetch GET 200 https://registry.npmjs.org/postcss-svgo 95ms (cache miss)
2704 silly packumentCache full:https://registry.npmjs.org/postcss-svgo set size:undefined disposed:false
2705 silly fetch manifest postcss-unique-selectors@^5.1.1
2706 silly packumentCache full:https://registry.npmjs.org/postcss-unique-selectors cache-miss
2707 http fetch GET 200 https://registry.npmjs.org/css-declaration-sorter 97ms (cache miss)
2708 silly packumentCache full:https://registry.npmjs.org/css-declaration-sorter set size:undefined disposed:false
2709 silly fetch manifest postcss-normalize-charset@^5.1.0
2710 silly packumentCache full:https://registry.npmjs.org/postcss-normalize-charset cache-miss
2711 http fetch GET 200 https://registry.npmjs.org/postcss-normalize-url 105ms (cache miss)
2712 silly packumentCache full:https://registry.npmjs.org/postcss-normalize-url set size:undefined disposed:false
2713 silly fetch manifest postcss-normalize-unicode@^5.1.1
2714 silly packumentCache full:https://registry.npmjs.org/postcss-normalize-unicode cache-miss
2715 http fetch GET 200 https://registry.npmjs.org/postcss-minify-gradients 150ms (cache miss)
2716 silly packumentCache full:https://registry.npmjs.org/postcss-minify-gradients set size:undefined disposed:false
2717 silly fetch manifest postcss-reduce-transforms@^5.1.0
2718 silly packumentCache full:https://registry.npmjs.org/postcss-reduce-transforms cache-miss
2719 http fetch GET 200 https://registry.npmjs.org/postcss-merge-longhand 156ms (cache miss)
2720 silly packumentCache full:https://registry.npmjs.org/postcss-merge-longhand set size:undefined disposed:false
2721 silly fetch manifest postcss-discard-duplicates@^5.1.0
2722 silly packumentCache full:https://registry.npmjs.org/postcss-discard-duplicates cache-miss
2723 http fetch GET 200 https://registry.npmjs.org/postcss-convert-values 161ms (cache miss)
2724 silly packumentCache full:https://registry.npmjs.org/postcss-convert-values set size:undefined disposed:false
2725 silly fetch manifest postcss-discard-overridden@^5.1.0
2726 silly packumentCache full:https://registry.npmjs.org/postcss-discard-overridden cache-miss
2727 http fetch GET 200 https://registry.npmjs.org/postcss-reduce-initial 168ms (cache miss)
2728 silly packumentCache full:https://registry.npmjs.org/postcss-reduce-initial set size:undefined disposed:false
2729 silly fetch manifest postcss-minify-font-values@^5.1.0
2730 silly packumentCache full:https://registry.npmjs.org/postcss-minify-font-values cache-miss
2731 http fetch GET 200 https://registry.npmjs.org/cssnano-utils 177ms (cache miss)
2732 silly packumentCache full:https://registry.npmjs.org/cssnano-utils set size:undefined disposed:false
2733 silly fetch manifest postcss-normalize-positions@^5.1.1
2734 silly packumentCache full:https://registry.npmjs.org/postcss-normalize-positions cache-miss
2735 http fetch GET 200 https://registry.npmjs.org/postcss-minify-params 181ms (cache miss)
2736 silly packumentCache full:https://registry.npmjs.org/postcss-minify-params set size:undefined disposed:false
2737 silly fetch manifest postcss-normalize-whitespace@^5.1.1
2738 silly packumentCache full:https://registry.npmjs.org/postcss-normalize-whitespace cache-miss
2739 http fetch GET 200 https://registry.npmjs.org/postcss-ordered-values 184ms (cache miss)
2740 silly packumentCache full:https://registry.npmjs.org/postcss-ordered-values set size:undefined disposed:false
2741 silly fetch manifest postcss-normalize-repeat-style@^5.1.1
2742 silly packumentCache full:https://registry.npmjs.org/postcss-normalize-repeat-style cache-miss
2743 http fetch GET 200 https://registry.npmjs.org/postcss-minify-selectors 116ms (cache miss)
2744 silly packumentCache full:https://registry.npmjs.org/postcss-minify-selectors set size:undefined disposed:false
2745 silly fetch manifest postcss-normalize-display-values@^5.1.0
2746 silly packumentCache full:https://registry.npmjs.org/postcss-normalize-display-values cache-miss
2747 http fetch GET 200 https://registry.npmjs.org/postcss-normalize-charset 134ms (cache miss)
2748 silly packumentCache full:https://registry.npmjs.org/postcss-normalize-charset set size:undefined disposed:false
2749 silly fetch manifest postcss-normalize-timing-functions@^5.1.0
2750 silly packumentCache full:https://registry.npmjs.org/postcss-normalize-timing-functions cache-miss
2751 http fetch GET 200 https://registry.npmjs.org/postcss-reduce-transforms 101ms (cache miss)
2752 silly packumentCache full:https://registry.npmjs.org/postcss-reduce-transforms set size:undefined disposed:false
2753 http fetch GET 200 https://registry.npmjs.org/postcss-normalize-unicode 150ms (cache miss)
2754 silly packumentCache full:https://registry.npmjs.org/postcss-normalize-unicode set size:undefined disposed:false
2755 http fetch GET 200 https://registry.npmjs.org/postcss-unique-selectors 168ms (cache miss)
2756 silly packumentCache full:https://registry.npmjs.org/postcss-unique-selectors set size:undefined disposed:false
2757 http fetch GET 200 https://registry.npmjs.org/postcss-merge-rules 276ms (cache miss)
2758 silly packumentCache full:https://registry.npmjs.org/postcss-merge-rules set size:undefined disposed:false
2759 http fetch GET 200 https://registry.npmjs.org/postcss-discard-overridden 114ms (cache miss)
2760 silly packumentCache full:https://registry.npmjs.org/postcss-discard-overridden set size:undefined disposed:false
2761 http fetch GET 200 https://registry.npmjs.org/postcss-discard-duplicates 123ms (cache miss)
2762 silly packumentCache full:https://registry.npmjs.org/postcss-discard-duplicates set size:undefined disposed:false
2763 http fetch GET 200 https://registry.npmjs.org/postcss-discard-comments 286ms (cache miss)
2764 silly packumentCache full:https://registry.npmjs.org/postcss-discard-comments set size:undefined disposed:false
2765 http fetch GET 200 https://registry.npmjs.org/postcss-minify-font-values 118ms (cache miss)
2766 silly packumentCache full:https://registry.npmjs.org/postcss-minify-font-values set size:undefined disposed:false
2767 http fetch GET 200 https://registry.npmjs.org/postcss-colormin 300ms (cache miss)
2768 silly packumentCache full:https://registry.npmjs.org/postcss-colormin set size:undefined disposed:false
2769 http fetch GET 200 https://registry.npmjs.org/postcss-normalize-positions 124ms (cache miss)
2770 silly packumentCache full:https://registry.npmjs.org/postcss-normalize-positions set size:undefined disposed:false
2771 http fetch GET 200 https://registry.npmjs.org/postcss-normalize-display-values 111ms (cache miss)
2772 silly packumentCache full:https://registry.npmjs.org/postcss-normalize-display-values set size:undefined disposed:false
2773 http fetch GET 200 https://registry.npmjs.org/postcss-normalize-repeat-style 121ms (cache miss)
2774 silly packumentCache full:https://registry.npmjs.org/postcss-normalize-repeat-style set size:undefined disposed:false
2775 http fetch GET 200 https://registry.npmjs.org/postcss-normalize-whitespace 128ms (cache miss)
2776 silly packumentCache full:https://registry.npmjs.org/postcss-normalize-whitespace set size:undefined disposed:false
2777 http fetch GET 200 https://registry.npmjs.org/postcss-normalize-string 248ms (cache miss)
2778 silly packumentCache full:https://registry.npmjs.org/postcss-normalize-string set size:undefined disposed:false
2779 http fetch GET 200 https://registry.npmjs.org/postcss-normalize-timing-functions 106ms (cache miss)
2780 silly packumentCache full:https://registry.npmjs.org/postcss-normalize-timing-functions set size:undefined disposed:false
2781 silly placeDep ROOT css-declaration-sorter@6.4.1 OK for: cssnano-preset-default@5.2.14 want: ^6.3.1
2782 silly placeDep ROOT cssnano-utils@3.1.0 OK for: cssnano-preset-default@5.2.14 want: ^3.1.0
2783 silly placeDep ROOT postcss-calc@8.2.4 OK for: cssnano-preset-default@5.2.14 want: ^8.2.3
2784 silly placeDep ROOT postcss-colormin@5.3.1 OK for: cssnano-preset-default@5.2.14 want: ^5.3.1
2785 silly placeDep ROOT postcss-convert-values@5.1.3 OK for: cssnano-preset-default@5.2.14 want: ^5.1.3
2786 silly placeDep ROOT postcss-discard-comments@5.1.2 OK for: cssnano-preset-default@5.2.14 want: ^5.1.2
2787 silly placeDep ROOT postcss-discard-duplicates@5.1.0 OK for: cssnano-preset-default@5.2.14 want: ^5.1.0
2788 silly placeDep ROOT postcss-discard-empty@5.1.1 OK for: cssnano-preset-default@5.2.14 want: ^5.1.1
2789 silly placeDep ROOT postcss-discard-overridden@5.1.0 OK for: cssnano-preset-default@5.2.14 want: ^5.1.0
2790 silly placeDep ROOT postcss-merge-longhand@5.1.7 OK for: cssnano-preset-default@5.2.14 want: ^5.1.7
2791 silly placeDep ROOT postcss-merge-rules@5.1.4 OK for: cssnano-preset-default@5.2.14 want: ^5.1.4
2792 silly placeDep ROOT postcss-minify-font-values@5.1.0 OK for: cssnano-preset-default@5.2.14 want: ^5.1.0
2793 silly placeDep ROOT postcss-minify-gradients@5.1.1 OK for: cssnano-preset-default@5.2.14 want: ^5.1.1
2794 silly placeDep ROOT postcss-minify-params@5.1.4 OK for: cssnano-preset-default@5.2.14 want: ^5.1.4
2795 silly placeDep ROOT postcss-minify-selectors@5.2.1 OK for: cssnano-preset-default@5.2.14 want: ^5.2.1
2796 silly placeDep ROOT postcss-normalize-charset@5.1.0 OK for: cssnano-preset-default@5.2.14 want: ^5.1.0
2797 silly placeDep ROOT postcss-normalize-display-values@5.1.0 OK for: cssnano-preset-default@5.2.14 want: ^5.1.0
2798 silly placeDep ROOT postcss-normalize-positions@5.1.1 OK for: cssnano-preset-default@5.2.14 want: ^5.1.1
2799 silly placeDep ROOT postcss-normalize-repeat-style@5.1.1 OK for: cssnano-preset-default@5.2.14 want: ^5.1.1
2800 silly placeDep ROOT postcss-normalize-string@5.1.0 OK for: cssnano-preset-default@5.2.14 want: ^5.1.0
2801 silly placeDep ROOT postcss-normalize-timing-functions@5.1.0 OK for: cssnano-preset-default@5.2.14 want: ^5.1.0
2802 silly placeDep ROOT postcss-normalize-unicode@5.1.1 OK for: cssnano-preset-default@5.2.14 want: ^5.1.1
2803 silly placeDep ROOT postcss-normalize-url@5.1.0 OK for: cssnano-preset-default@5.2.14 want: ^5.1.0
2804 silly placeDep ROOT postcss-normalize-whitespace@5.1.1 OK for: cssnano-preset-default@5.2.14 want: ^5.1.1
2805 silly placeDep ROOT postcss-ordered-values@5.1.3 OK for: cssnano-preset-default@5.2.14 want: ^5.1.3
2806 silly placeDep ROOT postcss-reduce-initial@5.1.2 OK for: cssnano-preset-default@5.2.14 want: ^5.1.2
2807 silly placeDep ROOT postcss-reduce-transforms@5.1.0 OK for: cssnano-preset-default@5.2.14 want: ^5.1.0
2808 silly placeDep ROOT postcss-svgo@5.1.0 OK for: cssnano-preset-default@5.2.14 want: ^5.1.0
2809 silly placeDep ROOT postcss-unique-selectors@5.1.1 OK for: cssnano-preset-default@5.2.14 want: ^5.1.1
2810 silly fetch manifest postcss-selector-parser@^6.0.9
2811 silly packumentCache full:https://registry.npmjs.org/postcss-selector-parser cache-hit
2812 silly fetch manifest colord@^2.9.1
2813 silly packumentCache full:https://registry.npmjs.org/colord cache-miss
2814 silly fetch manifest caniuse-api@^3.0.0
2815 silly packumentCache full:https://registry.npmjs.org/caniuse-api cache-miss
2816 silly fetch manifest stylehacks@^5.1.1
2817 silly packumentCache full:https://registry.npmjs.org/stylehacks cache-miss
2818 silly fetch manifest caniuse-api@^3.0.0
2819 silly packumentCache full:https://registry.npmjs.org/caniuse-api cache-miss
2820 silly fetch manifest postcss-selector-parser@^6.0.5
2821 silly packumentCache full:https://registry.npmjs.org/postcss-selector-parser cache-hit
2822 silly fetch manifest colord@^2.9.1
2823 silly packumentCache full:https://registry.npmjs.org/colord cache-miss
2824 silly fetch manifest postcss-selector-parser@^6.0.5
2825 silly packumentCache full:https://registry.npmjs.org/postcss-selector-parser cache-hit
2826 silly fetch manifest normalize-url@^6.0.1
2827 silly packumentCache full:https://registry.npmjs.org/normalize-url cache-miss
2828 silly fetch manifest caniuse-api@^3.0.0
2829 silly packumentCache full:https://registry.npmjs.org/caniuse-api cache-miss
2830 silly fetch manifest svgo@^2.7.0
2831 silly packumentCache full:https://registry.npmjs.org/svgo cache-miss
2832 silly fetch manifest postcss-selector-parser@^6.0.5
2833 silly packumentCache full:https://registry.npmjs.org/postcss-selector-parser cache-hit
2834 http fetch GET 200 https://registry.npmjs.org/caniuse-api 79ms (cache miss)
2835 silly packumentCache full:https://registry.npmjs.org/caniuse-api set size:undefined disposed:false
2836 http fetch GET 200 https://registry.npmjs.org/caniuse-api 80ms (cache miss)
2837 silly packumentCache full:https://registry.npmjs.org/caniuse-api set size:undefined disposed:false
2838 http fetch GET 200 https://registry.npmjs.org/caniuse-api 92ms (cache miss)
2839 silly packumentCache full:https://registry.npmjs.org/caniuse-api set size:undefined disposed:false
2840 http fetch GET 200 https://registry.npmjs.org/stylehacks 102ms (cache miss)
2841 silly packumentCache full:https://registry.npmjs.org/stylehacks set size:undefined disposed:false
2842 http fetch GET 200 https://registry.npmjs.org/colord 106ms (cache miss)
2843 silly packumentCache full:https://registry.npmjs.org/colord set size:undefined disposed:false
2844 http fetch GET 200 https://registry.npmjs.org/normalize-url 111ms (cache miss)
2845 silly packumentCache full:https://registry.npmjs.org/normalize-url set size:undefined disposed:false
2846 http fetch GET 200 https://registry.npmjs.org/colord 121ms (cache miss)
2847 silly packumentCache full:https://registry.npmjs.org/colord set size:undefined disposed:false
2848 http fetch GET 200 https://registry.npmjs.org/svgo 123ms (cache miss)
2849 silly packumentCache full:https://registry.npmjs.org/svgo set size:undefined disposed:false
2850 silly placeDep node_modules/file-loader schema-utils@3.3.0 OK for: file-loader@6.2.0 want: ^3.0.0
2851 silly placeDep ROOT to-regex-range@5.0.1 OK for: fill-range@7.1.1 want: ^5.0.1
2852 silly fetch manifest is-number@^7.0.0
2853 silly packumentCache full:https://registry.npmjs.org/is-number cache-miss
2854 http fetch GET 200 https://registry.npmjs.org/is-number 57ms (cache miss)
2855 silly packumentCache full:https://registry.npmjs.org/is-number set size:undefined disposed:false
2856 silly placeDep ROOT commondir@1.0.1 OK for: find-cache-dir@3.3.2 want: ^1.0.1
2857 silly placeDep ROOT pkg-dir@4.2.0 OK for: find-cache-dir@3.3.2 want: ^4.1.0
2858 silly fetch manifest find-up@^4.0.0
2859 silly packumentCache full:https://registry.npmjs.org/find-up cache-miss
2860 http fetch GET 200 https://registry.npmjs.org/find-up 66ms (cache miss)
2861 silly packumentCache full:https://registry.npmjs.org/find-up set size:undefined disposed:false
2862 silly placeDep ROOT graceful-fs@4.2.11 OK for: fs-extra@10.1.0 want: ^4.2.0
2863 silly placeDep ROOT jsonfile@6.2.1 OK for: fs-extra@10.1.0 want: ^6.0.1
2864 silly placeDep ROOT universalify@2.0.1 OK for: fs-extra@10.1.0 want: ^2.0.0
2865 silly placeDep ROOT fs.realpath@1.0.0 OK for: glob@7.2.3 want: ^1.0.0
2866 silly placeDep ROOT inflight@1.0.6 OK for: glob@7.2.3 want: ^1.0.4
2867 silly placeDep ROOT inherits@2.0.4 OK for: glob@7.2.3 want: 2
2868 silly placeDep ROOT minimatch@3.1.5 OK for: glob@7.2.3 want: ^3.1.1
2869 silly placeDep ROOT once@1.4.0 OK for: glob@7.2.3 want: ^1.3.0
2870 silly placeDep ROOT path-is-absolute@1.0.1 OK for: glob@7.2.3 want: ^1.0.0
2871 silly fetch manifest wrappy@1
2872 silly packumentCache full:https://registry.npmjs.org/wrappy cache-miss
2873 silly fetch manifest brace-expansion@^1.1.7
2874 silly packumentCache full:https://registry.npmjs.org/brace-expansion cache-miss
2875 silly fetch manifest wrappy@1
2876 silly packumentCache full:https://registry.npmjs.org/wrappy cache-miss
2877 http fetch GET 200 https://registry.npmjs.org/wrappy 59ms (cache miss)
2878 silly packumentCache full:https://registry.npmjs.org/wrappy set size:undefined disposed:false
2879 http fetch GET 200 https://registry.npmjs.org/wrappy 59ms (cache miss)
2880 silly packumentCache full:https://registry.npmjs.org/wrappy set size:undefined disposed:false
2881 http fetch GET 200 https://registry.npmjs.org/brace-expansion 75ms (cache miss)
2882 silly packumentCache full:https://registry.npmjs.org/brace-expansion set size:undefined disposed:false
2883 silly placeDep ROOT html-minifier-terser@5.1.1 OK for: html-loader@1.3.2 want: ^5.1.1
2884 silly placeDep ROOT htmlparser2@4.1.0 OK for: html-loader@1.3.2 want: ^4.1.0
2885 silly placeDep node_modules/html-loader schema-utils@3.3.0 OK for: html-loader@1.3.2 want: ^3.0.0
2886 silly fetch manifest camel-case@^4.1.1
2887 silly packumentCache full:https://registry.npmjs.org/camel-case cache-miss
2888 silly fetch manifest clean-css@^4.2.3
2889 silly packumentCache full:https://registry.npmjs.org/clean-css cache-miss
2890 silly fetch manifest commander@^4.1.1
2891 silly packumentCache full:https://registry.npmjs.org/commander cache-hit
2892 silly fetch manifest he@^1.2.0
2893 silly packumentCache full:https://registry.npmjs.org/he cache-miss
2894 silly fetch manifest param-case@^3.0.3
2895 silly packumentCache full:https://registry.npmjs.org/param-case cache-miss
2896 silly fetch manifest relateurl@^0.2.7
2897 silly packumentCache full:https://registry.npmjs.org/relateurl cache-miss
2898 silly fetch manifest terser@^4.6.3
2899 silly packumentCache full:https://registry.npmjs.org/terser cache-hit
2900 silly fetch manifest domutils@^2.0.0
2901 silly packumentCache full:https://registry.npmjs.org/domutils cache-miss
2902 silly fetch manifest entities@^2.0.0
2903 silly packumentCache full:https://registry.npmjs.org/entities cache-miss
2904 silly fetch manifest domhandler@^3.0.0
2905 silly packumentCache full:https://registry.npmjs.org/domhandler cache-miss
2906 silly fetch manifest domelementtype@^2.0.1
2907 silly packumentCache full:https://registry.npmjs.org/domelementtype cache-miss
2908 http cache https://registry.npmjs.org/clean-css 15ms (cache hit)
2909 silly packumentCache full:https://registry.npmjs.org/clean-css set size:427319 disposed:false
2910 http fetch GET 200 https://registry.npmjs.org/camel-case 64ms (cache miss)
2911 silly packumentCache full:https://registry.npmjs.org/camel-case set size:undefined disposed:false
2912 http fetch GET 200 https://registry.npmjs.org/param-case 92ms (cache miss)
2913 silly packumentCache full:https://registry.npmjs.org/param-case set size:undefined disposed:false
2914 http fetch GET 200 https://registry.npmjs.org/relateurl 152ms (cache miss)
2915 silly packumentCache full:https://registry.npmjs.org/relateurl set size:undefined disposed:false
2916 http fetch GET 200 https://registry.npmjs.org/domelementtype 156ms (cache miss)
2917 silly packumentCache full:https://registry.npmjs.org/domelementtype set size:undefined disposed:false
2918 http fetch GET 200 https://registry.npmjs.org/he 159ms (cache miss)
2919 silly packumentCache full:https://registry.npmjs.org/he set size:undefined disposed:false
2920 http fetch GET 200 https://registry.npmjs.org/domhandler 160ms (cache miss)
2921 silly packumentCache full:https://registry.npmjs.org/domhandler set size:undefined disposed:false
2922 http fetch GET 200 https://registry.npmjs.org/domutils 163ms (cache miss)
2923 silly packumentCache full:https://registry.npmjs.org/domutils set size:undefined disposed:false
2924 http fetch GET 200 https://registry.npmjs.org/entities 163ms (cache miss)
2925 silly packumentCache full:https://registry.npmjs.org/entities set size:undefined disposed:false
2926 silly placeDep ROOT camel-case@4.1.2 OK for: html-minifier-terser@5.1.1 want: ^4.1.1
2927 silly placeDep node_modules/html-minifier-terser clean-css@4.2.4 OK for: html-minifier-terser@5.1.1 want: ^4.2.3
2928 silly placeDep node_modules/html-minifier-terser commander@4.1.1 OK for: html-minifier-terser@5.1.1 want: ^4.1.1
2929 silly placeDep ROOT he@1.2.0 OK for: html-minifier-terser@5.1.1 want: ^1.2.0
2930 silly placeDep ROOT param-case@3.0.4 OK for: html-minifier-terser@5.1.1 want: ^3.0.3
2931 silly placeDep ROOT relateurl@0.2.7 OK for: html-minifier-terser@5.1.1 want: ^0.2.7
2932 silly placeDep node_modules/html-minifier-terser terser@4.8.1 OK for: html-minifier-terser@5.1.1 want: ^4.6.3
2933 silly fetch manifest pascal-case@^3.1.2
2934 silly packumentCache full:https://registry.npmjs.org/pascal-case cache-miss
2935 silly fetch manifest tslib@^2.0.3
2936 silly packumentCache full:https://registry.npmjs.org/tslib cache-miss
2937 silly fetch manifest dot-case@^3.0.4
2938 silly packumentCache full:https://registry.npmjs.org/dot-case cache-miss
2939 silly fetch manifest tslib@^2.0.3
2940 silly packumentCache full:https://registry.npmjs.org/tslib cache-miss
2941 silly fetch manifest source-map-support@~0.5.12
2942 silly packumentCache full:https://registry.npmjs.org/source-map-support cache-miss
2943 http cache https://registry.npmjs.org/source-map-support 9ms (cache hit)
2944 silly packumentCache full:https://registry.npmjs.org/source-map-support set size:125488 disposed:false
2945 http fetch GET 200 https://registry.npmjs.org/dot-case 72ms (cache miss)
2946 silly packumentCache full:https://registry.npmjs.org/dot-case set size:undefined disposed:false
2947 http fetch GET 200 https://registry.npmjs.org/pascal-case 77ms (cache miss)
2948 silly packumentCache full:https://registry.npmjs.org/pascal-case set size:undefined disposed:false
2949 http fetch GET 200 https://registry.npmjs.org/tslib 77ms (cache miss)
2950 silly packumentCache full:https://registry.npmjs.org/tslib set size:undefined disposed:false
2951 http fetch GET 200 https://registry.npmjs.org/tslib 79ms (cache miss)
2952 silly packumentCache full:https://registry.npmjs.org/tslib set size:undefined disposed:false
2953 silly placeDep ROOT pascal-case@3.1.2 OK for: camel-case@4.1.2 want: ^3.1.2
2954 silly placeDep ROOT tslib@2.8.1 OK for: camel-case@4.1.2 want: ^2.0.3
2955 silly fetch manifest no-case@^3.0.4
2956 silly packumentCache full:https://registry.npmjs.org/no-case cache-miss
2957 http fetch GET 200 https://registry.npmjs.org/no-case 60ms (cache miss)
2958 silly packumentCache full:https://registry.npmjs.org/no-case set size:undefined disposed:false
2959 silly placeDep ROOT domelementtype@2.3.0 OK for: htmlparser2@4.1.0 want: ^2.0.1
2960 silly placeDep ROOT domhandler@3.3.0 OK for: htmlparser2@4.1.0 want: ^3.0.0
2961 silly placeDep ROOT domutils@2.8.0 OK for: htmlparser2@4.1.0 want: ^2.0.0
2962 silly placeDep ROOT entities@2.2.0 OK for: htmlparser2@4.1.0 want: ^2.0.0
2963 silly fetch manifest domhandler@^4.2.0
2964 silly packumentCache full:https://registry.npmjs.org/domhandler cache-miss
2965 silly fetch manifest dom-serializer@^1.0.1
2966 silly packumentCache full:https://registry.npmjs.org/dom-serializer cache-miss
2967 http cache https://registry.npmjs.org/domhandler 6ms (cache hit)
2968 silly packumentCache full:https://registry.npmjs.org/domhandler set size:78187 disposed:false
2969 http fetch GET 200 https://registry.npmjs.org/dom-serializer 79ms (cache miss)
2970 silly packumentCache full:https://registry.npmjs.org/dom-serializer set size:undefined disposed:false
2971 silly placeDep ROOT dom-serializer@1.4.1 OK for: domutils@2.8.0 want: ^1.0.1
2972 silly placeDep node_modules/domutils domhandler@4.3.1 OK for: domutils@2.8.0 want: ^4.2.0
2973 silly placeDep node_modules/dom-serializer domhandler@4.3.1 OK for: dom-serializer@1.4.1 want: ^4.2.0
2974 silly placeDep ROOT file-type@12.4.2 OK for: imagemin@7.0.1 want: ^12.0.0
2975 silly placeDep ROOT globby@10.0.2 OK for: imagemin@7.0.1 want: ^10.0.0
2976 silly placeDep ROOT junk@3.1.0 OK for: imagemin@7.0.1 want: ^3.1.0
2977 silly placeDep ROOT p-pipe@3.1.0 OK for: imagemin@7.0.1 want: ^3.0.0
2978 silly placeDep ROOT replace-ext@1.0.1 OK for: imagemin@7.0.1 want: ^1.0.0
2979 silly fetch manifest slash@^3.0.0
2980 silly packumentCache full:https://registry.npmjs.org/slash cache-miss
2981 silly fetch manifest ignore@^5.1.1
2982 silly packumentCache full:https://registry.npmjs.org/ignore cache-miss
2983 silly fetch manifest merge2@^1.2.3
2984 silly packumentCache full:https://registry.npmjs.org/merge2 cache-miss
2985 silly fetch manifest dir-glob@^3.0.1
2986 silly packumentCache full:https://registry.npmjs.org/dir-glob cache-miss
2987 silly fetch manifest fast-glob@^3.0.3
2988 silly packumentCache full:https://registry.npmjs.org/fast-glob cache-miss
2989 silly fetch manifest @types/glob@^7.1.1
2990 silly packumentCache full:https://registry.npmjs.org/@types%2fglob cache-miss
2991 silly fetch manifest array-union@^2.1.0
2992 silly packumentCache full:https://registry.npmjs.org/array-union cache-miss
2993 http cache https://registry.npmjs.org/fast-glob 10ms (cache hit)
2994 silly packumentCache full:https://registry.npmjs.org/fast-glob set size:220556 disposed:false
2995 http fetch GET 200 https://registry.npmjs.org/merge2 65ms (cache miss)
2996 silly packumentCache full:https://registry.npmjs.org/merge2 set size:undefined disposed:false
2997 http fetch GET 200 https://registry.npmjs.org/dir-glob 67ms (cache miss)
2998 silly packumentCache full:https://registry.npmjs.org/dir-glob set size:undefined disposed:false
2999 http fetch GET 200 https://registry.npmjs.org/slash 78ms (cache miss)
3000 silly packumentCache full:https://registry.npmjs.org/slash set size:undefined disposed:false
3001 http fetch GET 200 https://registry.npmjs.org/array-union 79ms (cache miss)
3002 silly packumentCache full:https://registry.npmjs.org/array-union set size:undefined disposed:false
3003 http fetch GET 200 https://registry.npmjs.org/ignore 87ms (cache miss)
3004 silly packumentCache full:https://registry.npmjs.org/ignore set size:undefined disposed:false
3005 http fetch GET 200 https://registry.npmjs.org/@types%2fglob 224ms (cache miss)
3006 silly packumentCache full:https://registry.npmjs.org/@types%2fglob set size:undefined disposed:false
3007 silly placeDep ROOT @types/glob@7.2.0 OK for: globby@10.0.2 want: ^7.1.1
3008 silly placeDep ROOT array-union@2.1.0 OK for: globby@10.0.2 want: ^2.1.0
3009 silly placeDep ROOT dir-glob@3.0.1 OK for: globby@10.0.2 want: ^3.0.1
3010 silly placeDep ROOT fast-glob@3.3.3 OK for: globby@10.0.2 want: ^3.0.3
3011 silly placeDep ROOT ignore@5.3.2 OK for: globby@10.0.2 want: ^5.1.1
3012 silly placeDep ROOT merge2@1.4.1 OK for: globby@10.0.2 want: ^1.2.3
3013 silly placeDep ROOT slash@3.0.0 OK for: globby@10.0.2 want: ^3.0.0
3014 silly fetch manifest @types/minimatch@*
3015 silly packumentCache full:https://registry.npmjs.org/@types%2fminimatch cache-miss
3016 silly fetch manifest path-type@^4.0.0
3017 silly packumentCache full:https://registry.npmjs.org/path-type cache-miss
3018 silly fetch manifest @nodelib/fs.stat@^2.0.2
3019 silly packumentCache full:https://registry.npmjs.org/@nodelib%2ffs.stat cache-miss
3020 silly fetch manifest @nodelib/fs.walk@^1.2.3
3021 silly packumentCache full:https://registry.npmjs.org/@nodelib%2ffs.walk cache-miss
3022 silly fetch manifest merge2@^1.3.0
3023 silly packumentCache full:https://registry.npmjs.org/merge2 cache-miss
3024 http cache https://registry.npmjs.org/merge2 8ms (cache hit)
3025 silly packumentCache full:https://registry.npmjs.org/merge2 set size:46159 disposed:false
3026 http fetch GET 200 https://registry.npmjs.org/@types%2fminimatch 70ms (cache miss)
3027 silly packumentCache full:https://registry.npmjs.org/@types%2fminimatch set size:undefined disposed:false
3028 http fetch GET 200 https://registry.npmjs.org/path-type 71ms (cache miss)
3029 silly packumentCache full:https://registry.npmjs.org/path-type set size:undefined disposed:false
3030 http fetch GET 200 https://registry.npmjs.org/@nodelib%2ffs.stat 73ms (cache miss)
3031 silly packumentCache full:https://registry.npmjs.org/@nodelib%2ffs.stat set size:undefined disposed:false
3032 http fetch GET 200 https://registry.npmjs.org/@nodelib%2ffs.walk 86ms (cache miss)
3033 silly packumentCache full:https://registry.npmjs.org/@nodelib%2ffs.walk set size:undefined disposed:false
3034 silly placeDep ROOT @types/minimatch@5.1.2 OK for: @types/glob@7.2.0 want: *
3035 silly placeDep ROOT path-type@4.0.0 OK for: dir-glob@3.0.1 want: ^4.0.0
3036 silly placeDep ROOT @nodelib/fs.stat@2.0.5 OK for: fast-glob@3.3.3 want: ^2.0.2
3037 silly placeDep ROOT @nodelib/fs.walk@1.2.8 OK for: fast-glob@3.3.3 want: ^1.2.3
3038 silly placeDep ROOT micromatch@4.0.8 OK for: fast-glob@3.3.3 want: ^4.0.8
3039 silly fetch manifest fastq@^1.6.0
3040 silly packumentCache full:https://registry.npmjs.org/fastq cache-miss
3041 silly fetch manifest @nodelib/fs.scandir@2.1.5
3042 silly packumentCache full:https://registry.npmjs.org/@nodelib%2ffs.scandir cache-miss
3043 http fetch GET 200 https://registry.npmjs.org/fastq 62ms (cache miss)
3044 silly packumentCache full:https://registry.npmjs.org/fastq set size:undefined disposed:false
3045 http fetch GET 200 https://registry.npmjs.org/@nodelib%2ffs.scandir 70ms (cache miss)
3046 silly packumentCache full:https://registry.npmjs.org/@nodelib%2ffs.scandir set size:undefined disposed:false
3047 silly placeDep ROOT @nodelib/fs.scandir@2.1.5 OK for: @nodelib/fs.walk@1.2.8 want: 2.1.5
3048 silly placeDep ROOT fastq@1.20.1 OK for: @nodelib/fs.walk@1.2.8 want: ^1.6.0
3049 silly fetch manifest run-parallel@^1.1.9
3050 silly packumentCache full:https://registry.npmjs.org/run-parallel cache-miss
3051 silly fetch manifest reusify@^1.0.4
3052 silly packumentCache full:https://registry.npmjs.org/reusify cache-miss
3053 http fetch GET 200 https://registry.npmjs.org/reusify 62ms (cache miss)
3054 silly packumentCache full:https://registry.npmjs.org/reusify set size:undefined disposed:false
3055 http fetch GET 200 https://registry.npmjs.org/run-parallel 63ms (cache miss)
3056 silly packumentCache full:https://registry.npmjs.org/run-parallel set size:undefined disposed:false
3057 silly placeDep ROOT run-parallel@1.2.0 OK for: @nodelib/fs.scandir@2.1.5 want: ^1.1.9
3058 silly fetch manifest queue-microtask@^1.2.2
3059 silly packumentCache full:https://registry.npmjs.org/queue-microtask cache-miss
3060 http fetch GET 200 https://registry.npmjs.org/queue-microtask 66ms (cache miss)
3061 silly packumentCache full:https://registry.npmjs.org/queue-microtask set size:undefined disposed:false
3062 silly placeDep ROOT reusify@1.1.0 OK for: fastq@1.20.1 want: ^1.0.4
3063 silly placeDep node_modules/img-loader loader-utils@1.4.2 OK for: img-loader@4.0.0 want: ^1.1.0
3064 silly fetch manifest json5@^1.0.1
3065 silly packumentCache full:https://registry.npmjs.org/json5 cache-miss
3066 http cache https://registry.npmjs.org/json5 5ms (cache hit)
3067 silly packumentCache full:https://registry.npmjs.org/json5 set size:86136 disposed:false
3068 silly placeDep ROOT wrappy@1.0.2 OK for: inflight@1.0.6 want: 1
3069 silly placeDep ROOT binary-extensions@2.3.0 OK for: is-binary-path@2.1.0 want: ^2.0.0
3070 silly placeDep ROOT is-extglob@2.1.1 OK for: is-glob@4.0.3 want: ^2.1.1
3071 silly placeDep ROOT vite-plugin-full-reload@1.2.0 OK for: laravel-vite-plugin@1.3.0 want: ^1.1.0
3072 silly placeDep ROOT big.js@5.2.2 OK for: loader-utils@2.0.4 want: ^5.2.2
3073 silly placeDep ROOT emojis-list@3.0.0 OK for: loader-utils@2.0.4 want: ^3.0.0
3074 silly placeDep ROOT yallist@3.1.1 OK for: lru-cache@5.1.1 want: ^3.0.2
3075 silly placeDep ROOT charenc@0.0.2 OK for: md5@2.3.0 want: 0.0.2
3076 silly placeDep ROOT crypt@0.0.2 OK for: md5@2.3.0 want: 0.0.2
3077 silly placeDep ROOT is-buffer@1.1.6 OK for: md5@2.3.0 want: ~1.1.6
3078 silly placeDep ROOT mime-db@1.52.0 OK for: mime-types@2.1.35 want: 1.52.0
3079 silly placeDep node_modules/mini-css-extract-plugin schema-utils@3.3.0 OK for: mini-css-extract-plugin@1.6.2 want: ^3.0.0
3080 silly placeDep ROOT webpack-sources@1.4.3 OK for: mini-css-extract-plugin@1.6.2 want: ^1.1.0
3081 silly fetch manifest source-list-map@^2.0.0
3082 silly packumentCache full:https://registry.npmjs.org/source-list-map cache-miss
3083 http fetch GET 200 https://registry.npmjs.org/source-list-map 209ms (cache miss)
3084 silly packumentCache full:https://registry.npmjs.org/source-list-map set size:undefined disposed:false
3085 silly placeDep ROOT brace-expansion@1.1.18 OK for: minimatch@3.1.5 want: ^1.1.7
3086 silly fetch manifest concat-map@0.0.1
3087 silly packumentCache full:https://registry.npmjs.org/concat-map cache-miss
3088 silly fetch manifest balanced-match@^1.0.0
3089 silly packumentCache full:https://registry.npmjs.org/balanced-match cache-miss
3090 http fetch GET 200 https://registry.npmjs.org/concat-map 72ms (cache miss)
3091 silly packumentCache full:https://registry.npmjs.org/concat-map set size:undefined disposed:false
3092 http fetch GET 200 https://registry.npmjs.org/balanced-match 73ms (cache miss)
3093 silly packumentCache full:https://registry.npmjs.org/balanced-match set size:undefined disposed:false
3094 silly placeDep ROOT balanced-match@1.0.2 OK for: brace-expansion@1.1.18 want: ^1.0.0
3095 silly placeDep ROOT concat-map@0.0.1 OK for: brace-expansion@1.1.18 want: 0.0.1
3096 silly placeDep ROOT assert@1.5.1 OK for: node-libs-browser@2.2.1 want: ^1.1.1
3097 silly placeDep ROOT browserify-zlib@0.2.0 OK for: node-libs-browser@2.2.1 want: ^0.2.0
3098 silly placeDep ROOT buffer@4.9.2 OK for: node-libs-browser@2.2.1 want: ^4.3.0
3099 silly placeDep ROOT console-browserify@1.2.0 OK for: node-libs-browser@2.2.1 want: ^1.1.0
3100 silly placeDep ROOT constants-browserify@1.0.0 OK for: node-libs-browser@2.2.1 want: ^1.0.0
3101 silly placeDep ROOT crypto-browserify@3.12.1 OK for: node-libs-browser@2.2.1 want: ^3.11.0
3102 silly placeDep ROOT domain-browser@1.2.0 OK for: node-libs-browser@2.2.1 want: ^1.1.1
3103 silly placeDep ROOT events@3.3.0 OK for: node-libs-browser@2.2.1 want: ^3.0.0
3104 silly placeDep ROOT https-browserify@1.0.0 OK for: node-libs-browser@2.2.1 want: ^1.0.0
3105 silly placeDep ROOT os-browserify@0.3.0 OK for: node-libs-browser@2.2.1 want: ^0.3.0
3106 silly placeDep ROOT path-browserify@0.0.1 OK for: node-libs-browser@2.2.1 want: 0.0.1
3107 silly placeDep ROOT process@0.11.10 OK for: node-libs-browser@2.2.1 want: ^0.11.10
3108 silly placeDep ROOT punycode@1.4.1 OK for: node-libs-browser@2.2.1 want: ^1.2.4
3109 silly placeDep ROOT querystring-es3@0.2.1 OK for: node-libs-browser@2.2.1 want: ^0.2.0
3110 silly placeDep ROOT readable-stream@2.3.8 OK for: node-libs-browser@2.2.1 want: ^2.3.3
3111 silly placeDep ROOT stream-browserify@2.0.2 OK for: node-libs-browser@2.2.1 want: ^2.0.1
3112 silly placeDep ROOT stream-http@2.8.3 OK for: node-libs-browser@2.2.1 want: ^2.7.2
3113 silly placeDep ROOT string_decoder@1.3.0 OK for: node-libs-browser@2.2.1 want: ^1.0.0
3114 silly placeDep ROOT timers-browserify@2.0.12 OK for: node-libs-browser@2.2.1 want: ^2.0.4
3115 silly placeDep ROOT tty-browserify@0.0.0 OK for: node-libs-browser@2.2.1 want: 0.0.0
3116 silly placeDep ROOT url@0.11.4 OK for: node-libs-browser@2.2.1 want: ^0.11.0
3117 silly placeDep ROOT util@0.11.1 OK for: node-libs-browser@2.2.1 want: ^0.11.0
3118 silly placeDep ROOT vm-browserify@1.1.2 OK for: node-libs-browser@2.2.1 want: ^1.0.1
3119 silly fetch manifest util@^0.10.4
3120 silly packumentCache full:https://registry.npmjs.org/util cache-miss
3121 silly fetch manifest object.assign@^4.1.4
3122 silly packumentCache full:https://registry.npmjs.org/object.assign cache-miss
3123 silly fetch manifest pako@~1.0.5
3124 silly packumentCache full:https://registry.npmjs.org/pako cache-miss
3125 silly fetch manifest base64-js@^1.0.2
3126 silly packumentCache full:https://registry.npmjs.org/base64-js cache-miss
3127 silly fetch manifest ieee754@^1.1.4
3128 silly packumentCache full:https://registry.npmjs.org/ieee754 cache-miss
3129 silly fetch manifest isarray@^1.0.0
3130 silly packumentCache full:https://registry.npmjs.org/isarray cache-miss
3131 silly fetch manifest browserify-cipher@^1.0.1
3132 silly packumentCache full:https://registry.npmjs.org/browserify-cipher cache-miss
3133 silly fetch manifest browserify-sign@^4.2.3
3134 silly packumentCache full:https://registry.npmjs.org/browserify-sign cache-miss
3135 silly fetch manifest create-ecdh@^4.0.4
3136 silly packumentCache full:https://registry.npmjs.org/create-ecdh cache-miss
3137 silly fetch manifest create-hash@^1.2.0
3138 silly packumentCache full:https://registry.npmjs.org/create-hash cache-miss
3139 silly fetch manifest create-hmac@^1.1.7
3140 silly packumentCache full:https://registry.npmjs.org/create-hmac cache-miss
3141 silly fetch manifest diffie-hellman@^5.0.3
3142 silly packumentCache full:https://registry.npmjs.org/diffie-hellman cache-miss
3143 silly fetch manifest hash-base@~3.0.4
3144 silly packumentCache full:https://registry.npmjs.org/hash-base cache-miss
3145 silly fetch manifest pbkdf2@^3.1.2
3146 silly packumentCache full:https://registry.npmjs.org/pbkdf2 cache-miss
3147 silly fetch manifest public-encrypt@^4.0.3
3148 silly packumentCache full:https://registry.npmjs.org/public-encrypt cache-miss
3149 http cache https://registry.npmjs.org/pako 22ms (cache hit)
3150 silly packumentCache full:https://registry.npmjs.org/pako set size:82149 disposed:false
3151 silly fetch manifest randombytes@^2.1.0
3152 silly packumentCache full:https://registry.npmjs.org/randombytes cache-miss
3153 http cache https://registry.npmjs.org/util 27ms (cache hit)
3154 silly packumentCache full:https://registry.npmjs.org/util set size:40411 disposed:false
3155 silly fetch manifest randomfill@^1.0.4
3156 silly packumentCache full:https://registry.npmjs.org/randomfill cache-miss
3157 http fetch GET 200 https://registry.npmjs.org/browserify-cipher 74ms (cache miss)
3158 silly packumentCache full:https://registry.npmjs.org/browserify-cipher set size:undefined disposed:false
3159 silly fetch manifest isarray@~1.0.0
3160 silly packumentCache full:https://registry.npmjs.org/isarray cache-miss
3161 http fetch GET 200 https://registry.npmjs.org/isarray 78ms (cache miss)
3162 silly packumentCache full:https://registry.npmjs.org/isarray set size:undefined disposed:false
3163 silly fetch manifest safe-buffer@~5.1.1
3164 silly packumentCache full:https://registry.npmjs.org/safe-buffer cache-miss
3165 http fetch GET 200 https://registry.npmjs.org/base64-js 95ms (cache miss)
3166 silly packumentCache full:https://registry.npmjs.org/base64-js set size:undefined disposed:false
3167 silly fetch manifest core-util-is@~1.0.0
3168 silly packumentCache full:https://registry.npmjs.org/core-util-is cache-miss
3169 http fetch GET 200 https://registry.npmjs.org/hash-base 94ms (cache miss)
3170 silly packumentCache full:https://registry.npmjs.org/hash-base set size:undefined disposed:false
3171 silly fetch manifest string_decoder@~1.1.1
3172 silly packumentCache full:https://registry.npmjs.org/string_decoder cache-miss
3173 http fetch GET 200 https://registry.npmjs.org/create-hmac 96ms (cache miss)
3174 silly packumentCache full:https://registry.npmjs.org/create-hmac set size:undefined disposed:false
3175 silly fetch manifest util-deprecate@~1.0.1
3176 silly packumentCache full:https://registry.npmjs.org/util-deprecate cache-miss
3177 http fetch GET 200 https://registry.npmjs.org/diffie-hellman 96ms (cache miss)
3178 silly packumentCache full:https://registry.npmjs.org/diffie-hellman set size:undefined disposed:false
3179 silly fetch manifest process-nextick-args@~2.0.0
3180 silly packumentCache full:https://registry.npmjs.org/process-nextick-args cache-miss
3181 http fetch GET 200 https://registry.npmjs.org/ieee754 101ms (cache miss)
3182 silly packumentCache full:https://registry.npmjs.org/ieee754 set size:undefined disposed:false
3183 silly fetch manifest builtin-status-codes@^3.0.0
3184 silly packumentCache full:https://registry.npmjs.org/builtin-status-codes cache-miss
3185 http fetch GET 200 https://registry.npmjs.org/public-encrypt 101ms (cache miss)
3186 silly packumentCache full:https://registry.npmjs.org/public-encrypt set size:undefined disposed:false
3187 silly fetch manifest to-arraybuffer@^1.0.0
3188 silly packumentCache full:https://registry.npmjs.org/to-arraybuffer cache-miss
3189 http fetch GET 200 https://registry.npmjs.org/create-hash 104ms (cache miss)
3190 silly packumentCache full:https://registry.npmjs.org/create-hash set size:undefined disposed:false
3191 silly fetch manifest xtend@^4.0.0
3192 silly packumentCache full:https://registry.npmjs.org/xtend cache-miss
3193 http fetch GET 200 https://registry.npmjs.org/create-ecdh 111ms (cache miss)
3194 silly packumentCache full:https://registry.npmjs.org/create-ecdh set size:undefined disposed:false
3195 silly fetch manifest safe-buffer@~5.2.0
3196 silly packumentCache full:https://registry.npmjs.org/safe-buffer cache-miss
3197 http cache https://registry.npmjs.org/isarray 38ms (cache hit)
3198 silly packumentCache full:https://registry.npmjs.org/isarray set size:17392 disposed:false
3199 silly fetch manifest setimmediate@^1.0.4
3200 silly packumentCache full:https://registry.npmjs.org/setimmediate cache-miss
3201 http fetch GET 200 https://registry.npmjs.org/object.assign 117ms (cache miss)
3202 silly packumentCache full:https://registry.npmjs.org/object.assign set size:undefined disposed:false
3203 silly fetch manifest inherits@2.0.3
3204 silly packumentCache full:https://registry.npmjs.org/inherits cache-miss
3205 http fetch GET 200 https://registry.npmjs.org/pbkdf2 114ms (cache miss)
3206 silly packumentCache full:https://registry.npmjs.org/pbkdf2 set size:undefined disposed:false
3207 http fetch GET 200 https://registry.npmjs.org/randombytes 97ms (cache miss)
3208 silly packumentCache full:https://registry.npmjs.org/randombytes set size:undefined disposed:false
3209 http fetch GET 200 https://registry.npmjs.org/randomfill 93ms (cache miss)
3210 silly packumentCache full:https://registry.npmjs.org/randomfill set size:undefined disposed:false
3211 http fetch GET 200 https://registry.npmjs.org/browserify-sign 123ms (cache miss)
3212 silly packumentCache full:https://registry.npmjs.org/browserify-sign set size:undefined disposed:false
3213 http cache https://registry.npmjs.org/string_decoder 29ms (cache hit)
3214 silly packumentCache full:https://registry.npmjs.org/string_decoder set size:28441 disposed:false
3215 http cache https://registry.npmjs.org/inherits 12ms (cache hit)
3216 silly packumentCache full:https://registry.npmjs.org/inherits set size:12925 disposed:false
3217 http fetch GET 200 https://registry.npmjs.org/safe-buffer 57ms (cache miss)
3218 silly packumentCache full:https://registry.npmjs.org/safe-buffer set size:undefined disposed:false
3219 http fetch GET 200 https://registry.npmjs.org/util-deprecate 64ms (cache miss)
3220 silly packumentCache full:https://registry.npmjs.org/util-deprecate set size:undefined disposed:false
3221 http fetch GET 200 https://registry.npmjs.org/core-util-is 69ms (cache miss)
3222 silly packumentCache full:https://registry.npmjs.org/core-util-is set size:undefined disposed:false
3223 http fetch GET 200 https://registry.npmjs.org/process-nextick-args 68ms (cache miss)
3224 silly packumentCache full:https://registry.npmjs.org/process-nextick-args set size:undefined disposed:false
3225 http fetch GET 200 https://registry.npmjs.org/builtin-status-codes 67ms (cache miss)
3226 silly packumentCache full:https://registry.npmjs.org/builtin-status-codes set size:undefined disposed:false
3227 http fetch GET 200 https://registry.npmjs.org/xtend 64ms (cache miss)
3228 silly packumentCache full:https://registry.npmjs.org/xtend set size:undefined disposed:false
3229 http fetch GET 200 https://registry.npmjs.org/to-arraybuffer 67ms (cache miss)
3230 silly packumentCache full:https://registry.npmjs.org/to-arraybuffer set size:undefined disposed:false
3231 http fetch GET 200 https://registry.npmjs.org/safe-buffer 64ms (cache miss)
3232 silly packumentCache full:https://registry.npmjs.org/safe-buffer set size:undefined disposed:false
3233 http fetch GET 200 https://registry.npmjs.org/setimmediate 65ms (cache miss)
3234 silly packumentCache full:https://registry.npmjs.org/setimmediate set size:undefined disposed:false
3235 silly placeDep ROOT object.assign@4.1.7 OK for: assert@1.5.1 want: ^4.1.4
3236 silly placeDep node_modules/assert util@0.10.4 OK for: assert@1.5.1 want: ^0.10.4
3237 silly fetch manifest call-bind@^1.0.8
3238 silly packumentCache full:https://registry.npmjs.org/call-bind cache-miss
3239 silly fetch manifest call-bound@^1.0.3
3240 silly packumentCache full:https://registry.npmjs.org/call-bound cache-miss
3241 silly fetch manifest define-properties@^1.2.1
3242 silly packumentCache full:https://registry.npmjs.org/define-properties cache-miss
3243 silly fetch manifest object-keys@^1.1.1
3244 silly packumentCache full:https://registry.npmjs.org/object-keys cache-miss
3245 http fetch GET 200 https://registry.npmjs.org/call-bound 67ms (cache miss)
3246 silly packumentCache full:https://registry.npmjs.org/call-bound set size:undefined disposed:false
3247 http fetch GET 200 https://registry.npmjs.org/define-properties 69ms (cache miss)
3248 silly packumentCache full:https://registry.npmjs.org/define-properties set size:undefined disposed:false
3249 http fetch GET 200 https://registry.npmjs.org/call-bind 71ms (cache miss)
3250 silly packumentCache full:https://registry.npmjs.org/call-bind set size:undefined disposed:false
3251 http fetch GET 200 https://registry.npmjs.org/object-keys 73ms (cache miss)
3252 silly packumentCache full:https://registry.npmjs.org/object-keys set size:undefined disposed:false
3253 silly placeDep node_modules/browserify-zlib pako@1.0.11 OK for: browserify-zlib@0.2.0 want: ~1.0.5
3254 silly placeDep ROOT base64-js@1.5.1 OK for: buffer@4.9.2 want: ^1.0.2
3255 silly placeDep ROOT ieee754@1.2.1 OK for: buffer@4.9.2 want: ^1.1.4
3256 silly placeDep ROOT isarray@1.0.0 OK for: buffer@4.9.2 want: ^1.0.0
3257 silly placeDep ROOT browserify-cipher@1.0.1 OK for: crypto-browserify@3.12.1 want: ^1.0.1
3258 silly placeDep ROOT browserify-sign@4.2.6 OK for: crypto-browserify@3.12.1 want: ^4.2.3
3259 silly placeDep ROOT create-ecdh@4.0.4 OK for: crypto-browserify@3.12.1 want: ^4.0.4
3260 silly placeDep ROOT create-hash@1.2.0 OK for: crypto-browserify@3.12.1 want: ^1.2.0
3261 silly placeDep ROOT create-hmac@1.1.7 OK for: crypto-browserify@3.12.1 want: ^1.1.7
3262 silly placeDep ROOT diffie-hellman@5.0.3 OK for: crypto-browserify@3.12.1 want: ^5.0.3
3263 silly placeDep ROOT hash-base@3.0.5 OK for: crypto-browserify@3.12.1 want: ~3.0.4
3264 silly placeDep ROOT pbkdf2@3.1.6 OK for: crypto-browserify@3.12.1 want: ^3.1.2
3265 silly placeDep ROOT public-encrypt@4.0.3 OK for: crypto-browserify@3.12.1 want: ^4.0.3
3266 silly placeDep ROOT randombytes@2.1.0 OK for: crypto-browserify@3.12.1 want: ^2.1.0
3267 silly placeDep ROOT randomfill@1.0.4 OK for: crypto-browserify@3.12.1 want: ^1.0.4
3268 silly fetch manifest browserify-aes@^1.0.4
3269 silly packumentCache full:https://registry.npmjs.org/browserify-aes cache-miss
3270 silly fetch manifest browserify-des@^1.0.0
3271 silly packumentCache full:https://registry.npmjs.org/browserify-des cache-miss
3272 silly fetch manifest evp_bytestokey@^1.0.0
3273 silly packumentCache full:https://registry.npmjs.org/evp_bytestokey cache-miss
3274 silly fetch manifest bn.js@^5.2.3
3275 silly packumentCache full:https://registry.npmjs.org/bn.js cache-miss
3276 silly fetch manifest browserify-rsa@^4.1.1
3277 silly packumentCache full:https://registry.npmjs.org/browserify-rsa cache-miss
3278 silly fetch manifest elliptic@^6.6.1
3279 silly packumentCache full:https://registry.npmjs.org/elliptic cache-miss
3280 silly fetch manifest parse-asn1@^5.1.9
3281 silly packumentCache full:https://registry.npmjs.org/parse-asn1 cache-miss
3282 silly fetch manifest safe-buffer@^5.2.1
3283 silly packumentCache full:https://registry.npmjs.org/safe-buffer cache-miss
3284 silly fetch manifest bn.js@^4.1.0
3285 silly packumentCache full:https://registry.npmjs.org/bn.js cache-miss
3286 silly fetch manifest elliptic@^6.5.3
3287 silly packumentCache full:https://registry.npmjs.org/elliptic cache-miss
3288 silly fetch manifest cipher-base@^1.0.1
3289 silly packumentCache full:https://registry.npmjs.org/cipher-base cache-miss
3290 silly fetch manifest md5.js@^1.3.4
3291 silly packumentCache full:https://registry.npmjs.org/md5.js cache-miss
3292 silly fetch manifest ripemd160@^2.0.1
3293 silly packumentCache full:https://registry.npmjs.org/ripemd160 cache-miss
3294 silly fetch manifest sha.js@^2.4.0
3295 silly packumentCache full:https://registry.npmjs.org/sha.js cache-miss
3296 silly fetch manifest cipher-base@^1.0.3
3297 silly packumentCache full:https://registry.npmjs.org/cipher-base cache-miss
3298 http cache https://registry.npmjs.org/safe-buffer 18ms (cache hit)
3299 silly packumentCache full:https://registry.npmjs.org/safe-buffer set size:41183 disposed:false
3300 silly fetch manifest ripemd160@^2.0.0
3301 silly packumentCache full:https://registry.npmjs.org/ripemd160 cache-miss
3302 http fetch GET 200 https://registry.npmjs.org/evp_bytestokey 66ms (cache miss)
3303 silly packumentCache full:https://registry.npmjs.org/evp_bytestokey set size:undefined disposed:false
3304 silly fetch manifest safe-buffer@^5.0.1
3305 silly packumentCache full:https://registry.npmjs.org/safe-buffer cache-hit
3306 silly fetch manifest sha.js@^2.4.8
3307 silly packumentCache full:https://registry.npmjs.org/sha.js cache-miss
3308 http fetch GET 200 https://registry.npmjs.org/browserify-aes 76ms (cache miss)
3309 silly packumentCache full:https://registry.npmjs.org/browserify-aes set size:undefined disposed:false
3310 silly fetch manifest bn.js@^4.1.0
3311 silly packumentCache full:https://registry.npmjs.org/bn.js cache-miss
3312 http fetch GET 200 https://registry.npmjs.org/browserify-des 81ms (cache miss)
3313 silly packumentCache full:https://registry.npmjs.org/browserify-des set size:undefined disposed:false
3314 silly fetch manifest miller-rabin@^4.0.0
3315 silly packumentCache full:https://registry.npmjs.org/miller-rabin cache-miss
3316 http fetch GET 200 https://registry.npmjs.org/cipher-base 92ms (cache miss)
3317 silly packumentCache full:https://registry.npmjs.org/cipher-base set size:undefined disposed:false
3318 silly fetch manifest randombytes@^2.0.0
3319 silly packumentCache full:https://registry.npmjs.org/randombytes cache-miss
3320 http fetch GET 200 https://registry.npmjs.org/parse-asn1 96ms (cache miss)
3321 silly packumentCache full:https://registry.npmjs.org/parse-asn1 set size:undefined disposed:false
3322 silly fetch manifest sha.js@^2.4.12
3323 silly packumentCache full:https://registry.npmjs.org/sha.js cache-miss
3324 http fetch GET 200 https://registry.npmjs.org/browserify-rsa 105ms (cache miss)
3325 silly packumentCache full:https://registry.npmjs.org/browserify-rsa set size:undefined disposed:false
3326 silly fetch manifest ripemd160@^2.0.3
3327 silly packumentCache full:https://registry.npmjs.org/ripemd160 cache-miss
3328 http fetch GET 200 https://registry.npmjs.org/cipher-base 106ms (cache miss)
3329 silly packumentCache full:https://registry.npmjs.org/cipher-base set size:undefined disposed:false
3330 silly fetch manifest to-buffer@^1.2.2
3331 silly packumentCache full:https://registry.npmjs.org/to-buffer cache-miss
3332 http fetch GET 200 https://registry.npmjs.org/ripemd160 110ms (cache miss)
3333 silly packumentCache full:https://registry.npmjs.org/ripemd160 set size:undefined disposed:false
3334 silly fetch manifest bn.js@^4.1.0
3335 silly packumentCache full:https://registry.npmjs.org/bn.js cache-miss
3336 http fetch GET 200 https://registry.npmjs.org/bn.js 119ms (cache miss)
3337 silly packumentCache full:https://registry.npmjs.org/bn.js set size:undefined disposed:false
3338 silly fetch manifest browserify-rsa@^4.0.0
3339 silly packumentCache full:https://registry.npmjs.org/browserify-rsa cache-miss
3340 http fetch GET 200 https://registry.npmjs.org/md5.js 121ms (cache miss)
3341 silly packumentCache full:https://registry.npmjs.org/md5.js set size:undefined disposed:false
3342 silly fetch manifest parse-asn1@^5.0.0
3343 silly packumentCache full:https://registry.npmjs.org/parse-asn1 cache-miss
3344 http fetch GET 200 https://registry.npmjs.org/ripemd160 105ms (cache miss)
3345 silly packumentCache full:https://registry.npmjs.org/ripemd160 set size:undefined disposed:false
3346 silly fetch manifest randombytes@^2.0.1
3347 silly packumentCache full:https://registry.npmjs.org/randombytes cache-miss
3348 http fetch GET 200 https://registry.npmjs.org/bn.js 126ms (cache miss)
3349 silly packumentCache full:https://registry.npmjs.org/bn.js set size:undefined disposed:false
3350 silly fetch manifest safe-buffer@^5.1.2
3351 silly packumentCache full:https://registry.npmjs.org/safe-buffer cache-hit
3352 silly fetch manifest safe-buffer@^5.1.0
3353 silly packumentCache full:https://registry.npmjs.org/safe-buffer cache-hit
3354 http cache https://registry.npmjs.org/randombytes 33ms (cache hit)
3355 silly packumentCache full:https://registry.npmjs.org/randombytes set size:17505 disposed:false
3356 http fetch GET 200 https://registry.npmjs.org/sha.js 126ms (cache miss)
3357 silly packumentCache full:https://registry.npmjs.org/sha.js set size:undefined disposed:false
3358 http fetch GET 200 https://registry.npmjs.org/elliptic 133ms (cache miss)
3359 silly packumentCache full:https://registry.npmjs.org/elliptic set size:undefined disposed:false
3360 http fetch GET 200 https://registry.npmjs.org/elliptic 135ms (cache miss)
3361 silly packumentCache full:https://registry.npmjs.org/elliptic set size:undefined disposed:false
3362 http cache https://registry.npmjs.org/browserify-rsa 17ms (cache hit)
3363 silly packumentCache full:https://registry.npmjs.org/browserify-rsa set size:19160 disposed:false
3364 http cache https://registry.npmjs.org/parse-asn1 17ms (cache hit)
3365 silly packumentCache full:https://registry.npmjs.org/parse-asn1 set size:41410 disposed:false
3366 http cache https://registry.npmjs.org/randombytes 17ms (cache hit)
3367 silly packumentCache full:https://registry.npmjs.org/randombytes set size:17505 disposed:false
3368 silly packumentCache full:https://registry.npmjs.org/randombytes dispose
3369 http fetch GET 200 https://registry.npmjs.org/sha.js 95ms (cache miss)
3370 silly packumentCache full:https://registry.npmjs.org/sha.js set size:undefined disposed:false
3371 http fetch GET 200 https://registry.npmjs.org/miller-rabin 82ms (cache miss)
3372 silly packumentCache full:https://registry.npmjs.org/miller-rabin set size:undefined disposed:false
3373 http fetch GET 200 https://registry.npmjs.org/bn.js 109ms (cache miss)
3374 silly packumentCache full:https://registry.npmjs.org/bn.js set size:undefined disposed:false
3375 http fetch GET 200 https://registry.npmjs.org/ripemd160 82ms (cache miss)
3376 silly packumentCache full:https://registry.npmjs.org/ripemd160 set size:undefined disposed:false
3377 http fetch GET 200 https://registry.npmjs.org/sha.js 92ms (cache miss)
3378 silly packumentCache full:https://registry.npmjs.org/sha.js set size:undefined disposed:false
3379 http fetch GET 200 https://registry.npmjs.org/to-buffer 81ms (cache miss)
3380 silly packumentCache full:https://registry.npmjs.org/to-buffer set size:undefined disposed:false
3381 http fetch GET 200 https://registry.npmjs.org/bn.js 83ms (cache miss)
3382 silly packumentCache full:https://registry.npmjs.org/bn.js set size:undefined disposed:false
3383 silly placeDep ROOT browserify-aes@1.2.0 OK for: browserify-cipher@1.0.1 want: ^1.0.4
3384 silly placeDep ROOT browserify-des@1.0.2 OK for: browserify-cipher@1.0.1 want: ^1.0.0
3385 silly placeDep ROOT evp_bytestokey@1.0.3 OK for: browserify-cipher@1.0.1 want: ^1.0.0
3386 silly fetch manifest buffer-xor@^1.0.3
3387 silly packumentCache full:https://registry.npmjs.org/buffer-xor cache-miss
3388 silly fetch manifest cipher-base@^1.0.0
3389 silly packumentCache full:https://registry.npmjs.org/cipher-base cache-miss
3390 silly fetch manifest evp_bytestokey@^1.0.3
3391 silly packumentCache full:https://registry.npmjs.org/evp_bytestokey cache-miss
3392 silly fetch manifest des.js@^1.0.0
3393 silly packumentCache full:https://registry.npmjs.org/des.js cache-miss
3394 silly fetch manifest safe-buffer@^5.1.1
3395 silly packumentCache full:https://registry.npmjs.org/safe-buffer cache-hit
3396 http cache https://registry.npmjs.org/evp_bytestokey 8ms (cache hit)
3397 silly packumentCache full:https://registry.npmjs.org/evp_bytestokey set size:9803 disposed:false
3398 http cache https://registry.npmjs.org/cipher-base 9ms (cache hit)
3399 silly packumentCache full:https://registry.npmjs.org/cipher-base set size:16522 disposed:false
3400 http fetch GET 200 https://registry.npmjs.org/buffer-xor 68ms (cache miss)
3401 silly packumentCache full:https://registry.npmjs.org/buffer-xor set size:undefined disposed:false
3402 http fetch GET 200 https://registry.npmjs.org/des.js 70ms (cache miss)
3403 silly packumentCache full:https://registry.npmjs.org/des.js set size:undefined disposed:false
3404 silly placeDep ROOT buffer-xor@1.0.3 OK for: browserify-aes@1.2.0 want: ^1.0.3
3405 silly placeDep ROOT cipher-base@1.0.7 OK for: browserify-aes@1.2.0 want: ^1.0.0
3406 silly placeDep ROOT safe-buffer@5.2.1 OK for: browserify-aes@1.2.0 want: ^5.0.1
3407 silly placeDep ROOT des.js@1.1.0 OK for: browserify-des@1.0.2 want: ^1.0.0
3408 silly fetch manifest minimalistic-assert@^1.0.0
3409 silly packumentCache full:https://registry.npmjs.org/minimalistic-assert cache-miss
3410 http fetch GET 200 https://registry.npmjs.org/minimalistic-assert 61ms (cache miss)
3411 silly packumentCache full:https://registry.npmjs.org/minimalistic-assert set size:undefined disposed:false
3412 silly placeDep ROOT bn.js@5.2.5 OK for: browserify-sign@4.2.6 want: ^5.2.3
3413 silly placeDep ROOT browserify-rsa@4.1.1 OK for: browserify-sign@4.2.6 want: ^4.1.1
3414 silly placeDep ROOT elliptic@6.6.1 OK for: browserify-sign@4.2.6 want: ^6.6.1
3415 silly placeDep ROOT parse-asn1@5.1.9 OK for: browserify-sign@4.2.6 want: ^5.1.9
3416 silly fetch manifest bn.js@^4.11.9
3417 silly packumentCache full:https://registry.npmjs.org/bn.js cache-miss
3418 silly fetch manifest brorand@^1.1.0
3419 silly packumentCache full:https://registry.npmjs.org/brorand cache-miss
3420 silly fetch manifest hash.js@^1.0.0
3421 silly packumentCache full:https://registry.npmjs.org/hash.js cache-miss
3422 silly fetch manifest hmac-drbg@^1.0.1
3423 silly packumentCache full:https://registry.npmjs.org/hmac-drbg cache-miss
3424 silly fetch manifest minimalistic-assert@^1.0.1
3425 silly packumentCache full:https://registry.npmjs.org/minimalistic-assert cache-miss
3426 silly fetch manifest minimalistic-crypto-utils@^1.0.1
3427 silly packumentCache full:https://registry.npmjs.org/minimalistic-crypto-utils cache-miss
3428 silly fetch manifest asn1.js@^4.10.1
3429 silly packumentCache full:https://registry.npmjs.org/asn1.js cache-miss
3430 http cache https://registry.npmjs.org/minimalistic-assert 11ms (cache hit)
3431 silly packumentCache full:https://registry.npmjs.org/minimalistic-assert set size:3465 disposed:false
3432 http cache https://registry.npmjs.org/bn.js 13ms (cache hit)
3433 silly packumentCache full:https://registry.npmjs.org/bn.js set size:196249 disposed:false
3434 http fetch GET 200 https://registry.npmjs.org/hmac-drbg 72ms (cache miss)
3435 silly packumentCache full:https://registry.npmjs.org/hmac-drbg set size:undefined disposed:false
3436 http fetch GET 200 https://registry.npmjs.org/hash.js 77ms (cache miss)
3437 silly packumentCache full:https://registry.npmjs.org/hash.js set size:undefined disposed:false
3438 http fetch GET 200 https://registry.npmjs.org/brorand 80ms (cache miss)
3439 silly packumentCache full:https://registry.npmjs.org/brorand set size:undefined disposed:false
3440 http fetch GET 200 https://registry.npmjs.org/asn1.js 88ms (cache miss)
3441 silly packumentCache full:https://registry.npmjs.org/asn1.js set size:undefined disposed:false
3442 http fetch GET 200 https://registry.npmjs.org/minimalistic-crypto-utils 216ms (cache miss)
3443 silly packumentCache full:https://registry.npmjs.org/minimalistic-crypto-utils set size:undefined disposed:false
3444 silly placeDep ROOT to-buffer@1.2.2 OK for: cipher-base@1.0.7 want: ^1.2.2
3445 silly fetch manifest isarray@^2.0.5
3446 silly packumentCache full:https://registry.npmjs.org/isarray cache-hit
3447 silly fetch manifest typed-array-buffer@^1.0.3
3448 silly packumentCache full:https://registry.npmjs.org/typed-array-buffer cache-miss
3449 http fetch GET 200 https://registry.npmjs.org/typed-array-buffer 59ms (cache miss)
3450 silly packumentCache full:https://registry.npmjs.org/typed-array-buffer set size:undefined disposed:false
3451 silly placeDep node_modules/create-ecdh bn.js@4.12.5 OK for: create-ecdh@4.0.4 want: ^4.1.0
3452 silly placeDep ROOT md5.js@1.3.5 OK for: create-hash@1.2.0 want: ^1.3.4
3453 silly placeDep ROOT ripemd160@2.0.3 OK for: create-hash@1.2.0 want: ^2.0.1
3454 silly placeDep ROOT sha.js@2.4.12 OK for: create-hash@1.2.0 want: ^2.4.0
3455 silly fetch manifest hash-base@^3.1.2
3456 silly packumentCache full:https://registry.npmjs.org/hash-base cache-miss
3457 http cache https://registry.npmjs.org/hash-base 5ms (cache hit)
3458 silly packumentCache full:https://registry.npmjs.org/hash-base set size:31183 disposed:false
3459 silly placeDep ROOT minimalistic-assert@1.0.1 OK for: des.js@1.1.0 want: ^1.0.0
3460 silly placeDep node_modules/diffie-hellman bn.js@4.12.5 OK for: diffie-hellman@5.0.3 want: ^4.1.0
3461 silly placeDep ROOT miller-rabin@4.0.1 OK for: diffie-hellman@5.0.3 want: ^4.0.0
3462 silly fetch manifest bn.js@^4.0.0
3463 silly packumentCache full:https://registry.npmjs.org/bn.js cache-hit
3464 silly fetch manifest brorand@^1.0.1
3465 silly packumentCache full:https://registry.npmjs.org/brorand cache-miss
3466 http cache https://registry.npmjs.org/brorand 6ms (cache hit)
3467 silly packumentCache full:https://registry.npmjs.org/brorand set size:15724 disposed:false
3468 silly placeDep node_modules/elliptic bn.js@4.12.5 OK for: elliptic@6.6.1 want: ^4.11.9
3469 silly placeDep ROOT brorand@1.1.0 OK for: elliptic@6.6.1 want: ^1.1.0
3470 silly placeDep ROOT hash.js@1.1.7 OK for: elliptic@6.6.1 want: ^1.0.0
3471 silly placeDep ROOT hmac-drbg@1.0.1 OK for: elliptic@6.6.1 want: ^1.0.1
3472 silly placeDep ROOT minimalistic-crypto-utils@1.0.1 OK for: elliptic@6.6.1 want: ^1.0.1
3473 silly placeDep node_modules/miller-rabin bn.js@4.12.5 OK for: miller-rabin@4.0.1 want: ^4.0.0
3474 silly placeDep ROOT call-bind@1.0.9 OK for: object.assign@4.1.7 want: ^1.0.8
3475 silly placeDep ROOT call-bound@1.0.4 OK for: object.assign@4.1.7 want: ^1.0.3
3476 silly placeDep ROOT define-properties@1.2.1 OK for: object.assign@4.1.7 want: ^1.2.1
3477 silly placeDep ROOT object-keys@1.1.1 OK for: object.assign@4.1.7 want: ^1.1.1
3478 silly fetch manifest set-function-length@^1.2.2
3479 silly packumentCache full:https://registry.npmjs.org/set-function-length cache-miss
3480 silly fetch manifest define-data-property@^1.0.1
3481 silly packumentCache full:https://registry.npmjs.org/define-data-property cache-miss
3482 silly fetch manifest has-property-descriptors@^1.0.0
3483 silly packumentCache full:https://registry.npmjs.org/has-property-descriptors cache-miss
3484 http fetch GET 200 https://registry.npmjs.org/define-data-property 62ms (cache miss)
3485 silly packumentCache full:https://registry.npmjs.org/define-data-property set size:undefined disposed:false
3486 http fetch GET 200 https://registry.npmjs.org/set-function-length 63ms (cache miss)
3487 silly packumentCache full:https://registry.npmjs.org/set-function-length set size:undefined disposed:false
3488 http fetch GET 200 https://registry.npmjs.org/has-property-descriptors 63ms (cache miss)
3489 silly packumentCache full:https://registry.npmjs.org/has-property-descriptors set size:undefined disposed:false
3490 silly placeDep ROOT set-function-length@1.2.2 OK for: call-bind@1.0.9 want: ^1.2.2
3491 silly fetch manifest define-data-property@^1.1.4
3492 silly packumentCache full:https://registry.npmjs.org/define-data-property cache-miss
3493 silly fetch manifest has-property-descriptors@^1.0.2
3494 silly packumentCache full:https://registry.npmjs.org/has-property-descriptors cache-miss
3495 http cache https://registry.npmjs.org/has-property-descriptors 6ms (cache hit)
3496 silly packumentCache full:https://registry.npmjs.org/has-property-descriptors set size:12452 disposed:false
3497 http cache https://registry.npmjs.org/define-data-property 7ms (cache hit)
3498 silly packumentCache full:https://registry.npmjs.org/define-data-property set size:28048 disposed:false
3499 silly placeDep ROOT define-data-property@1.1.4 OK for: define-properties@1.2.1 want: ^1.0.1
3500 silly placeDep ROOT has-property-descriptors@1.0.2 OK for: define-properties@1.2.1 want: ^1.0.0
3501 silly placeDep ROOT dot-case@3.0.4 OK for: param-case@3.0.4 want: ^3.0.4
3502 silly placeDep ROOT no-case@3.0.4 OK for: dot-case@3.0.4 want: ^3.0.4
3503 silly fetch manifest lower-case@^2.0.2
3504 silly packumentCache full:https://registry.npmjs.org/lower-case cache-miss
3505 http fetch GET 200 https://registry.npmjs.org/lower-case 59ms (cache miss)
3506 silly packumentCache full:https://registry.npmjs.org/lower-case set size:undefined disposed:false
3507 silly placeDep ROOT lower-case@2.0.2 OK for: no-case@3.0.4 want: ^2.0.2
3508 silly placeDep ROOT asn1.js@4.10.1 OK for: parse-asn1@5.1.9 want: ^4.10.1
3509 silly placeDep node_modules/asn1.js bn.js@4.12.5 OK for: asn1.js@4.10.1 want: ^4.0.0
3510 silly placeDep ROOT find-up@4.1.0 OK for: pkg-dir@4.2.0 want: ^4.0.0
3511 silly fetch manifest locate-path@^5.0.0
3512 silly packumentCache full:https://registry.npmjs.org/locate-path cache-miss
3513 silly fetch manifest path-exists@^4.0.0
3514 silly packumentCache full:https://registry.npmjs.org/path-exists cache-miss
3515 http fetch GET 200 https://registry.npmjs.org/locate-path 132ms (cache miss)
3516 silly packumentCache full:https://registry.npmjs.org/locate-path set size:undefined disposed:false
3517 http fetch GET 200 https://registry.npmjs.org/path-exists 362ms (cache miss)
3518 silly packumentCache full:https://registry.npmjs.org/path-exists set size:undefined disposed:false
3519 silly placeDep ROOT locate-path@5.0.0 OK for: find-up@4.1.0 want: ^5.0.0
3520 silly placeDep ROOT path-exists@4.0.0 OK for: find-up@4.1.0 want: ^4.0.0
3521 silly fetch manifest p-locate@^4.1.0
3522 silly packumentCache full:https://registry.npmjs.org/p-locate cache-miss
3523 http fetch GET 200 https://registry.npmjs.org/p-locate 65ms (cache miss)
3524 silly packumentCache full:https://registry.npmjs.org/p-locate set size:undefined disposed:false
3525 silly placeDep ROOT p-locate@4.1.0 OK for: locate-path@5.0.0 want: ^4.1.0
3526 silly fetch manifest p-limit@^2.2.0
3527 silly packumentCache full:https://registry.npmjs.org/p-limit cache-miss
3528 http fetch GET 200 https://registry.npmjs.org/p-limit 71ms (cache miss)
3529 silly packumentCache full:https://registry.npmjs.org/p-limit set size:undefined disposed:false
3530 silly placeDep ROOT p-limit@2.3.0 OK for: p-locate@4.1.0 want: ^2.2.0
3531 silly fetch manifest p-try@^2.0.0
3532 silly packumentCache full:https://registry.npmjs.org/p-try cache-miss
3533 http fetch GET 200 https://registry.npmjs.org/p-try 61ms (cache miss)
3534 silly packumentCache full:https://registry.npmjs.org/p-try set size:undefined disposed:false
3535 silly placeDep ROOT p-try@2.2.0 OK for: p-limit@2.3.0 want: ^2.0.0
3536 silly placeDep ROOT nanoid@3.3.16 OK for: postcss@8.5.25 want: ^3.3.16
3537 silly placeDep ROOT source-map-js@1.2.1 OK for: postcss@8.5.25 want: ^1.2.1
3538 silly placeDep ROOT postcss-selector-parser@6.1.4 OK for: postcss-calc@8.2.4 want: ^6.0.9
3539 silly fetch manifest cssesc@^3.0.0
3540 silly packumentCache full:https://registry.npmjs.org/cssesc cache-miss
3541 silly fetch manifest util-deprecate@^1.0.2
3542 silly packumentCache full:https://registry.npmjs.org/util-deprecate cache-miss
3543 http cache https://registry.npmjs.org/util-deprecate 6ms (cache hit)
3544 silly packumentCache full:https://registry.npmjs.org/util-deprecate set size:6674 disposed:false
3545 http fetch GET 200 https://registry.npmjs.org/cssesc 60ms (cache miss)
3546 silly packumentCache full:https://registry.npmjs.org/cssesc set size:undefined disposed:false
3547 silly placeDep ROOT caniuse-api@3.0.0 OK for: postcss-colormin@5.3.1 want: ^3.0.0
3548 silly placeDep ROOT colord@2.9.3 OK for: postcss-colormin@5.3.1 want: ^2.9.1
3549 silly fetch manifest lodash.uniq@^4.5.0
3550 silly packumentCache full:https://registry.npmjs.org/lodash.uniq cache-miss
3551 silly fetch manifest lodash.memoize@^4.1.2
3552 silly packumentCache full:https://registry.npmjs.org/lodash.memoize cache-miss
3553 http fetch GET 200 https://registry.npmjs.org/lodash.uniq 64ms (cache miss)
3554 silly packumentCache full:https://registry.npmjs.org/lodash.uniq set size:undefined disposed:false
3555 http fetch GET 200 https://registry.npmjs.org/lodash.memoize 64ms (cache miss)
3556 silly packumentCache full:https://registry.npmjs.org/lodash.memoize set size:undefined disposed:false
3557 silly placeDep ROOT lodash.memoize@4.1.2 OK for: caniuse-api@3.0.0 want: ^4.1.2
3558 silly placeDep ROOT lodash.uniq@4.5.0 OK for: caniuse-api@3.0.0 want: ^4.5.0
3559 silly placeDep ROOT cosmiconfig@7.1.0 OK for: postcss-loader@6.2.1 want: ^7.0.0
3560 silly placeDep ROOT klona@2.0.6 OK for: postcss-loader@6.2.1 want: ^2.0.5
3561 silly placeDep node_modules/postcss-loader semver@7.8.5 OK for: postcss-loader@6.2.1 want: ^7.3.5
3562 silly fetch manifest parse-json@^5.0.0
3563 silly packumentCache full:https://registry.npmjs.org/parse-json cache-miss
3564 silly fetch manifest import-fresh@^3.2.1
3565 silly packumentCache full:https://registry.npmjs.org/import-fresh cache-miss
3566 silly fetch manifest @types/parse-json@^4.0.0
3567 silly packumentCache full:https://registry.npmjs.org/@types%2fparse-json cache-miss
3568 http fetch GET 200 https://registry.npmjs.org/parse-json 77ms (cache miss)
3569 silly packumentCache full:https://registry.npmjs.org/parse-json set size:undefined disposed:false
3570 http fetch GET 200 https://registry.npmjs.org/@types%2fparse-json 101ms (cache miss)
3571 silly packumentCache full:https://registry.npmjs.org/@types%2fparse-json set size:undefined disposed:false
3572 http fetch GET 200 https://registry.npmjs.org/import-fresh 105ms (cache miss)
3573 silly packumentCache full:https://registry.npmjs.org/import-fresh set size:undefined disposed:false
3574 silly placeDep ROOT @types/parse-json@4.0.2 OK for: cosmiconfig@7.1.0 want: ^4.0.0
3575 silly placeDep ROOT import-fresh@3.3.1 OK for: cosmiconfig@7.1.0 want: ^3.2.1
3576 silly placeDep ROOT parse-json@5.2.0 OK for: cosmiconfig@7.1.0 want: ^5.0.0
3577 silly fetch manifest resolve-from@^4.0.0
3578 silly packumentCache full:https://registry.npmjs.org/resolve-from cache-miss
3579 silly fetch manifest parent-module@^1.0.0
3580 silly packumentCache full:https://registry.npmjs.org/parent-module cache-miss
3581 silly fetch manifest error-ex@^1.3.1
3582 silly packumentCache full:https://registry.npmjs.org/error-ex cache-miss
3583 silly fetch manifest lines-and-columns@^1.1.6
3584 silly packumentCache full:https://registry.npmjs.org/lines-and-columns cache-miss
3585 silly fetch manifest json-parse-even-better-errors@^2.3.0
3586 silly packumentCache full:https://registry.npmjs.org/json-parse-even-better-errors cache-miss
3587 http fetch GET 200 https://registry.npmjs.org/resolve-from 76ms (cache miss)
3588 silly packumentCache full:https://registry.npmjs.org/resolve-from set size:undefined disposed:false
3589 http fetch GET 200 https://registry.npmjs.org/parent-module 77ms (cache miss)
3590 silly packumentCache full:https://registry.npmjs.org/parent-module set size:undefined disposed:false
3591 http fetch GET 200 https://registry.npmjs.org/error-ex 77ms (cache miss)
3592 silly packumentCache full:https://registry.npmjs.org/error-ex set size:undefined disposed:false
3593 http fetch GET 200 https://registry.npmjs.org/json-parse-even-better-errors 80ms (cache miss)
3594 silly packumentCache full:https://registry.npmjs.org/json-parse-even-better-errors set size:undefined disposed:false
3595 http fetch GET 200 https://registry.npmjs.org/lines-and-columns 82ms (cache miss)
3596 silly packumentCache full:https://registry.npmjs.org/lines-and-columns set size:undefined disposed:false
3597 silly placeDep ROOT parent-module@1.0.1 OK for: import-fresh@3.3.1 want: ^1.0.0
3598 silly placeDep ROOT resolve-from@4.0.0 OK for: import-fresh@3.3.1 want: ^4.0.0
3599 silly fetch manifest callsites@^3.0.0
3600 silly packumentCache full:https://registry.npmjs.org/callsites cache-miss
3601 http fetch GET 200 https://registry.npmjs.org/callsites 61ms (cache miss)
3602 silly packumentCache full:https://registry.npmjs.org/callsites set size:undefined disposed:false
3603 silly placeDep ROOT callsites@3.1.0 OK for: parent-module@1.0.1 want: ^3.0.0
3604 silly placeDep ROOT error-ex@1.3.4 OK for: parse-json@5.2.0 want: ^1.3.1
3605 silly placeDep ROOT json-parse-even-better-errors@2.3.1 OK for: parse-json@5.2.0 want: ^2.3.0
3606 silly placeDep ROOT lines-and-columns@1.2.4 OK for: parse-json@5.2.0 want: ^1.1.6
3607 silly fetch manifest is-arrayish@^0.2.1
3608 silly packumentCache full:https://registry.npmjs.org/is-arrayish cache-miss
3609 http fetch GET 200 https://registry.npmjs.org/is-arrayish 69ms (cache miss)
3610 silly packumentCache full:https://registry.npmjs.org/is-arrayish set size:undefined disposed:false
3611 silly placeDep ROOT is-arrayish@0.2.1 OK for: error-ex@1.3.4 want: ^0.2.1
3612 silly placeDep ROOT stylehacks@5.1.1 OK for: postcss-merge-longhand@5.1.7 want: ^5.1.1
3613 silly placeDep node_modules/postcss-modules-local-by-default postcss-selector-parser@7.1.4 OK for: postcss-modules-local-by-default@4.2.0 want: ^7.0.0
3614 silly placeDep node_modules/postcss-modules-scope postcss-selector-parser@7.1.4 OK for: postcss-modules-scope@3.2.1 want: ^7.0.0
3615 silly placeDep ROOT normalize-url@6.1.0 OK for: postcss-normalize-url@5.1.0 want: ^6.0.1
3616 silly placeDep ROOT cssesc@3.0.0 OK for: postcss-selector-parser@6.1.4 want: ^3.0.0
3617 silly placeDep ROOT util-deprecate@1.0.2 OK for: postcss-selector-parser@6.1.4 want: ^1.0.2
3618 silly placeDep ROOT svgo@2.8.3 OK for: postcss-svgo@5.1.0 want: ^2.7.0
3619 silly fetch manifest css-select@^4.1.3
3620 silly packumentCache full:https://registry.npmjs.org/css-select cache-miss
3621 silly fetch manifest css-tree@^1.1.3
3622 silly packumentCache full:https://registry.npmjs.org/css-tree cache-miss
3623 silly fetch manifest csso@^4.2.0
3624 silly packumentCache full:https://registry.npmjs.org/csso cache-miss
3625 silly fetch manifest sax@^1.5.0
3626 silly packumentCache full:https://registry.npmjs.org/sax cache-miss
3627 silly fetch manifest stable@^0.1.8
3628 silly packumentCache full:https://registry.npmjs.org/stable cache-miss
3629 http fetch GET 200 https://registry.npmjs.org/csso 85ms (cache miss)
3630 silly packumentCache full:https://registry.npmjs.org/csso set size:undefined disposed:false
3631 http fetch GET 200 https://registry.npmjs.org/css-tree 98ms (cache miss)
3632 silly packumentCache full:https://registry.npmjs.org/css-tree set size:undefined disposed:false
3633 http fetch GET 200 https://registry.npmjs.org/css-select 107ms (cache miss)
3634 silly packumentCache full:https://registry.npmjs.org/css-select set size:undefined disposed:false
3635 http fetch GET 200 https://registry.npmjs.org/sax 108ms (cache miss)
3636 silly packumentCache full:https://registry.npmjs.org/sax set size:undefined disposed:false
3637 http fetch GET 200 https://registry.npmjs.org/stable 213ms (cache miss)
3638 silly packumentCache full:https://registry.npmjs.org/stable set size:undefined disposed:false
3639 silly placeDep node_modules/public-encrypt bn.js@4.12.5 OK for: public-encrypt@4.0.3 want: ^4.1.0
3640 silly placeDep ROOT side-channel@1.1.1 OK for: qs@6.15.3 want: ^1.1.1
3641 silly fetch manifest object-inspect@^1.13.4
3642 silly packumentCache full:https://registry.npmjs.org/object-inspect cache-miss
3643 silly fetch manifest side-channel-list@^1.0.1
3644 silly packumentCache full:https://registry.npmjs.org/side-channel-list cache-miss
3645 silly fetch manifest side-channel-map@^1.0.1
3646 silly packumentCache full:https://registry.npmjs.org/side-channel-map cache-miss
3647 silly fetch manifest side-channel-weakmap@^1.0.2
3648 silly packumentCache full:https://registry.npmjs.org/side-channel-weakmap cache-miss
3649 http fetch GET 200 https://registry.npmjs.org/side-channel-list 81ms (cache miss)
3650 silly packumentCache full:https://registry.npmjs.org/side-channel-list set size:undefined disposed:false
3651 http fetch GET 200 https://registry.npmjs.org/side-channel-weakmap 83ms (cache miss)
3652 silly packumentCache full:https://registry.npmjs.org/side-channel-weakmap set size:undefined disposed:false
3653 http fetch GET 200 https://registry.npmjs.org/side-channel-map 84ms (cache miss)
3654 silly packumentCache full:https://registry.npmjs.org/side-channel-map set size:undefined disposed:false
3655 http fetch GET 200 https://registry.npmjs.org/object-inspect 89ms (cache miss)
3656 silly packumentCache full:https://registry.npmjs.org/object-inspect set size:undefined disposed:false
3657 silly placeDep ROOT performance-now@2.1.0 OK for: raf@3.4.1 want: ^2.1.0
3658 silly placeDep ROOT loose-envify@1.4.0 OK for: react@18.3.1 want: ^1.1.0
3659 silly placeDep ROOT scheduler@0.23.2 OK for: react-dom@18.3.1 want: ^0.23.2
3660 silly fetch manifest react@>=16.4.1
3661 silly packumentCache full:https://registry.npmjs.org/react cache-miss
3662 http cache https://registry.npmjs.org/react 15ms (cache hit)
3663 silly packumentCache full:https://registry.npmjs.org/react set size:6854251 disposed:false
3664 silly placeDep ROOT prop-types@15.8.1 OK for: react-google-recaptcha@3.1.0 want: ^15.5.0
3665 silly placeDep ROOT react-async-script@1.2.0 OK for: react-google-recaptcha@3.1.0 want: ^1.2.0
3666 silly fetch manifest object-assign@^4.1.1
3667 silly packumentCache full:https://registry.npmjs.org/object-assign cache-miss
3668 silly fetch manifest react-is@^16.13.1
3669 silly packumentCache full:https://registry.npmjs.org/react-is cache-miss
3670 silly fetch manifest hoist-non-react-statics@^3.3.0
3671 silly packumentCache full:https://registry.npmjs.org/hoist-non-react-statics cache-miss
3672 http fetch GET 200 https://registry.npmjs.org/object-assign 58ms (cache miss)
3673 silly packumentCache full:https://registry.npmjs.org/object-assign set size:undefined disposed:false
3674 http fetch GET 200 https://registry.npmjs.org/hoist-non-react-statics 69ms (cache miss)
3675 silly packumentCache full:https://registry.npmjs.org/hoist-non-react-statics set size:undefined disposed:false
3676 http fetch GET 200 https://registry.npmjs.org/react-is 416ms (cache miss)
3677 silly packumentCache full:https://registry.npmjs.org/react-is set size:undefined disposed:false
3678 silly placeDep ROOT object-assign@4.1.1 OK for: prop-types@15.8.1 want: ^4.1.1
3679 silly placeDep ROOT react-is@16.13.1 OK for: prop-types@15.8.1 want: ^16.13.1
3680 silly placeDep ROOT hoist-non-react-statics@3.3.2 OK for: react-async-script@1.2.0 want: ^3.3.0
3681 silly placeDep ROOT exenv@1.2.2 OK for: react-modal@3.16.3 want: ^1.2.0
3682 silly placeDep ROOT react-lifecycles-compat@3.0.4 OK for: react-modal@3.16.3 want: ^3.0.0
3683 silly placeDep ROOT warning@4.0.3 OK for: react-modal@3.16.3 want: ^4.0.3
3684 silly placeDep ROOT core-util-is@1.0.3 OK for: readable-stream@2.3.8 want: ~1.0.0
3685 silly placeDep ROOT process-nextick-args@2.0.1 OK for: readable-stream@2.3.8 want: ~2.0.0
3686 silly placeDep node_modules/readable-stream safe-buffer@5.1.2 OK for: readable-stream@2.3.8 want: ~5.1.1
3687 silly placeDep node_modules/readable-stream string_decoder@1.1.1 OK for: readable-stream@2.3.8 want: ~1.1.1
3688 silly placeDep ROOT regenerate@1.4.2 OK for: regexpu-core@6.4.0 want: ^1.4.2
3689 silly placeDep ROOT regenerate-unicode-properties@10.2.2 OK for: regexpu-core@6.4.0 want: ^10.2.2
3690 silly placeDep ROOT regjsgen@0.8.0 OK for: regexpu-core@6.4.0 want: ^0.8.0
3691 silly placeDep ROOT regjsparser@0.13.2 OK for: regexpu-core@6.4.0 want: ^0.13.0
3692 silly placeDep ROOT unicode-match-property-ecmascript@2.0.0 OK for: regexpu-core@6.4.0 want: ^2.0.0
3693 silly placeDep ROOT unicode-match-property-value-ecmascript@2.2.1 OK for: regexpu-core@6.4.0 want: ^2.2.1
3694 silly fetch manifest unicode-canonical-property-names-ecmascript@^2.0.0
3695 silly packumentCache full:https://registry.npmjs.org/unicode-canonical-property-names-ecmascript cache-miss
3696 silly fetch manifest unicode-property-aliases-ecmascript@^2.0.0
3697 silly packumentCache full:https://registry.npmjs.org/unicode-property-aliases-ecmascript cache-miss
3698 http fetch GET 200 https://registry.npmjs.org/unicode-canonical-property-names-ecmascript 63ms (cache miss)
3699 silly packumentCache full:https://registry.npmjs.org/unicode-canonical-property-names-ecmascript set size:undefined disposed:false
3700 http fetch GET 200 https://registry.npmjs.org/unicode-property-aliases-ecmascript 213ms (cache miss)
3701 silly packumentCache full:https://registry.npmjs.org/unicode-property-aliases-ecmascript set size:undefined disposed:false
3702 silly placeDep ROOT is-core-module@2.16.2 OK for: resolve@1.22.12 want: ^2.16.1
3703 silly placeDep ROOT path-parse@1.0.7 OK for: resolve@1.22.12 want: ^1.0.7
3704 silly placeDep ROOT supports-preserve-symlinks-flag@1.0.0 OK for: resolve@1.22.12 want: ^1.0.0
3705 silly placeDep node_modules/ripemd160 hash-base@3.1.2 OK for: ripemd160@2.0.3 want: ^3.1.2
3706 silly placeDep ROOT @rollup/rollup-android-arm-eabi@4.62.3 OK for: rollup@4.62.3 want: 4.62.3
3707 silly placeDep ROOT @rollup/rollup-android-arm64@4.62.3 OK for: rollup@4.62.3 want: 4.62.3
3708 silly placeDep ROOT @rollup/rollup-darwin-arm64@4.62.3 OK for: rollup@4.62.3 want: 4.62.3
3709 silly placeDep ROOT @rollup/rollup-darwin-x64@4.62.3 OK for: rollup@4.62.3 want: 4.62.3
3710 silly placeDep ROOT @rollup/rollup-freebsd-arm64@4.62.3 OK for: rollup@4.62.3 want: 4.62.3
3711 silly placeDep ROOT @rollup/rollup-freebsd-x64@4.62.3 OK for: rollup@4.62.3 want: 4.62.3
3712 silly placeDep ROOT @rollup/rollup-linux-arm-gnueabihf@4.62.3 OK for: rollup@4.62.3 want: 4.62.3
3713 silly placeDep ROOT @rollup/rollup-linux-arm-musleabihf@4.62.3 OK for: rollup@4.62.3 want: 4.62.3
3714 silly placeDep ROOT @rollup/rollup-linux-arm64-gnu@4.62.3 OK for: rollup@4.62.3 want: 4.62.3
3715 silly placeDep ROOT @rollup/rollup-linux-arm64-musl@4.62.3 OK for: rollup@4.62.3 want: 4.62.3
3716 silly placeDep ROOT @rollup/rollup-linux-loong64-gnu@4.62.3 OK for: rollup@4.62.3 want: 4.62.3
3717 silly placeDep ROOT @rollup/rollup-linux-loong64-musl@4.62.3 OK for: rollup@4.62.3 want: 4.62.3
3718 silly placeDep ROOT @rollup/rollup-linux-ppc64-gnu@4.62.3 OK for: rollup@4.62.3 want: 4.62.3
3719 silly placeDep ROOT @rollup/rollup-linux-ppc64-musl@4.62.3 OK for: rollup@4.62.3 want: 4.62.3
3720 silly placeDep ROOT @rollup/rollup-linux-riscv64-gnu@4.62.3 OK for: rollup@4.62.3 want: 4.62.3
3721 silly placeDep ROOT @rollup/rollup-linux-riscv64-musl@4.62.3 OK for: rollup@4.62.3 want: 4.62.3
3722 silly placeDep ROOT @rollup/rollup-linux-s390x-gnu@4.62.3 OK for: rollup@4.62.3 want: 4.62.3
3723 silly placeDep ROOT @rollup/rollup-linux-x64-gnu@4.62.3 OK for: rollup@4.62.3 want: 4.62.3
3724 silly placeDep ROOT @rollup/rollup-linux-x64-musl@4.62.3 OK for: rollup@4.62.3 want: 4.62.3
3725 silly placeDep ROOT @rollup/rollup-openbsd-x64@4.62.3 OK for: rollup@4.62.3 want: 4.62.3
3726 silly placeDep ROOT @rollup/rollup-openharmony-arm64@4.62.3 OK for: rollup@4.62.3 want: 4.62.3
3727 silly placeDep ROOT @rollup/rollup-win32-arm64-msvc@4.62.3 OK for: rollup@4.62.3 want: 4.62.3
3728 silly placeDep ROOT @rollup/rollup-win32-ia32-msvc@4.62.3 OK for: rollup@4.62.3 want: 4.62.3
3729 silly placeDep ROOT @rollup/rollup-win32-x64-gnu@4.62.3 OK for: rollup@4.62.3 want: 4.62.3
3730 silly placeDep ROOT @rollup/rollup-win32-x64-msvc@4.62.3 OK for: rollup@4.62.3 want: 4.62.3
3731 silly placeDep ROOT @types/estree@1.0.9 OK for: rollup@4.62.3 want: 1.0.9
3732 silly placeDep ROOT queue-microtask@1.2.3 OK for: run-parallel@1.2.0 want: ^1.2.2
3733 silly placeDep ROOT @types/json-schema@7.0.15 OK for: schema-utils@2.7.1 want: ^7.0.5
3734 silly placeDep ROOT ajv@6.15.0 OK for: schema-utils@2.7.1 want: ^6.12.4
3735 silly placeDep ROOT ajv-keywords@3.5.2 OK for: schema-utils@2.7.1 want: ^3.5.2
3736 silly fetch manifest uri-js@^4.2.2
3737 silly packumentCache full:https://registry.npmjs.org/uri-js cache-miss
3738 silly fetch manifest fast-deep-equal@^3.1.1
3739 silly packumentCache full:https://registry.npmjs.org/fast-deep-equal cache-miss
3740 silly fetch manifest json-schema-traverse@^0.4.1
3741 silly packumentCache full:https://registry.npmjs.org/json-schema-traverse cache-miss
3742 silly fetch manifest fast-json-stable-stringify@^2.0.0
3743 silly packumentCache full:https://registry.npmjs.org/fast-json-stable-stringify cache-miss
3744 http fetch GET 200 https://registry.npmjs.org/fast-json-stable-stringify 72ms (cache miss)
3745 silly packumentCache full:https://registry.npmjs.org/fast-json-stable-stringify set size:undefined disposed:false
3746 http fetch GET 200 https://registry.npmjs.org/fast-deep-equal 74ms (cache miss)
3747 silly packumentCache full:https://registry.npmjs.org/fast-deep-equal set size:undefined disposed:false
3748 http fetch GET 200 https://registry.npmjs.org/json-schema-traverse 76ms (cache miss)
3749 silly packumentCache full:https://registry.npmjs.org/json-schema-traverse set size:undefined disposed:false
3750 http fetch GET 200 https://registry.npmjs.org/uri-js 77ms (cache miss)
3751 silly packumentCache full:https://registry.npmjs.org/uri-js set size:undefined disposed:false
3752 silly placeDep ROOT fast-deep-equal@3.1.3 OK for: ajv@6.15.0 want: ^3.1.1
3753 silly placeDep ROOT fast-json-stable-stringify@2.1.0 OK for: ajv@6.15.0 want: ^2.0.0
3754 silly placeDep ROOT json-schema-traverse@0.4.1 OK for: ajv@6.15.0 want: ^0.4.1
3755 silly placeDep ROOT uri-js@4.4.1 OK for: ajv@6.15.0 want: ^4.2.2
3756 silly fetch manifest punycode@^2.1.0
3757 silly packumentCache full:https://registry.npmjs.org/punycode cache-miss
3758 http cache https://registry.npmjs.org/punycode 5ms (cache hit)
3759 silly packumentCache full:https://registry.npmjs.org/punycode set size:61278 disposed:false
3760 silly placeDep ROOT object-inspect@1.13.4 OK for: side-channel@1.1.1 want: ^1.13.4
3761 silly placeDep ROOT side-channel-list@1.0.1 OK for: side-channel@1.1.1 want: ^1.0.1
3762 silly placeDep ROOT side-channel-map@1.0.1 OK for: side-channel@1.1.1 want: ^1.0.1
3763 silly placeDep ROOT side-channel-weakmap@1.0.2 OK for: side-channel@1.1.1 want: ^1.0.2
3764 silly placeDep ROOT @socket.io/component-emitter@3.1.2 OK for: socket.io-client@4.8.3 want: ~3.1.0
3765 silly placeDep ROOT engine.io-client@6.6.6 OK for: socket.io-client@4.8.3 want: ~6.6.1
3766 silly placeDep ROOT socket.io-parser@4.2.7 OK for: socket.io-client@4.8.3 want: ~4.2.4
3767 silly fetch manifest ws@~8.21.0
3768 silly packumentCache full:https://registry.npmjs.org/ws cache-miss
3769 silly fetch manifest engine.io-parser@~5.2.1
3770 silly packumentCache full:https://registry.npmjs.org/engine.io-parser cache-miss
3771 silly fetch manifest xmlhttprequest-ssl@~2.1.1
3772 silly packumentCache full:https://registry.npmjs.org/xmlhttprequest-ssl cache-miss
3773 http cache https://registry.npmjs.org/ws 9ms (cache hit)
3774 silly packumentCache full:https://registry.npmjs.org/ws set size:426754 disposed:false
3775 http fetch GET 200 https://registry.npmjs.org/engine.io-parser 86ms (cache miss)
3776 silly packumentCache full:https://registry.npmjs.org/engine.io-parser set size:undefined disposed:false
3777 http fetch GET 200 https://registry.npmjs.org/xmlhttprequest-ssl 218ms (cache miss)
3778 silly packumentCache full:https://registry.npmjs.org/xmlhttprequest-ssl set size:undefined disposed:false
3779 silly fetch manifest bufferutil@^4.0.1
3780 silly packumentCache full:https://registry.npmjs.org/bufferutil cache-miss
3781 http fetch GET 200 https://registry.npmjs.org/bufferutil 64ms (cache miss)
3782 silly packumentCache full:https://registry.npmjs.org/bufferutil set size:undefined disposed:false
3783 silly fetch manifest utf-8-validate@>=5.0.2
3784 silly packumentCache full:https://registry.npmjs.org/utf-8-validate cache-miss
3785 http fetch GET 200 https://registry.npmjs.org/utf-8-validate 220ms (cache miss)
3786 silly packumentCache full:https://registry.npmjs.org/utf-8-validate set size:undefined disposed:false
3787 silly placeDep ROOT engine.io-parser@5.2.3 OK for: engine.io-client@6.6.6 want: ~5.2.1
3788 silly placeDep ROOT ws@8.21.1 OK for: engine.io-client@6.6.6 want: ~8.21.0
3789 silly placeDep ROOT xmlhttprequest-ssl@2.1.2 OK for: engine.io-client@6.6.6 want: ~2.1.1
3790 silly placeDep ROOT crypto-js@4.2.0 OK for: sode-extend-react@1.2.11 want: ^4.1.1
3791 silly placeDep ROOT string-similarity@4.0.4 OK for: sode-extend-react@1.2.11 want: ^4.0.4
3792 silly placeDep ROOT builtin-status-codes@3.0.0 OK for: stream-http@2.8.3 want: ^3.0.0
3793 silly placeDep ROOT to-arraybuffer@1.0.1 OK for: stream-http@2.8.3 want: ^1.0.0
3794 silly placeDep ROOT xtend@4.0.2 OK for: stream-http@2.8.3 want: ^4.0.0
3795 silly placeDep ROOT emoji-regex@8.0.0 OK for: string-width@4.2.3 want: ^8.0.0
3796 silly placeDep ROOT is-fullwidth-code-point@3.0.0 OK for: string-width@4.2.3 want: ^3.0.0
3797 silly placeDep ROOT ansi-regex@5.0.1 OK for: strip-ansi@6.0.1 want: ^5.0.1
3798 silly placeDep node_modules/style-loader schema-utils@3.3.0 OK for: style-loader@2.0.0 want: ^3.0.0
3799 silly placeDep ROOT has-flag@4.0.0 OK for: supports-color@7.2.0 want: ^4.0.0
3800 silly placeDep ROOT css-select@4.3.0 OK for: svgo@2.8.3 want: ^4.1.3
3801 silly placeDep ROOT css-tree@1.1.3 OK for: svgo@2.8.3 want: ^1.1.3
3802 silly placeDep ROOT csso@4.2.0 OK for: svgo@2.8.3 want: ^4.2.0
3803 silly placeDep ROOT sax@1.6.1 OK for: svgo@2.8.3 want: ^1.5.0
3804 silly placeDep ROOT stable@0.1.8 OK for: svgo@2.8.3 want: ^0.1.8
3805 silly fetch manifest boolbase@^1.0.0
3806 silly packumentCache full:https://registry.npmjs.org/boolbase cache-miss
3807 silly fetch manifest css-what@^6.0.1
3808 silly packumentCache full:https://registry.npmjs.org/css-what cache-miss
3809 silly fetch manifest nth-check@^2.0.1
3810 silly packumentCache full:https://registry.npmjs.org/nth-check cache-miss
3811 silly fetch manifest domhandler@^4.3.1
3812 silly packumentCache full:https://registry.npmjs.org/domhandler cache-hit
3813 silly fetch manifest mdn-data@2.0.14
3814 silly packumentCache full:https://registry.npmjs.org/mdn-data cache-miss
3815 http fetch GET 200 https://registry.npmjs.org/nth-check 62ms (cache miss)
3816 silly packumentCache full:https://registry.npmjs.org/nth-check set size:undefined disposed:false
3817 http fetch GET 200 https://registry.npmjs.org/boolbase 65ms (cache miss)
3818 silly packumentCache full:https://registry.npmjs.org/boolbase set size:undefined disposed:false
3819 http fetch GET 200 https://registry.npmjs.org/mdn-data 72ms (cache miss)
3820 silly packumentCache full:https://registry.npmjs.org/mdn-data set size:undefined disposed:false
3821 http fetch GET 200 https://registry.npmjs.org/css-what 80ms (cache miss)
3822 silly packumentCache full:https://registry.npmjs.org/css-what set size:undefined disposed:false
3823 silly placeDep ROOT boolbase@1.0.0 OK for: css-select@4.3.0 want: ^1.0.0
3824 silly placeDep ROOT css-what@6.2.2 OK for: css-select@4.3.0 want: ^6.0.1
3825 silly placeDep node_modules/css-select domhandler@4.3.1 OK for: css-select@4.3.0 want: ^4.3.1
3826 silly placeDep ROOT nth-check@2.1.1 OK for: css-select@4.3.0 want: ^2.0.1
3827 silly placeDep ROOT mdn-data@2.0.14 OK for: css-tree@1.1.3 want: 2.0.14
3828 silly fetch manifest postcss@^8.4.47
3829 silly packumentCache full:https://registry.npmjs.org/postcss cache-hit
3830 silly fetch manifest tsx@^4.8.1
3831 silly packumentCache full:https://registry.npmjs.org/tsx cache-miss
3832 http fetch GET 200 https://registry.npmjs.org/tsx 82ms (cache miss)
3833 silly packumentCache full:https://registry.npmjs.org/tsx set size:undefined disposed:false
3834 silly fetch manifest yaml@^2.4.2
3835 silly packumentCache full:https://registry.npmjs.org/yaml cache-hit
3836 silly placeDep ROOT @alloc/quick-lru@5.2.0 OK for: tailwindcss@3.4.19 want: ^5.2.0
3837 silly placeDep ROOT arg@5.0.2 OK for: tailwindcss@3.4.19 want: ^5.0.2
3838 silly placeDep ROOT didyoumean@1.2.2 OK for: tailwindcss@3.4.19 want: ^1.2.2
3839 silly placeDep ROOT dlv@1.1.3 OK for: tailwindcss@3.4.19 want: ^1.1.3
3840 silly placeDep node_modules/tailwindcss glob-parent@6.0.2 OK for: tailwindcss@3.4.19 want: ^6.0.2
3841 silly placeDep ROOT jiti@1.21.7 OK for: tailwindcss@3.4.19 want: ^1.21.7
3842 silly placeDep node_modules/tailwindcss lilconfig@3.1.3 OK for: tailwindcss@3.4.19 want: ^3.1.3
3843 silly placeDep ROOT object-hash@3.0.0 OK for: tailwindcss@3.4.19 want: ^3.0.0
3844 silly placeDep ROOT postcss-import@15.1.0 OK for: tailwindcss@3.4.19 want: ^15.1.0
3845 silly placeDep ROOT postcss-js@4.1.0 OK for: tailwindcss@3.4.19 want: ^4.0.1
3846 silly placeDep node_modules/tailwindcss postcss-load-config@6.0.1 OK for: tailwindcss@3.4.19 want: ^4.0.2 || ^5.0 || ^6.0
3847 silly placeDep node_modules/tailwindcss yaml@2.9.0 OK for: postcss-load-config@6.0.1 want: ^2.4.2
3848 silly placeDep ROOT postcss-nested@6.2.0 OK for: tailwindcss@3.4.19 want: ^6.2.0
3849 silly placeDep ROOT sucrase@3.35.1 OK for: tailwindcss@3.4.19 want: ^3.35.0
3850 silly fetch manifest read-cache@^1.0.0
3851 silly packumentCache full:https://registry.npmjs.org/read-cache cache-miss
3852 silly fetch manifest camelcase-css@^2.0.1
3853 silly packumentCache full:https://registry.npmjs.org/camelcase-css cache-miss
3854 silly fetch manifest commander@^4.0.0
3855 silly packumentCache full:https://registry.npmjs.org/commander cache-hit
3856 silly fetch manifest mz@^2.7.0
3857 silly packumentCache full:https://registry.npmjs.org/mz cache-miss
3858 silly fetch manifest pirates@^4.0.1
3859 silly packumentCache full:https://registry.npmjs.org/pirates cache-miss
3860 silly fetch manifest tinyglobby@^0.2.11
3861 silly packumentCache full:https://registry.npmjs.org/tinyglobby cache-miss
3862 silly fetch manifest ts-interface-checker@^0.1.9
3863 silly packumentCache full:https://registry.npmjs.org/ts-interface-checker cache-miss
3864 http fetch GET 200 https://registry.npmjs.org/read-cache 60ms (cache miss)
3865 silly packumentCache full:https://registry.npmjs.org/read-cache set size:undefined disposed:false
3866 http fetch GET 200 https://registry.npmjs.org/camelcase-css 62ms (cache miss)
3867 silly packumentCache full:https://registry.npmjs.org/camelcase-css set size:undefined disposed:false
3868 http fetch GET 200 https://registry.npmjs.org/mz 63ms (cache miss)
3869 silly packumentCache full:https://registry.npmjs.org/mz set size:undefined disposed:false
3870 http fetch GET 200 https://registry.npmjs.org/pirates 67ms (cache miss)
3871 silly packumentCache full:https://registry.npmjs.org/pirates set size:undefined disposed:false
3872 http fetch GET 200 https://registry.npmjs.org/tinyglobby 73ms (cache miss)
3873 silly packumentCache full:https://registry.npmjs.org/tinyglobby set size:undefined disposed:false
3874 http fetch GET 200 https://registry.npmjs.org/ts-interface-checker 75ms (cache miss)
3875 silly packumentCache full:https://registry.npmjs.org/ts-interface-checker set size:undefined disposed:false
3876 silly placeDep ROOT read-cache@1.0.0 OK for: postcss-import@15.1.0 want: ^1.0.0
3877 silly fetch manifest pify@^2.3.0
3878 silly packumentCache full:https://registry.npmjs.org/pify cache-miss
3879 http fetch GET 200 https://registry.npmjs.org/pify 63ms (cache miss)
3880 silly packumentCache full:https://registry.npmjs.org/pify set size:undefined disposed:false
3881 silly placeDep ROOT camelcase-css@2.0.1 OK for: postcss-js@4.1.0 want: ^2.0.1
3882 silly placeDep ROOT pify@2.3.0 OK for: read-cache@1.0.0 want: ^2.3.0
3883 silly placeDep node_modules/sucrase commander@4.1.1 OK for: sucrase@3.35.1 want: ^4.0.0
3884 silly placeDep ROOT mz@2.7.0 OK for: sucrase@3.35.1 want: ^2.7.0
3885 silly placeDep ROOT pirates@4.0.7 OK for: sucrase@3.35.1 want: ^4.0.1
3886 silly placeDep ROOT tinyglobby@0.2.17 OK for: sucrase@3.35.1 want: ^0.2.11
3887 silly placeDep ROOT ts-interface-checker@0.1.13 OK for: sucrase@3.35.1 want: ^0.1.9
3888 silly fetch manifest any-promise@^1.0.0
3889 silly packumentCache full:https://registry.npmjs.org/any-promise cache-miss
3890 silly fetch manifest thenify-all@^1.0.0
3891 silly packumentCache full:https://registry.npmjs.org/thenify-all cache-miss
3892 silly fetch manifest fdir@^6.5.0
3893 silly packumentCache full:https://registry.npmjs.org/fdir cache-miss
3894 silly fetch manifest picomatch@^4.0.4
3895 silly packumentCache full:https://registry.npmjs.org/picomatch cache-miss
3896 http cache https://registry.npmjs.org/picomatch 6ms (cache hit)
3897 silly packumentCache full:https://registry.npmjs.org/picomatch set size:128942 disposed:false
3898 http fetch GET 200 https://registry.npmjs.org/any-promise 60ms (cache miss)
3899 silly packumentCache full:https://registry.npmjs.org/any-promise set size:undefined disposed:false
3900 http fetch GET 200 https://registry.npmjs.org/thenify-all 66ms (cache miss)
3901 silly packumentCache full:https://registry.npmjs.org/thenify-all set size:undefined disposed:false
3902 http fetch GET 200 https://registry.npmjs.org/fdir 68ms (cache miss)
3903 silly packumentCache full:https://registry.npmjs.org/fdir set size:undefined disposed:false
3904 silly placeDep ROOT any-promise@1.3.0 OK for: mz@2.7.0 want: ^1.0.0
3905 silly placeDep ROOT thenify-all@1.6.0 OK for: mz@2.7.0 want: ^1.0.0
3906 silly fetch manifest thenify@>= 3.1.0 < 4
3907 silly packumentCache full:https://registry.npmjs.org/thenify cache-miss
3908 http fetch GET 200 https://registry.npmjs.org/thenify 94ms (cache miss)
3909 silly packumentCache full:https://registry.npmjs.org/thenify set size:undefined disposed:false
3910 silly placeDep ROOT @jridgewell/source-map@0.3.11 OK for: terser@5.49.0 want: ^0.3.3
3911 silly placeDep ROOT acorn@8.18.0 OK for: terser@5.49.0 want: ^8.15.0
3912 silly placeDep node_modules/terser commander@2.20.3 OK for: terser@5.49.0 want: ^2.20.0
3913 silly placeDep ROOT source-map-support@0.5.21 OK for: terser@5.49.0 want: ~0.5.20
3914 silly fetch manifest buffer-from@^1.0.0
3915 silly packumentCache full:https://registry.npmjs.org/buffer-from cache-miss
3916 http fetch GET 200 https://registry.npmjs.org/buffer-from 60ms (cache miss)
3917 silly packumentCache full:https://registry.npmjs.org/buffer-from set size:undefined disposed:false
3918 silly placeDep ROOT buffer-from@1.1.2 OK for: source-map-support@0.5.21 want: ^1.0.0
3919 silly placeDep ROOT jest-worker@27.5.1 OK for: terser-webpack-plugin@5.6.1 want: ^27.4.5
3920 silly placeDep node_modules/terser-webpack-plugin schema-utils@4.3.3 OK for: terser-webpack-plugin@5.6.1 want: ^4.3.0
3921 silly fetch manifest merge-stream@^2.0.0
3922 silly packumentCache full:https://registry.npmjs.org/merge-stream cache-miss
3923 silly fetch manifest supports-color@^8.0.0
3924 silly packumentCache full:https://registry.npmjs.org/supports-color cache-miss
3925 silly fetch manifest ajv@^8.9.0
3926 silly packumentCache full:https://registry.npmjs.org/ajv cache-miss
3927 silly fetch manifest ajv-formats@^2.1.1
3928 silly packumentCache full:https://registry.npmjs.org/ajv-formats cache-miss
3929 silly fetch manifest ajv-keywords@^5.1.0
3930 silly packumentCache full:https://registry.npmjs.org/ajv-keywords cache-miss
3931 http cache https://registry.npmjs.org/supports-color 9ms (cache hit)
3932 silly packumentCache full:https://registry.npmjs.org/supports-color set size:124169 disposed:false
3933 http cache https://registry.npmjs.org/ajv 12ms (cache hit)
3934 silly packumentCache full:https://registry.npmjs.org/ajv set size:1142658 disposed:false
3935 http cache https://registry.npmjs.org/ajv-keywords 18ms (cache hit)
3936 silly packumentCache full:https://registry.npmjs.org/ajv-keywords set size:310004 disposed:false
3937 http fetch GET 200 https://registry.npmjs.org/merge-stream 58ms (cache miss)
3938 silly packumentCache full:https://registry.npmjs.org/merge-stream set size:undefined disposed:false
3939 http fetch GET 200 https://registry.npmjs.org/ajv-formats 95ms (cache miss)
3940 silly packumentCache full:https://registry.npmjs.org/ajv-formats set size:undefined disposed:false
3941 silly placeDep ROOT merge-stream@2.0.0 OK for: jest-worker@27.5.1 want: ^2.0.0
3942 silly placeDep node_modules/jest-worker supports-color@8.1.1 OK for: jest-worker@27.5.1 want: ^8.0.0
3943 silly placeDep ROOT thenify@3.3.1 OK for: thenify-all@1.6.0 want: >= 3.1.0 < 4
3944 silly placeDep ROOT setimmediate@1.0.5 OK for: timers-browserify@2.0.12 want: ^1.0.4
3945 silly placeDep node_modules/tinyglobby fdir@6.5.0 OK for: tinyglobby@0.2.17 want: ^6.5.0
3946 silly placeDep node_modules/tinyglobby picomatch@4.0.5 OK for: fdir@6.5.0 want: ^3 || ^4
3947 silly placeDep node_modules/to-buffer isarray@2.0.5 OK for: to-buffer@1.2.2 want: ^2.0.5
3948 silly placeDep ROOT typed-array-buffer@1.0.3 OK for: to-buffer@1.2.2 want: ^1.0.3
3949 silly fetch manifest is-typed-array@^1.1.14
3950 silly packumentCache full:https://registry.npmjs.org/is-typed-array cache-miss
3951 http fetch GET 200 https://registry.npmjs.org/is-typed-array 60ms (cache miss)
3952 silly packumentCache full:https://registry.npmjs.org/is-typed-array set size:undefined disposed:false
3953 silly placeDep ROOT is-number@7.0.0 OK for: to-regex-range@5.0.1 want: ^7.0.0
3954 silly placeDep ROOT is-typed-array@1.1.15 OK for: typed-array-buffer@1.0.3 want: ^1.1.14
3955 silly fetch manifest which-typed-array@^1.1.16
3956 silly packumentCache full:https://registry.npmjs.org/which-typed-array cache-miss
3957 http fetch GET 200 https://registry.npmjs.org/which-typed-array 66ms (cache miss)
3958 silly packumentCache full:https://registry.npmjs.org/which-typed-array set size:undefined disposed:false
3959 silly placeDep ROOT which-typed-array@1.1.22 OK for: is-typed-array@1.1.15 want: ^1.1.16
3960 silly fetch manifest for-each@^0.3.5
3961 silly packumentCache full:https://registry.npmjs.org/for-each cache-miss
3962 silly fetch manifest available-typed-arrays@^1.0.7
3963 silly packumentCache full:https://registry.npmjs.org/available-typed-arrays cache-miss
3964 http fetch GET 200 https://registry.npmjs.org/for-each 57ms (cache miss)
3965 silly packumentCache full:https://registry.npmjs.org/for-each set size:undefined disposed:false
3966 http fetch GET 200 https://registry.npmjs.org/available-typed-arrays 62ms (cache miss)
3967 silly packumentCache full:https://registry.npmjs.org/available-typed-arrays set size:undefined disposed:false
3968 silly placeDep ROOT unicode-canonical-property-names-ecmascript@2.0.1 OK for: unicode-match-property-ecmascript@2.0.0 want: ^2.0.0
3969 silly placeDep ROOT unicode-property-aliases-ecmascript@2.2.0 OK for: unicode-match-property-ecmascript@2.0.0 want: ^2.0.0
3970 silly placeDep ROOT escalade@3.2.0 OK for: update-browserslist-db@1.2.3 want: ^3.2.0
3971 silly placeDep node_modules/uri-js punycode@2.3.1 OK for: uri-js@4.4.1 want: ^2.1.0
3972 silly placeDep node_modules/util inherits@2.0.3 OK for: util@0.11.1 want: 2.0.3
3973 silly placeDep ROOT base64-arraybuffer@1.0.2 OK for: utrie@1.0.2 want: ^1.0.2
3974 silly placeDep ROOT esbuild@0.21.5 OK for: vite@5.4.21 want: ^0.21.3
3975 silly fetch manifest @esbuild/aix-ppc64@0.21.5
3976 silly packumentCache full:https://registry.npmjs.org/@esbuild%2faix-ppc64 cache-miss
3977 silly fetch manifest @esbuild/linux-arm@0.21.5
3978 silly packumentCache full:https://registry.npmjs.org/@esbuild%2flinux-arm cache-miss
3979 silly fetch manifest @esbuild/linux-x64@0.21.5
3980 silly packumentCache full:https://registry.npmjs.org/@esbuild%2flinux-x64 cache-miss
3981 silly fetch manifest @esbuild/sunos-x64@0.21.5
3982 silly packumentCache full:https://registry.npmjs.org/@esbuild%2fsunos-x64 cache-miss
3983 silly fetch manifest @esbuild/win32-x64@0.21.5
3984 silly packumentCache full:https://registry.npmjs.org/@esbuild%2fwin32-x64 cache-miss
3985 silly fetch manifest @esbuild/darwin-x64@0.21.5
3986 silly packumentCache full:https://registry.npmjs.org/@esbuild%2fdarwin-x64 cache-miss
3987 silly fetch manifest @esbuild/linux-ia32@0.21.5
3988 silly packumentCache full:https://registry.npmjs.org/@esbuild%2flinux-ia32 cache-miss
3989 silly fetch manifest @esbuild/netbsd-x64@0.21.5
3990 silly packumentCache full:https://registry.npmjs.org/@esbuild%2fnetbsd-x64 cache-miss
3991 silly fetch manifest @esbuild/win32-ia32@0.21.5
3992 silly packumentCache full:https://registry.npmjs.org/@esbuild%2fwin32-ia32 cache-miss
3993 silly fetch manifest @esbuild/android-arm@0.21.5
3994 silly packumentCache full:https://registry.npmjs.org/@esbuild%2fandroid-arm cache-miss
3995 silly fetch manifest @esbuild/android-x64@0.21.5
3996 silly packumentCache full:https://registry.npmjs.org/@esbuild%2fandroid-x64 cache-miss
3997 silly fetch manifest @esbuild/freebsd-x64@0.21.5
3998 silly packumentCache full:https://registry.npmjs.org/@esbuild%2ffreebsd-x64 cache-miss
3999 silly fetch manifest @esbuild/linux-arm64@0.21.5
4000 silly packumentCache full:https://registry.npmjs.org/@esbuild%2flinux-arm64 cache-miss
4001 silly fetch manifest @esbuild/linux-ppc64@0.21.5
4002 silly packumentCache full:https://registry.npmjs.org/@esbuild%2flinux-ppc64 cache-miss
4003 silly fetch manifest @esbuild/linux-s390x@0.21.5
4004 silly packumentCache full:https://registry.npmjs.org/@esbuild%2flinux-s390x cache-miss
4005 http fetch GET 200 https://registry.npmjs.org/@esbuild%2faix-ppc64 97ms (cache updated)
4006 silly packumentCache full:https://registry.npmjs.org/@esbuild%2faix-ppc64 set size:undefined disposed:false
4007 silly fetch manifest @esbuild/openbsd-x64@0.21.5
4008 silly packumentCache full:https://registry.npmjs.org/@esbuild%2fopenbsd-x64 cache-miss
4009 http fetch GET 200 https://registry.npmjs.org/@esbuild%2fnetbsd-x64 117ms (cache updated)
4010 silly packumentCache full:https://registry.npmjs.org/@esbuild%2fnetbsd-x64 set size:undefined disposed:false
4011 silly fetch manifest @esbuild/win32-arm64@0.21.5
4012 silly packumentCache full:https://registry.npmjs.org/@esbuild%2fwin32-arm64 cache-miss
4013 http fetch GET 200 https://registry.npmjs.org/@esbuild%2fwin32-x64 124ms (cache updated)
4014 silly packumentCache full:https://registry.npmjs.org/@esbuild%2fwin32-x64 set size:undefined disposed:false
4015 silly fetch manifest @esbuild/darwin-arm64@0.21.5
4016 silly packumentCache full:https://registry.npmjs.org/@esbuild%2fdarwin-arm64 cache-miss
4017 http fetch GET 200 https://registry.npmjs.org/@esbuild%2fsunos-x64 155ms (cache updated)
4018 silly packumentCache full:https://registry.npmjs.org/@esbuild%2fsunos-x64 set size:undefined disposed:false
4019 silly fetch manifest @esbuild/android-arm64@0.21.5
4020 silly packumentCache full:https://registry.npmjs.org/@esbuild%2fandroid-arm64 cache-miss
4021 http fetch GET 200 https://registry.npmjs.org/@esbuild%2fdarwin-x64 170ms (cache updated)
4022 silly packumentCache full:https://registry.npmjs.org/@esbuild%2fdarwin-x64 set size:undefined disposed:false
4023 silly fetch manifest @esbuild/freebsd-arm64@0.21.5
4024 silly packumentCache full:https://registry.npmjs.org/@esbuild%2ffreebsd-arm64 cache-miss
4025 http fetch GET 200 https://registry.npmjs.org/@esbuild%2flinux-arm 185ms (cache updated)
4026 silly packumentCache full:https://registry.npmjs.org/@esbuild%2flinux-arm set size:undefined disposed:false
4027 silly fetch manifest @esbuild/linux-loong64@0.21.5
4028 silly packumentCache full:https://registry.npmjs.org/@esbuild%2flinux-loong64 cache-miss
4029 http fetch GET 200 https://registry.npmjs.org/@esbuild%2flinux-arm64 191ms (cache updated)
4030 silly packumentCache full:https://registry.npmjs.org/@esbuild%2flinux-arm64 set size:undefined disposed:false
4031 silly fetch manifest @esbuild/linux-riscv64@0.21.5
4032 silly packumentCache full:https://registry.npmjs.org/@esbuild%2flinux-riscv64 cache-miss
4033 http fetch GET 200 https://registry.npmjs.org/@esbuild%2fandroid-arm 197ms (cache updated)
4034 silly packumentCache full:https://registry.npmjs.org/@esbuild%2fandroid-arm set size:undefined disposed:false
4035 silly fetch manifest @esbuild/linux-mips64el@0.21.5
4036 silly packumentCache full:https://registry.npmjs.org/@esbuild%2flinux-mips64el cache-miss
4037 http fetch GET 200 https://registry.npmjs.org/@esbuild%2flinux-ppc64 201ms (cache updated)
4038 silly packumentCache full:https://registry.npmjs.org/@esbuild%2flinux-ppc64 set size:undefined disposed:false
4039 http fetch GET 200 https://registry.npmjs.org/@esbuild%2fandroid-x64 220ms (cache updated)
4040 silly packumentCache full:https://registry.npmjs.org/@esbuild%2fandroid-x64 set size:undefined disposed:false
4041 http fetch GET 200 https://registry.npmjs.org/@esbuild%2flinux-s390x 222ms (cache updated)
4042 silly packumentCache full:https://registry.npmjs.org/@esbuild%2flinux-s390x set size:undefined disposed:false
4043 http fetch GET 200 https://registry.npmjs.org/@esbuild%2flinux-x64 241ms (cache updated)
4044 silly packumentCache full:https://registry.npmjs.org/@esbuild%2flinux-x64 set size:undefined disposed:false
4045 http fetch GET 200 https://registry.npmjs.org/@esbuild%2flinux-ia32 241ms (cache updated)
4046 silly packumentCache full:https://registry.npmjs.org/@esbuild%2flinux-ia32 set size:undefined disposed:false
4047 http fetch GET 200 https://registry.npmjs.org/@esbuild%2ffreebsd-x64 246ms (cache updated)
4048 silly packumentCache full:https://registry.npmjs.org/@esbuild%2ffreebsd-x64 set size:undefined disposed:false
4049 http fetch GET 200 https://registry.npmjs.org/@esbuild%2fwin32-ia32 250ms (cache updated)
4050 silly packumentCache full:https://registry.npmjs.org/@esbuild%2fwin32-ia32 set size:undefined disposed:false
4051 http fetch GET 200 https://registry.npmjs.org/@esbuild%2fandroid-arm64 166ms (cache updated)
4052 silly packumentCache full:https://registry.npmjs.org/@esbuild%2fandroid-arm64 set size:undefined disposed:false
4053 http fetch GET 200 https://registry.npmjs.org/@esbuild%2fwin32-arm64 212ms (cache updated)
4054 silly packumentCache full:https://registry.npmjs.org/@esbuild%2fwin32-arm64 set size:undefined disposed:false
4055 http fetch GET 200 https://registry.npmjs.org/@esbuild%2flinux-mips64el 135ms (cache updated)
4056 silly packumentCache full:https://registry.npmjs.org/@esbuild%2flinux-mips64el set size:undefined disposed:false
4057 http fetch GET 200 https://registry.npmjs.org/@esbuild%2ffreebsd-arm64 183ms (cache updated)
4058 silly packumentCache full:https://registry.npmjs.org/@esbuild%2ffreebsd-arm64 set size:undefined disposed:false
4059 http fetch GET 200 https://registry.npmjs.org/@esbuild%2flinux-riscv64 162ms (cache updated)
4060 silly packumentCache full:https://registry.npmjs.org/@esbuild%2flinux-riscv64 set size:undefined disposed:false
4061 http fetch GET 200 https://registry.npmjs.org/@esbuild%2flinux-loong64 173ms (cache updated)
4062 silly packumentCache full:https://registry.npmjs.org/@esbuild%2flinux-loong64 set size:undefined disposed:false
4063 http fetch GET 200 https://registry.npmjs.org/@esbuild%2fopenbsd-x64 264ms (cache updated)
4064 silly packumentCache full:https://registry.npmjs.org/@esbuild%2fopenbsd-x64 set size:undefined disposed:false
4065 http fetch GET 200 https://registry.npmjs.org/@esbuild%2fdarwin-arm64 239ms (cache updated)
4066 silly packumentCache full:https://registry.npmjs.org/@esbuild%2fdarwin-arm64 set size:undefined disposed:false
4067 silly placeDep ROOT @esbuild/aix-ppc64@0.21.5 OK for: esbuild@0.21.5 want: 0.21.5
4068 silly placeDep ROOT @esbuild/android-arm@0.21.5 OK for: esbuild@0.21.5 want: 0.21.5
4069 silly placeDep ROOT @esbuild/android-arm64@0.21.5 OK for: esbuild@0.21.5 want: 0.21.5
4070 silly placeDep ROOT @esbuild/android-x64@0.21.5 OK for: esbuild@0.21.5 want: 0.21.5
4071 silly placeDep ROOT @esbuild/darwin-arm64@0.21.5 OK for: esbuild@0.21.5 want: 0.21.5
4072 silly placeDep ROOT @esbuild/darwin-x64@0.21.5 OK for: esbuild@0.21.5 want: 0.21.5
4073 silly placeDep ROOT @esbuild/freebsd-arm64@0.21.5 OK for: esbuild@0.21.5 want: 0.21.5
4074 silly placeDep ROOT @esbuild/freebsd-x64@0.21.5 OK for: esbuild@0.21.5 want: 0.21.5
4075 silly placeDep ROOT @esbuild/linux-arm@0.21.5 OK for: esbuild@0.21.5 want: 0.21.5
4076 silly placeDep ROOT @esbuild/linux-arm64@0.21.5 OK for: esbuild@0.21.5 want: 0.21.5
4077 silly placeDep ROOT @esbuild/linux-ia32@0.21.5 OK for: esbuild@0.21.5 want: 0.21.5
4078 silly placeDep ROOT @esbuild/linux-loong64@0.21.5 OK for: esbuild@0.21.5 want: 0.21.5
4079 silly placeDep ROOT @esbuild/linux-mips64el@0.21.5 OK for: esbuild@0.21.5 want: 0.21.5
4080 silly placeDep ROOT @esbuild/linux-ppc64@0.21.5 OK for: esbuild@0.21.5 want: 0.21.5
4081 silly placeDep ROOT @esbuild/linux-riscv64@0.21.5 OK for: esbuild@0.21.5 want: 0.21.5
4082 silly placeDep ROOT @esbuild/linux-s390x@0.21.5 OK for: esbuild@0.21.5 want: 0.21.5
4083 silly placeDep ROOT @esbuild/linux-x64@0.21.5 OK for: esbuild@0.21.5 want: 0.21.5
4084 silly placeDep ROOT @esbuild/netbsd-x64@0.21.5 OK for: esbuild@0.21.5 want: 0.21.5
4085 silly placeDep ROOT @esbuild/openbsd-x64@0.21.5 OK for: esbuild@0.21.5 want: 0.21.5
4086 silly placeDep ROOT @esbuild/sunos-x64@0.21.5 OK for: esbuild@0.21.5 want: 0.21.5
4087 silly placeDep ROOT @esbuild/win32-arm64@0.21.5 OK for: esbuild@0.21.5 want: 0.21.5
4088 silly placeDep ROOT @esbuild/win32-ia32@0.21.5 OK for: esbuild@0.21.5 want: 0.21.5
4089 silly placeDep ROOT @esbuild/win32-x64@0.21.5 OK for: esbuild@0.21.5 want: 0.21.5
4090 silly placeDep ROOT hash-sum@1.0.2 OK for: vue-style-loader@4.1.3 want: ^1.0.2
4091 silly placeDep node_modules/vue-style-loader loader-utils@1.4.2 OK for: vue-style-loader@4.1.3 want: ^1.0.2
4092 silly fetch manifest webpack@^5.1.0
4093 silly packumentCache full:https://registry.npmjs.org/webpack cache-miss
4094 http cache https://registry.npmjs.org/webpack 21ms (cache hit)
4095 silly packumentCache full:https://registry.npmjs.org/webpack set size:5125589 disposed:false
4096 silly placeDep ROOT @webassemblyjs/ast@1.14.1 OK for: webpack@5.109.2 want: ^1.14.1
4097 silly placeDep ROOT @webassemblyjs/wasm-edit@1.14.1 OK for: webpack@5.109.2 want: ^1.14.1
4098 silly placeDep ROOT @webassemblyjs/wasm-parser@1.14.1 OK for: webpack@5.109.2 want: ^1.14.1
4099 silly placeDep ROOT chrome-trace-event@1.0.4 OK for: webpack@5.109.2 want: ^1.0.2
4100 silly placeDep ROOT enhanced-resolve@5.24.5 OK for: webpack@5.109.2 want: ^5.24.4
4101 silly placeDep ROOT es-module-lexer@2.3.1 OK for: webpack@5.109.2 want: ^2.1.0
4102 silly placeDep ROOT eslint-scope@5.1.1 OK for: webpack@5.109.2 want: 5.1.1
4103 silly placeDep node_modules/webpack mime-db@1.54.0 OK for: webpack@5.109.2 want: ^1.54.0
4104 silly placeDep ROOT minimizer-webpack-plugin@5.6.1 OK for: webpack@5.109.2 want: ^5.6.1
4105 silly placeDep ROOT neo-async@2.6.2 OK for: webpack@5.109.2 want: ^2.6.2
4106 silly placeDep node_modules/webpack schema-utils@4.3.3 OK for: webpack@5.109.2 want: ^4.3.3
4107 silly placeDep ROOT tapable@2.3.3 OK for: webpack@5.109.2 want: ^2.3.0
4108 silly placeDep ROOT watchpack@2.5.2 OK for: webpack@5.109.2 want: ^2.5.2
4109 silly placeDep node_modules/webpack webpack-sources@3.5.1 OK for: webpack@5.109.2 want: ^3.5.1
4110 silly fetch manifest @webassemblyjs/helper-numbers@1.13.2
4111 silly packumentCache full:https://registry.npmjs.org/@webassemblyjs%2fhelper-numbers cache-miss
4112 silly fetch manifest @webassemblyjs/helper-wasm-bytecode@1.13.2
4113 silly packumentCache full:https://registry.npmjs.org/@webassemblyjs%2fhelper-wasm-bytecode cache-miss
4114 silly fetch manifest @webassemblyjs/helper-buffer@1.14.1
4115 silly packumentCache full:https://registry.npmjs.org/@webassemblyjs%2fhelper-buffer cache-miss
4116 silly fetch manifest @webassemblyjs/helper-wasm-bytecode@1.13.2
4117 silly packumentCache full:https://registry.npmjs.org/@webassemblyjs%2fhelper-wasm-bytecode cache-miss
4118 silly fetch manifest @webassemblyjs/helper-wasm-section@1.14.1
4119 silly packumentCache full:https://registry.npmjs.org/@webassemblyjs%2fhelper-wasm-section cache-miss
4120 silly fetch manifest @webassemblyjs/wasm-gen@1.14.1
4121 silly packumentCache full:https://registry.npmjs.org/@webassemblyjs%2fwasm-gen cache-miss
4122 silly fetch manifest @webassemblyjs/wasm-opt@1.14.1
4123 silly packumentCache full:https://registry.npmjs.org/@webassemblyjs%2fwasm-opt cache-miss
4124 silly fetch manifest @webassemblyjs/wasm-parser@1.14.1
4125 silly packumentCache full:https://registry.npmjs.org/@webassemblyjs%2fwasm-parser cache-miss
4126 silly fetch manifest @webassemblyjs/wast-printer@1.14.1
4127 silly packumentCache full:https://registry.npmjs.org/@webassemblyjs%2fwast-printer cache-miss
4128 silly fetch manifest @webassemblyjs/helper-api-error@1.13.2
4129 silly packumentCache full:https://registry.npmjs.org/@webassemblyjs%2fhelper-api-error cache-miss
4130 silly fetch manifest @webassemblyjs/helper-wasm-bytecode@1.13.2
4131 silly packumentCache full:https://registry.npmjs.org/@webassemblyjs%2fhelper-wasm-bytecode cache-miss
4132 silly fetch manifest @webassemblyjs/ieee754@1.13.2
4133 silly packumentCache full:https://registry.npmjs.org/@webassemblyjs%2fieee754 cache-miss
4134 silly fetch manifest @webassemblyjs/leb128@1.13.2
4135 silly packumentCache full:https://registry.npmjs.org/@webassemblyjs%2fleb128 cache-miss
4136 silly fetch manifest @webassemblyjs/utf8@1.13.2
4137 silly packumentCache full:https://registry.npmjs.org/@webassemblyjs%2futf8 cache-miss
4138 silly fetch manifest tapable@^2.3.3
4139 silly packumentCache full:https://registry.npmjs.org/tapable cache-miss
4140 http cache https://registry.npmjs.org/@webassemblyjs%2fwasm-parser 16ms (cache hit)
4141 silly packumentCache full:https://registry.npmjs.org/@webassemblyjs%2fwasm-parser set size:214115 disposed:false
4142 silly fetch manifest esrecurse@^4.3.0
4143 silly packumentCache full:https://registry.npmjs.org/esrecurse cache-miss
4144 http cache https://registry.npmjs.org/tapable 18ms (cache hit)
4145 silly packumentCache full:https://registry.npmjs.org/tapable set size:141233 disposed:false
4146 silly fetch manifest estraverse@^4.1.1
4147 silly packumentCache full:https://registry.npmjs.org/estraverse cache-miss
4148 http fetch GET 200 https://registry.npmjs.org/@webassemblyjs%2fhelper-numbers 66ms (cache miss)
4149 silly packumentCache full:https://registry.npmjs.org/@webassemblyjs%2fhelper-numbers set size:undefined disposed:false
4150 http fetch GET 200 https://registry.npmjs.org/@webassemblyjs%2fhelper-api-error 89ms (cache miss)
4151 silly packumentCache full:https://registry.npmjs.org/@webassemblyjs%2fhelper-api-error set size:undefined disposed:false
4152 http fetch GET 200 https://registry.npmjs.org/@webassemblyjs%2fieee754 133ms (cache miss)
4153 silly packumentCache full:https://registry.npmjs.org/@webassemblyjs%2fieee754 set size:undefined disposed:false
4154 http fetch GET 200 https://registry.npmjs.org/@webassemblyjs%2fwast-printer 140ms (cache miss)
4155 silly packumentCache full:https://registry.npmjs.org/@webassemblyjs%2fwast-printer set size:undefined disposed:false
4156 http fetch GET 200 https://registry.npmjs.org/esrecurse 128ms (cache miss)
4157 silly packumentCache full:https://registry.npmjs.org/esrecurse set size:undefined disposed:false
4158 http fetch GET 200 https://registry.npmjs.org/@webassemblyjs%2futf8 152ms (cache miss)
4159 silly packumentCache full:https://registry.npmjs.org/@webassemblyjs%2futf8 set size:undefined disposed:false
4160 http fetch GET 200 https://registry.npmjs.org/@webassemblyjs%2fleb128 154ms (cache miss)
4161 silly packumentCache full:https://registry.npmjs.org/@webassemblyjs%2fleb128 set size:undefined disposed:false
4162 http fetch GET 200 https://registry.npmjs.org/@webassemblyjs%2fhelper-wasm-bytecode 167ms (cache miss)
4163 silly packumentCache full:https://registry.npmjs.org/@webassemblyjs%2fhelper-wasm-bytecode set size:undefined disposed:false
4164 http fetch GET 200 https://registry.npmjs.org/@webassemblyjs%2fhelper-wasm-bytecode 168ms (cache miss)
4165 silly packumentCache full:https://registry.npmjs.org/@webassemblyjs%2fhelper-wasm-bytecode set size:undefined disposed:false
4166 http fetch GET 200 https://registry.npmjs.org/@webassemblyjs%2fhelper-buffer 174ms (cache miss)
4167 silly packumentCache full:https://registry.npmjs.org/@webassemblyjs%2fhelper-buffer set size:undefined disposed:false
4168 http fetch GET 200 https://registry.npmjs.org/estraverse 154ms (cache miss)
4169 silly packumentCache full:https://registry.npmjs.org/estraverse set size:undefined disposed:false
4170 http fetch GET 200 https://registry.npmjs.org/@webassemblyjs%2fhelper-wasm-bytecode 193ms (cache miss)
4171 silly packumentCache full:https://registry.npmjs.org/@webassemblyjs%2fhelper-wasm-bytecode set size:undefined disposed:false
4172 http fetch GET 200 https://registry.npmjs.org/@webassemblyjs%2fwasm-gen 206ms (cache miss)
4173 silly packumentCache full:https://registry.npmjs.org/@webassemblyjs%2fwasm-gen set size:undefined disposed:false
4174 http fetch GET 200 https://registry.npmjs.org/@webassemblyjs%2fwasm-opt 209ms (cache miss)
4175 silly packumentCache full:https://registry.npmjs.org/@webassemblyjs%2fwasm-opt set size:undefined disposed:false
4176 http fetch GET 200 https://registry.npmjs.org/@webassemblyjs%2fhelper-wasm-section 211ms (cache miss)
4177 silly packumentCache full:https://registry.npmjs.org/@webassemblyjs%2fhelper-wasm-section set size:undefined disposed:false
4178 silly placeDep ROOT @webassemblyjs/helper-numbers@1.13.2 OK for: @webassemblyjs/ast@1.14.1 want: 1.13.2
4179 silly placeDep ROOT @webassemblyjs/helper-wasm-bytecode@1.13.2 OK for: @webassemblyjs/ast@1.14.1 want: 1.13.2
4180 silly fetch manifest @xtuc/long@4.2.2
4181 silly packumentCache full:https://registry.npmjs.org/@xtuc%2flong cache-miss
4182 silly fetch manifest @webassemblyjs/floating-point-hex-parser@1.13.2
4183 silly packumentCache full:https://registry.npmjs.org/@webassemblyjs%2ffloating-point-hex-parser cache-miss
4184 http fetch GET 200 https://registry.npmjs.org/@xtuc%2flong 91ms (cache miss)
4185 silly packumentCache full:https://registry.npmjs.org/@xtuc%2flong set size:undefined disposed:false
4186 http fetch GET 200 https://registry.npmjs.org/@webassemblyjs%2ffloating-point-hex-parser 92ms (cache miss)
4187 silly packumentCache full:https://registry.npmjs.org/@webassemblyjs%2ffloating-point-hex-parser set size:undefined disposed:false
4188 silly placeDep ROOT @webassemblyjs/floating-point-hex-parser@1.13.2 OK for: @webassemblyjs/helper-numbers@1.13.2 want: 1.13.2
4189 silly placeDep ROOT @webassemblyjs/helper-api-error@1.13.2 OK for: @webassemblyjs/helper-numbers@1.13.2 want: 1.13.2
4190 silly placeDep ROOT @xtuc/long@4.2.2 OK for: @webassemblyjs/helper-numbers@1.13.2 want: 4.2.2
4191 silly placeDep ROOT @webassemblyjs/helper-buffer@1.14.1 OK for: @webassemblyjs/wasm-edit@1.14.1 want: 1.14.1
4192 silly placeDep ROOT @webassemblyjs/helper-wasm-section@1.14.1 OK for: @webassemblyjs/wasm-edit@1.14.1 want: 1.14.1
4193 silly placeDep ROOT @webassemblyjs/wasm-gen@1.14.1 OK for: @webassemblyjs/wasm-edit@1.14.1 want: 1.14.1
4194 silly placeDep ROOT @webassemblyjs/wasm-opt@1.14.1 OK for: @webassemblyjs/wasm-edit@1.14.1 want: 1.14.1
4195 silly placeDep ROOT @webassemblyjs/wast-printer@1.14.1 OK for: @webassemblyjs/wasm-edit@1.14.1 want: 1.14.1
4196 silly placeDep ROOT @webassemblyjs/ieee754@1.13.2 OK for: @webassemblyjs/wasm-gen@1.14.1 want: 1.13.2
4197 silly placeDep ROOT @webassemblyjs/leb128@1.13.2 OK for: @webassemblyjs/wasm-gen@1.14.1 want: 1.13.2
4198 silly placeDep ROOT @webassemblyjs/utf8@1.13.2 OK for: @webassemblyjs/wasm-gen@1.14.1 want: 1.13.2
4199 silly fetch manifest @xtuc/ieee754@^1.2.0
4200 silly packumentCache full:https://registry.npmjs.org/@xtuc%2fieee754 cache-miss
4201 http fetch GET 200 https://registry.npmjs.org/@xtuc%2fieee754 70ms (cache miss)
4202 silly packumentCache full:https://registry.npmjs.org/@xtuc%2fieee754 set size:undefined disposed:false
4203 silly placeDep ROOT @xtuc/ieee754@1.2.0 OK for: @webassemblyjs/ieee754@1.13.2 want: ^1.2.0
4204 silly placeDep ROOT esrecurse@4.3.0 OK for: eslint-scope@5.1.1 want: ^4.3.0
4205 silly placeDep ROOT estraverse@4.3.0 OK for: eslint-scope@5.1.1 want: ^4.1.1
4206 silly fetch manifest estraverse@^5.2.0
4207 silly packumentCache full:https://registry.npmjs.org/estraverse cache-miss
4208 http cache https://registry.npmjs.org/estraverse 6ms (cache hit)
4209 silly packumentCache full:https://registry.npmjs.org/estraverse set size:62412 disposed:false
4210 silly placeDep node_modules/esrecurse estraverse@5.3.0 OK for: esrecurse@4.3.0 want: ^5.2.0
4211 silly placeDep node_modules/minimizer-webpack-plugin schema-utils@4.3.3 OK for: minimizer-webpack-plugin@5.6.1 want: ^4.3.0
4212 silly fetch manifest webpack-cli@4.x.x
4213 silly packumentCache full:https://registry.npmjs.org/webpack-cli cache-miss
4214 http cache https://registry.npmjs.org/webpack-cli 6ms (cache hit)
4215 silly packumentCache full:https://registry.npmjs.org/webpack-cli set size:562695 disposed:false
4216 silly fetch manifest webpack@4.x.x || 5.x.x
4217 silly packumentCache full:https://registry.npmjs.org/webpack cache-miss
4218 http cache https://registry.npmjs.org/webpack 14ms (cache hit)
4219 silly packumentCache full:https://registry.npmjs.org/webpack set size:5125589 disposed:false
4220 silly placeDep ROOT @discoveryjs/json-ext@0.5.7 OK for: webpack-cli@4.10.0 want: ^0.5.0
4221 silly placeDep ROOT @webpack-cli/configtest@1.2.0 OK for: webpack-cli@4.10.0 want: ^1.2.0
4222 silly placeDep ROOT @webpack-cli/info@1.5.0 OK for: webpack-cli@4.10.0 want: ^1.5.0
4223 silly placeDep ROOT @webpack-cli/serve@1.7.0 OK for: webpack-cli@4.10.0 want: ^1.7.0
4224 silly placeDep ROOT colorette@2.0.20 OK for: webpack-cli@4.10.0 want: ^2.0.14
4225 silly placeDep ROOT cross-spawn@7.0.6 OK for: webpack-cli@4.10.0 want: ^7.0.3
4226 silly placeDep ROOT fastest-levenshtein@1.0.16 OK for: webpack-cli@4.10.0 want: ^1.0.12
4227 silly placeDep ROOT import-local@3.2.0 OK for: webpack-cli@4.10.0 want: ^3.0.2
4228 silly placeDep ROOT interpret@2.2.0 OK for: webpack-cli@4.10.0 want: ^2.2.0
4229 silly placeDep ROOT rechoir@0.7.1 OK for: webpack-cli@4.10.0 want: ^0.7.0
4230 silly fetch manifest envinfo@^7.7.3
4231 silly packumentCache full:https://registry.npmjs.org/envinfo cache-miss
4232 silly fetch manifest which@^2.0.1
4233 silly packumentCache full:https://registry.npmjs.org/which cache-miss
4234 silly fetch manifest path-key@^3.1.0
4235 silly packumentCache full:https://registry.npmjs.org/path-key cache-miss
4236 silly fetch manifest shebang-command@^2.0.0
4237 silly packumentCache full:https://registry.npmjs.org/shebang-command cache-miss
4238 silly fetch manifest resolve-cwd@^3.0.0
4239 silly packumentCache full:https://registry.npmjs.org/resolve-cwd cache-miss
4240 http fetch GET 200 https://registry.npmjs.org/path-key 72ms (cache miss)
4241 silly packumentCache full:https://registry.npmjs.org/path-key set size:undefined disposed:false
4242 http fetch GET 200 https://registry.npmjs.org/resolve-cwd 80ms (cache miss)
4243 silly packumentCache full:https://registry.npmjs.org/resolve-cwd set size:undefined disposed:false
4244 http fetch GET 200 https://registry.npmjs.org/shebang-command 83ms (cache miss)
4245 silly packumentCache full:https://registry.npmjs.org/shebang-command set size:undefined disposed:false
4246 http fetch GET 200 https://registry.npmjs.org/which 85ms (cache miss)
4247 silly packumentCache full:https://registry.npmjs.org/which set size:undefined disposed:false
4248 http fetch GET 200 https://registry.npmjs.org/envinfo 88ms (cache miss)
4249 silly packumentCache full:https://registry.npmjs.org/envinfo set size:undefined disposed:false
4250 silly placeDep ROOT envinfo@7.21.0 OK for: @webpack-cli/info@1.5.0 want: ^7.7.3
4251 silly placeDep ROOT path-key@3.1.1 OK for: cross-spawn@7.0.6 want: ^3.1.0
4252 silly placeDep ROOT shebang-command@2.0.0 OK for: cross-spawn@7.0.6 want: ^2.0.0
4253 silly placeDep ROOT which@2.0.2 OK for: cross-spawn@7.0.6 want: ^2.0.1
4254 silly fetch manifest shebang-regex@^3.0.0
4255 silly packumentCache full:https://registry.npmjs.org/shebang-regex cache-miss
4256 silly fetch manifest isexe@^2.0.0
4257 silly packumentCache full:https://registry.npmjs.org/isexe cache-miss
4258 http fetch GET 200 https://registry.npmjs.org/shebang-regex 60ms (cache miss)
4259 silly packumentCache full:https://registry.npmjs.org/shebang-regex set size:undefined disposed:false
4260 http fetch GET 200 https://registry.npmjs.org/isexe 61ms (cache miss)
4261 silly packumentCache full:https://registry.npmjs.org/isexe set size:undefined disposed:false
4262 silly placeDep ROOT resolve-cwd@3.0.0 OK for: import-local@3.2.0 want: ^3.0.0
4263 silly fetch manifest resolve-from@^5.0.0
4264 silly packumentCache full:https://registry.npmjs.org/resolve-from cache-miss
4265 http cache https://registry.npmjs.org/resolve-from 5ms (cache hit)
4266 silly packumentCache full:https://registry.npmjs.org/resolve-from set size:12911 disposed:false
4267 silly placeDep node_modules/resolve-cwd resolve-from@5.0.0 OK for: resolve-cwd@3.0.0 want: ^5.0.0
4268 silly placeDep ROOT shebang-regex@3.0.0 OK for: shebang-command@2.0.0 want: ^3.0.0
4269 silly fetch manifest webpack@^4.37.0 || ^5.0.0
4270 silly packumentCache full:https://registry.npmjs.org/webpack cache-miss
4271 http cache https://registry.npmjs.org/webpack 14ms (cache hit)
4272 silly packumentCache full:https://registry.npmjs.org/webpack set size:5125589 disposed:false
4273 silly placeDep ROOT @types/bonjour@3.5.13 OK for: webpack-dev-server@4.15.2 want: ^3.5.9
4274 silly placeDep ROOT @types/connect-history-api-fallback@1.5.4 OK for: webpack-dev-server@4.15.2 want: ^1.3.5
4275 silly placeDep ROOT @types/express@4.17.25 OK for: webpack-dev-server@4.15.2 want: ^4.17.13
4276 silly placeDep ROOT @types/serve-index@1.9.4 OK for: webpack-dev-server@4.15.2 want: ^1.9.1
4277 silly placeDep ROOT @types/serve-static@1.15.10 OK for: webpack-dev-server@4.15.2 want: ^1.13.10
4278 silly placeDep ROOT @types/sockjs@0.3.36 OK for: webpack-dev-server@4.15.2 want: ^0.3.33
4279 silly placeDep ROOT @types/ws@8.18.1 OK for: webpack-dev-server@4.15.2 want: ^8.5.5
4280 silly placeDep ROOT ansi-html-community@0.0.8 OK for: webpack-dev-server@4.15.2 want: ^0.0.8
4281 silly placeDep ROOT bonjour-service@1.4.4 OK for: webpack-dev-server@4.15.2 want: ^1.0.11
4282 silly placeDep ROOT compression@1.8.1 OK for: webpack-dev-server@4.15.2 want: ^1.7.4
4283 silly placeDep ROOT connect-history-api-fallback@2.0.0 OK for: webpack-dev-server@4.15.2 want: ^2.0.0
4284 silly placeDep ROOT default-gateway@6.0.3 OK for: webpack-dev-server@4.15.2 want: ^6.0.3
4285 silly placeDep ROOT express@4.22.2 OK for: webpack-dev-server@4.15.2 want: ^4.17.3
4286 silly placeDep ROOT html-entities@2.6.0 OK for: webpack-dev-server@4.15.2 want: ^2.3.2
4287 silly placeDep ROOT http-proxy-middleware@2.0.10 OK for: webpack-dev-server@4.15.2 want: ^2.0.3
4288 silly placeDep ROOT ipaddr.js@2.4.0 OK for: webpack-dev-server@4.15.2 want: ^2.0.1
4289 silly placeDep ROOT launch-editor@2.14.1 OK for: webpack-dev-server@4.15.2 want: ^2.6.0
4290 silly placeDep ROOT open@8.4.2 OK for: webpack-dev-server@4.15.2 want: ^8.0.9
4291 silly placeDep ROOT p-retry@4.6.2 OK for: webpack-dev-server@4.15.2 want: ^4.5.0
4292 silly placeDep ROOT rimraf@3.0.2 OK for: webpack-dev-server@4.15.2 want: ^3.0.2
4293 silly placeDep node_modules/webpack-dev-server schema-utils@4.3.3 OK for: webpack-dev-server@4.15.2 want: ^4.0.0
4294 silly placeDep ROOT selfsigned@2.4.1 OK for: webpack-dev-server@4.15.2 want: ^2.1.1
4295 silly placeDep ROOT serve-index@1.9.2 OK for: webpack-dev-server@4.15.2 want: ^1.9.1
4296 silly placeDep ROOT sockjs@0.3.24 OK for: webpack-dev-server@4.15.2 want: ^0.3.24
4297 silly placeDep ROOT spdy@4.0.2 OK for: webpack-dev-server@4.15.2 want: ^4.0.2
4298 silly placeDep ROOT webpack-dev-middleware@5.3.4 OK for: webpack-dev-server@4.15.2 want: ^5.3.4
4299 silly fetch manifest @types/express-serve-static-core@*
4300 silly packumentCache full:https://registry.npmjs.org/@types%2fexpress-serve-static-core cache-miss
4301 silly fetch manifest @types/qs@*
4302 silly packumentCache full:https://registry.npmjs.org/@types%2fqs cache-miss
4303 silly fetch manifest @types/body-parser@*
4304 silly packumentCache full:https://registry.npmjs.org/@types%2fbody-parser cache-miss
4305 silly fetch manifest @types/serve-static@^1
4306 silly packumentCache full:https://registry.npmjs.org/@types%2fserve-static cache-miss
4307 silly fetch manifest @types/express-serve-static-core@^4.17.33
4308 silly packumentCache full:https://registry.npmjs.org/@types%2fexpress-serve-static-core cache-miss
4309 silly fetch manifest @types/send@<1
4310 silly packumentCache full:https://registry.npmjs.org/@types%2fsend cache-miss
4311 silly fetch manifest @types/http-errors@*
4312 silly packumentCache full:https://registry.npmjs.org/@types%2fhttp-errors cache-miss
4313 silly fetch manifest multicast-dns@^7.2.5
4314 silly packumentCache full:https://registry.npmjs.org/multicast-dns cache-miss
4315 silly fetch manifest vary@~1.1.2
4316 silly packumentCache full:https://registry.npmjs.org/vary cache-miss
4317 silly fetch manifest bytes@3.1.2
4318 silly packumentCache full:https://registry.npmjs.org/bytes cache-miss
4319 silly fetch manifest debug@2.6.9
4320 silly packumentCache full:https://registry.npmjs.org/debug cache-hit
4321 silly fetch manifest negotiator@~0.6.4
4322 silly packumentCache full:https://registry.npmjs.org/negotiator cache-miss
4323 silly fetch manifest on-headers@~1.1.0
4324 silly packumentCache full:https://registry.npmjs.org/on-headers cache-miss
4325 silly fetch manifest compressible@~2.0.18
4326 silly packumentCache full:https://registry.npmjs.org/compressible cache-miss
4327 silly fetch manifest execa@^5.0.0
4328 silly packumentCache full:https://registry.npmjs.org/execa cache-miss
4329 silly fetch manifest depd@2.0.0
4330 silly packumentCache full:https://registry.npmjs.org/depd cache-miss
4331 http cache https://registry.npmjs.org/@types%2fserve-static 18ms (cache hit)
4332 silly packumentCache full:https://registry.npmjs.org/@types%2fserve-static set size:70859 disposed:false
4333 silly fetch manifest etag@~1.8.1
4334 silly packumentCache full:https://registry.npmjs.org/etag cache-miss
4335 http fetch GET 200 https://registry.npmjs.org/bytes 74ms (cache miss)
4336 silly packumentCache full:https://registry.npmjs.org/bytes set size:undefined disposed:false
4337 silly fetch manifest send@~0.19.0
4338 silly packumentCache full:https://registry.npmjs.org/send cache-miss
4339 http fetch GET 200 https://registry.npmjs.org/vary 86ms (cache miss)
4340 silly packumentCache full:https://registry.npmjs.org/vary set size:undefined disposed:false
4341 silly fetch manifest fresh@~0.5.2
4342 silly packumentCache full:https://registry.npmjs.org/fresh cache-miss
4343 http fetch GET 200 https://registry.npmjs.org/negotiator 89ms (cache miss)
4344 silly packumentCache full:https://registry.npmjs.org/negotiator set size:undefined disposed:false
4345 silly fetch manifest cookie@~0.7.1
4346 silly packumentCache full:https://registry.npmjs.org/cookie cache-miss
4347 http fetch GET 200 https://registry.npmjs.org/on-headers 97ms (cache miss)
4348 silly packumentCache full:https://registry.npmjs.org/on-headers set size:undefined disposed:false
4349 silly fetch manifest accepts@~1.3.8
4350 silly packumentCache full:https://registry.npmjs.org/accepts cache-miss
4351 http fetch GET 200 https://registry.npmjs.org/multicast-dns 102ms (cache miss)
4352 silly packumentCache full:https://registry.npmjs.org/multicast-dns set size:undefined disposed:false
4353 silly fetch manifest methods@~1.1.2
4354 silly packumentCache full:https://registry.npmjs.org/methods cache-miss
4355 http fetch GET 200 https://registry.npmjs.org/compressible 105ms (cache miss)
4356 silly packumentCache full:https://registry.npmjs.org/compressible set size:undefined disposed:false
4357 silly fetch manifest type-is@~1.6.18
4358 silly packumentCache full:https://registry.npmjs.org/type-is cache-miss
4359 http fetch GET 200 https://registry.npmjs.org/depd 104ms (cache miss)
4360 silly packumentCache full:https://registry.npmjs.org/depd set size:undefined disposed:false
4361 silly fetch manifest parseurl@~1.3.3
4362 silly packumentCache full:https://registry.npmjs.org/parseurl cache-miss
4363 http fetch GET 200 https://registry.npmjs.org/@types%2fsend 113ms (cache miss)
4364 silly packumentCache full:https://registry.npmjs.org/@types%2fsend set size:undefined disposed:false
4365 silly fetch manifest statuses@~2.0.1
4366 silly packumentCache full:https://registry.npmjs.org/statuses cache-miss
4367 http fetch GET 200 https://registry.npmjs.org/etag 95ms (cache miss)
4368 silly packumentCache full:https://registry.npmjs.org/etag set size:undefined disposed:false
4369 silly fetch manifest encodeurl@~2.0.0
4370 silly packumentCache full:https://registry.npmjs.org/encodeurl cache-miss
4371 http fetch GET 200 https://registry.npmjs.org/@types%2fqs 120ms (cache miss)
4372 silly packumentCache full:https://registry.npmjs.org/@types%2fqs set size:undefined disposed:false
4373 silly fetch manifest proxy-addr@~2.0.7
4374 silly packumentCache full:https://registry.npmjs.org/proxy-addr cache-miss
4375 http fetch GET 200 https://registry.npmjs.org/execa 120ms (cache miss)
4376 silly packumentCache full:https://registry.npmjs.org/execa set size:undefined disposed:false
4377 silly fetch manifest body-parser@~1.20.5
4378 silly packumentCache full:https://registry.npmjs.org/body-parser cache-miss
4379 http fetch GET 200 https://registry.npmjs.org/send 65ms (cache miss)
4380 silly packumentCache full:https://registry.npmjs.org/send set size:undefined disposed:false
4381 silly fetch manifest escape-html@~1.0.3
4382 silly packumentCache full:https://registry.npmjs.org/escape-html cache-miss
4383 http fetch GET 200 https://registry.npmjs.org/fresh 61ms (cache miss)
4384 silly packumentCache full:https://registry.npmjs.org/fresh set size:undefined disposed:false
4385 silly fetch manifest http-errors@~2.0.0
4386 silly packumentCache full:https://registry.npmjs.org/http-errors cache-miss
4387 http fetch GET 200 https://registry.npmjs.org/cookie 69ms (cache miss)
4388 silly packumentCache full:https://registry.npmjs.org/cookie set size:undefined disposed:false
4389 silly fetch manifest on-finished@~2.4.1
4390 silly packumentCache full:https://registry.npmjs.org/on-finished cache-miss
4391 http fetch GET 200 https://registry.npmjs.org/methods 71ms (cache miss)
4392 silly packumentCache full:https://registry.npmjs.org/methods set size:undefined disposed:false
4393 silly fetch manifest utils-merge@1.0.1
4394 silly packumentCache full:https://registry.npmjs.org/utils-merge cache-miss
4395 http fetch GET 200 https://registry.npmjs.org/accepts 79ms (cache miss)
4396 silly packumentCache full:https://registry.npmjs.org/accepts set size:undefined disposed:false
4397 silly fetch manifest content-type@~1.0.4
4398 silly packumentCache full:https://registry.npmjs.org/content-type cache-miss
4399 http fetch GET 200 https://registry.npmjs.org/parseurl 76ms (cache miss)
4400 silly packumentCache full:https://registry.npmjs.org/parseurl set size:undefined disposed:false
4401 silly fetch manifest finalhandler@~1.3.1
4402 silly packumentCache full:https://registry.npmjs.org/finalhandler cache-miss
4403 http fetch GET 200 https://registry.npmjs.org/statuses 74ms (cache miss)
4404 silly packumentCache full:https://registry.npmjs.org/statuses set size:undefined disposed:false
4405 silly fetch manifest range-parser@~1.2.1
4406 silly packumentCache full:https://registry.npmjs.org/range-parser cache-miss
4407 http fetch GET 200 https://registry.npmjs.org/encodeurl 77ms (cache miss)
4408 silly packumentCache full:https://registry.npmjs.org/encodeurl set size:undefined disposed:false
4409 silly fetch manifest serve-static@~1.16.2
4410 silly packumentCache full:https://registry.npmjs.org/serve-static cache-miss
4411 http fetch GET 200 https://registry.npmjs.org/type-is 87ms (cache miss)
4412 silly packumentCache full:https://registry.npmjs.org/type-is set size:undefined disposed:false
4413 silly fetch manifest array-flatten@1.1.1
4414 silly packumentCache full:https://registry.npmjs.org/array-flatten cache-miss
4415 http fetch GET 200 https://registry.npmjs.org/escape-html 60ms (cache miss)
4416 silly packumentCache full:https://registry.npmjs.org/escape-html set size:undefined disposed:false
4417 silly fetch manifest path-to-regexp@~0.1.12
4418 silly packumentCache full:https://registry.npmjs.org/path-to-regexp cache-miss
4419 http fetch GET 200 https://registry.npmjs.org/proxy-addr 86ms (cache miss)
4420 silly packumentCache full:https://registry.npmjs.org/proxy-addr set size:undefined disposed:false
4421 silly fetch manifest setprototypeof@1.2.0
4422 silly packumentCache full:https://registry.npmjs.org/setprototypeof cache-miss
4423 http fetch GET 200 https://registry.npmjs.org/body-parser 87ms (cache miss)
4424 silly packumentCache full:https://registry.npmjs.org/body-parser set size:undefined disposed:false
4425 silly fetch manifest cookie-signature@~1.0.6
4426 silly packumentCache full:https://registry.npmjs.org/cookie-signature cache-miss
4427 http fetch GET 200 https://registry.npmjs.org/http-errors 73ms (cache miss)
4428 silly packumentCache full:https://registry.npmjs.org/http-errors set size:undefined disposed:false
4429 silly fetch manifest merge-descriptors@1.0.3
4430 silly packumentCache full:https://registry.npmjs.org/merge-descriptors cache-miss
4431 http fetch GET 200 https://registry.npmjs.org/on-finished 63ms (cache miss)
4432 silly packumentCache full:https://registry.npmjs.org/on-finished set size:undefined disposed:false
4433 silly fetch manifest content-disposition@~0.5.4
4434 silly packumentCache full:https://registry.npmjs.org/content-disposition cache-miss
4435 http fetch GET 200 https://registry.npmjs.org/utils-merge 70ms (cache miss)
4436 silly packumentCache full:https://registry.npmjs.org/utils-merge set size:undefined disposed:false
4437 silly fetch manifest http-proxy@^1.18.1
4438 silly packumentCache full:https://registry.npmjs.org/http-proxy cache-miss
4439 http fetch GET 200 https://registry.npmjs.org/content-type 67ms (cache miss)
4440 silly packumentCache full:https://registry.npmjs.org/content-type set size:undefined disposed:false
4441 silly fetch manifest is-plain-obj@^3.0.0
4442 silly packumentCache full:https://registry.npmjs.org/is-plain-obj cache-miss
4443 http fetch GET 200 https://registry.npmjs.org/@types%2fexpress-serve-static-core 252ms (cache miss)
4444 silly packumentCache full:https://registry.npmjs.org/@types%2fexpress-serve-static-core set size:undefined disposed:false
4445 silly fetch manifest @types/http-proxy@^1.17.8
4446 silly packumentCache full:https://registry.npmjs.org/@types%2fhttp-proxy cache-miss
4447 http fetch GET 200 https://registry.npmjs.org/range-parser 73ms (cache miss)
4448 silly packumentCache full:https://registry.npmjs.org/range-parser set size:undefined disposed:false
4449 silly fetch manifest shell-quote@^1.8.4
4450 silly packumentCache full:https://registry.npmjs.org/shell-quote cache-miss
4451 http fetch GET 200 https://registry.npmjs.org/finalhandler 110ms (cache miss)
4452 silly packumentCache full:https://registry.npmjs.org/finalhandler set size:undefined disposed:false
4453 silly fetch manifest is-wsl@^2.2.0
4454 silly packumentCache full:https://registry.npmjs.org/is-wsl cache-miss
4455 http fetch GET 200 https://registry.npmjs.org/array-flatten 115ms (cache miss)
4456 silly packumentCache full:https://registry.npmjs.org/array-flatten set size:undefined disposed:false
4457 silly fetch manifest is-docker@^2.1.1
4458 silly packumentCache full:https://registry.npmjs.org/is-docker cache-miss
4459 http fetch GET 200 https://registry.npmjs.org/serve-static 121ms (cache miss)
4460 silly packumentCache full:https://registry.npmjs.org/serve-static set size:undefined disposed:false
4461 silly fetch manifest define-lazy-prop@^2.0.0
4462 silly packumentCache full:https://registry.npmjs.org/define-lazy-prop cache-miss
4463 http fetch GET 200 https://registry.npmjs.org/merge-descriptors 95ms (cache miss)
4464 silly packumentCache full:https://registry.npmjs.org/merge-descriptors set size:undefined disposed:false
4465 silly fetch manifest retry@^0.13.1
4466 silly packumentCache full:https://registry.npmjs.org/retry cache-miss
4467 http fetch GET 200 https://registry.npmjs.org/cookie-signature 109ms (cache miss)
4468 silly packumentCache full:https://registry.npmjs.org/cookie-signature set size:undefined disposed:false
4469 silly fetch manifest @types/retry@0.12.0
4470 silly packumentCache full:https://registry.npmjs.org/@types%2fretry cache-miss
4471 http fetch GET 200 https://registry.npmjs.org/content-disposition 98ms (cache miss)
4472 silly packumentCache full:https://registry.npmjs.org/content-disposition set size:undefined disposed:false
4473 silly fetch manifest node-forge@^1
4474 silly packumentCache full:https://registry.npmjs.org/node-forge cache-miss
4475 http fetch GET 200 https://registry.npmjs.org/setprototypeof 123ms (cache miss)
4476 silly packumentCache full:https://registry.npmjs.org/setprototypeof set size:undefined disposed:false
4477 silly fetch manifest @types/node-forge@^1.3.0
4478 silly packumentCache full:https://registry.npmjs.org/@types%2fnode-forge cache-miss
4479 http fetch GET 200 https://registry.npmjs.org/@types%2fexpress-serve-static-core 338ms (cache miss)
4480 silly packumentCache full:https://registry.npmjs.org/@types%2fexpress-serve-static-core set size:undefined disposed:false
4481 silly fetch manifest batch@0.6.1
4482 silly packumentCache full:https://registry.npmjs.org/batch cache-miss
4483 http fetch GET 200 https://registry.npmjs.org/path-to-regexp 137ms (cache miss)
4484 silly packumentCache full:https://registry.npmjs.org/path-to-regexp set size:undefined disposed:false
4485 silly fetch manifest http-errors@~1.8.0
4486 silly packumentCache full:https://registry.npmjs.org/http-errors cache-miss
4487 http fetch GET 200 https://registry.npmjs.org/is-plain-obj 99ms (cache miss)
4488 silly packumentCache full:https://registry.npmjs.org/is-plain-obj set size:undefined disposed:false
4489 silly fetch manifest faye-websocket@^0.11.3
4490 silly packumentCache full:https://registry.npmjs.org/faye-websocket cache-miss
4491 http fetch GET 200 https://registry.npmjs.org/http-proxy 106ms (cache miss)
4492 silly packumentCache full:https://registry.npmjs.org/http-proxy set size:undefined disposed:false
4493 silly fetch manifest uuid@^8.3.2
4494 silly packumentCache full:https://registry.npmjs.org/uuid cache-miss
4495 http cache https://registry.npmjs.org/http-errors 30ms (cache hit)
4496 silly packumentCache full:https://registry.npmjs.org/http-errors set size:71987 disposed:false
4497 silly fetch manifest websocket-driver@^0.7.4
4498 silly packumentCache full:https://registry.npmjs.org/websocket-driver cache-miss
4499 http fetch GET 200 https://registry.npmjs.org/is-wsl 85ms (cache miss)
4500 silly packumentCache full:https://registry.npmjs.org/is-wsl set size:undefined disposed:false
4501 silly fetch manifest handle-thing@^2.0.0
4502 silly packumentCache full:https://registry.npmjs.org/handle-thing cache-miss
4503 http fetch GET 200 https://registry.npmjs.org/@types%2fhttp-errors 394ms (cache miss)
4504 silly packumentCache full:https://registry.npmjs.org/@types%2fhttp-errors set size:undefined disposed:false
4505 silly fetch manifest http-deceiver@^1.2.7
4506 silly packumentCache full:https://registry.npmjs.org/http-deceiver cache-miss
4507 http fetch GET 200 https://registry.npmjs.org/define-lazy-prop 78ms (cache miss)
4508 silly packumentCache full:https://registry.npmjs.org/define-lazy-prop set size:undefined disposed:false
4509 silly fetch manifest select-hose@^2.0.0
4510 silly packumentCache full:https://registry.npmjs.org/select-hose cache-miss
4511 http fetch GET 200 https://registry.npmjs.org/is-docker 85ms (cache miss)
4512 silly packumentCache full:https://registry.npmjs.org/is-docker set size:undefined disposed:false
4513 silly fetch manifest spdy-transport@^3.0.0
4514 silly packumentCache full:https://registry.npmjs.org/spdy-transport cache-miss
4515 http fetch GET 200 https://registry.npmjs.org/@types%2fbody-parser 405ms (cache miss)
4516 silly packumentCache full:https://registry.npmjs.org/@types%2fbody-parser set size:undefined disposed:false
4517 silly fetch manifest memfs@^3.4.3
4518 silly packumentCache full:https://registry.npmjs.org/memfs cache-miss
4519 http fetch GET 200 https://registry.npmjs.org/retry 86ms (cache miss)
4520 silly packumentCache full:https://registry.npmjs.org/retry set size:undefined disposed:false
4521 silly fetch manifest range-parser@^1.2.1
4522 silly packumentCache full:https://registry.npmjs.org/range-parser cache-miss
4523 http fetch GET 200 https://registry.npmjs.org/@types%2fretry 86ms (cache miss)
4524 silly packumentCache full:https://registry.npmjs.org/@types%2fretry set size:undefined disposed:false
4525 http cache https://registry.npmjs.org/range-parser 12ms (cache hit)
4526 silly packumentCache full:https://registry.npmjs.org/range-parser set size:24852 disposed:false
4527 http fetch GET 200 https://registry.npmjs.org/node-forge 99ms (cache miss)
4528 silly packumentCache full:https://registry.npmjs.org/node-forge set size:undefined disposed:false
4529 http fetch GET 200 https://registry.npmjs.org/batch 90ms (cache miss)
4530 silly packumentCache full:https://registry.npmjs.org/batch set size:undefined disposed:false
4531 http fetch GET 200 https://registry.npmjs.org/@types%2fnode-forge 101ms (cache miss)
4532 silly packumentCache full:https://registry.npmjs.org/@types%2fnode-forge set size:undefined disposed:false
4533 http fetch GET 200 https://registry.npmjs.org/faye-websocket 84ms (cache miss)
4534 silly packumentCache full:https://registry.npmjs.org/faye-websocket set size:undefined disposed:false
4535 http fetch GET 200 https://registry.npmjs.org/websocket-driver 67ms (cache miss)
4536 silly packumentCache full:https://registry.npmjs.org/websocket-driver set size:undefined disposed:false
4537 http fetch GET 200 https://registry.npmjs.org/handle-thing 61ms (cache miss)
4538 silly packumentCache full:https://registry.npmjs.org/handle-thing set size:undefined disposed:false
4539 http fetch GET 200 https://registry.npmjs.org/uuid 123ms (cache miss)
4540 silly packumentCache full:https://registry.npmjs.org/uuid set size:undefined disposed:false
4541 http fetch GET 200 https://registry.npmjs.org/select-hose 89ms (cache miss)
4542 silly packumentCache full:https://registry.npmjs.org/select-hose set size:undefined disposed:false
4543 http fetch GET 200 https://registry.npmjs.org/http-deceiver 94ms (cache miss)
4544 silly packumentCache full:https://registry.npmjs.org/http-deceiver set size:undefined disposed:false
4545 http fetch GET 200 https://registry.npmjs.org/shell-quote 231ms (cache miss)
4546 silly packumentCache full:https://registry.npmjs.org/shell-quote set size:undefined disposed:false
4547 http fetch GET 200 https://registry.npmjs.org/@types%2fhttp-proxy 244ms (cache miss)
4548 silly packumentCache full:https://registry.npmjs.org/@types%2fhttp-proxy set size:undefined disposed:false
4549 http fetch GET 200 https://registry.npmjs.org/spdy-transport 98ms (cache miss)
4550 silly packumentCache full:https://registry.npmjs.org/spdy-transport set size:undefined disposed:false
4551 http fetch GET 200 https://registry.npmjs.org/memfs 172ms (cache miss)
4552 silly packumentCache full:https://registry.npmjs.org/memfs set size:undefined disposed:false
4553 silly placeDep ROOT @types/express-serve-static-core@5.1.2 OK for: @types/connect-history-api-fallback@1.5.4 want: *
4554 silly fetch manifest @types/send@*
4555 silly packumentCache full:https://registry.npmjs.org/@types%2fsend cache-miss
4556 silly fetch manifest @types/range-parser@*
4557 silly packumentCache full:https://registry.npmjs.org/@types%2frange-parser cache-miss
4558 http cache https://registry.npmjs.org/@types%2fsend 8ms (cache hit)
4559 silly packumentCache full:https://registry.npmjs.org/@types%2fsend set size:29985 disposed:false
4560 http fetch GET 200 https://registry.npmjs.org/@types%2frange-parser 71ms (cache miss)
4561 silly packumentCache full:https://registry.npmjs.org/@types%2frange-parser set size:undefined disposed:false
4562 silly placeDep ROOT @types/body-parser@1.19.6 OK for: @types/express@4.17.25 want: *
4563 silly placeDep node_modules/@types/express @types/express-serve-static-core@4.19.9 OK for: @types/express@4.17.25 want: ^4.17.33
4564 silly placeDep ROOT @types/qs@6.15.1 OK for: @types/express@4.17.25 want: *
4565 silly fetch manifest @types/connect@*
4566 silly packumentCache full:https://registry.npmjs.org/@types%2fconnect cache-miss
4567 http fetch GET 200 https://registry.npmjs.org/@types%2fconnect 60ms (cache miss)
4568 silly packumentCache full:https://registry.npmjs.org/@types%2fconnect set size:undefined disposed:false
4569 silly placeDep ROOT @types/connect@3.4.38 OK for: @types/body-parser@1.19.6 want: *
4570 silly placeDep ROOT @types/range-parser@1.2.7 OK for: @types/express-serve-static-core@5.1.2 want: *
4571 silly placeDep ROOT @types/send@1.2.1 OK for: @types/express-serve-static-core@5.1.2 want: *
4572 silly placeDep ROOT @types/http-errors@2.0.5 OK for: @types/serve-static@1.15.10 want: *
4573 silly placeDep node_modules/@types/serve-static @types/send@0.17.6 OK for: @types/serve-static@1.15.10 want: <1
4574 silly fetch manifest @types/mime@^1
4575 silly packumentCache full:https://registry.npmjs.org/@types%2fmime cache-miss
4576 http fetch GET 200 https://registry.npmjs.org/@types%2fmime 63ms (cache miss)
4577 silly packumentCache full:https://registry.npmjs.org/@types%2fmime set size:undefined disposed:false
4578 silly placeDep ROOT multicast-dns@7.2.5 OK for: bonjour-service@1.4.4 want: ^7.2.5
4579 silly fetch manifest thunky@^1.0.2
4580 silly packumentCache full:https://registry.npmjs.org/thunky cache-miss
4581 silly fetch manifest dns-packet@^5.2.2
4582 silly packumentCache full:https://registry.npmjs.org/dns-packet cache-miss
4583 http fetch GET 200 https://registry.npmjs.org/thunky 60ms (cache miss)
4584 silly packumentCache full:https://registry.npmjs.org/thunky set size:undefined disposed:false
4585 http fetch GET 200 https://registry.npmjs.org/dns-packet 68ms (cache miss)
4586 silly packumentCache full:https://registry.npmjs.org/dns-packet set size:undefined disposed:false
4587 silly placeDep ROOT bytes@3.1.2 OK for: compression@1.8.1 want: 3.1.2
4588 silly placeDep ROOT compressible@2.0.18 OK for: compression@1.8.1 want: ~2.0.18
4589 silly placeDep node_modules/compression debug@2.6.9 OK for: compression@1.8.1 want: 2.6.9
4590 silly placeDep ROOT negotiator@0.6.4 OK for: compression@1.8.1 want: ~0.6.4
4591 silly placeDep ROOT on-headers@1.1.0 OK for: compression@1.8.1 want: ~1.1.0
4592 silly placeDep ROOT vary@1.1.2 OK for: compression@1.8.1 want: ~1.1.2
4593 silly fetch manifest ms@2.0.0
4594 silly packumentCache full:https://registry.npmjs.org/ms cache-miss
4595 http cache https://registry.npmjs.org/ms 5ms (cache hit)
4596 silly packumentCache full:https://registry.npmjs.org/ms set size:92208 disposed:false
4597 silly placeDep ROOT execa@5.1.1 OK for: default-gateway@6.0.3 want: ^5.0.0
4598 silly fetch manifest onetime@^5.1.2
4599 silly packumentCache full:https://registry.npmjs.org/onetime cache-miss
4600 silly fetch manifest is-stream@^2.0.0
4601 silly packumentCache full:https://registry.npmjs.org/is-stream cache-miss
4602 silly fetch manifest get-stream@^6.0.0
4603 silly packumentCache full:https://registry.npmjs.org/get-stream cache-miss
4604 silly fetch manifest signal-exit@^3.0.3
4605 silly packumentCache full:https://registry.npmjs.org/signal-exit cache-miss
4606 silly fetch manifest npm-run-path@^4.0.1
4607 silly packumentCache full:https://registry.npmjs.org/npm-run-path cache-miss
4608 silly fetch manifest human-signals@^2.1.0
4609 silly packumentCache full:https://registry.npmjs.org/human-signals cache-miss
4610 silly fetch manifest strip-final-newline@^2.0.0
4611 silly packumentCache full:https://registry.npmjs.org/strip-final-newline cache-miss
4612 http fetch GET 200 https://registry.npmjs.org/is-stream 62ms (cache miss)
4613 silly packumentCache full:https://registry.npmjs.org/is-stream set size:undefined disposed:false
4614 http fetch GET 200 https://registry.npmjs.org/onetime 80ms (cache miss)
4615 silly packumentCache full:https://registry.npmjs.org/onetime set size:undefined disposed:false
4616 http fetch GET 200 https://registry.npmjs.org/human-signals 81ms (cache miss)
4617 silly packumentCache full:https://registry.npmjs.org/human-signals set size:undefined disposed:false
4618 http fetch GET 200 https://registry.npmjs.org/npm-run-path 82ms (cache miss)
4619 silly packumentCache full:https://registry.npmjs.org/npm-run-path set size:undefined disposed:false
4620 http fetch GET 200 https://registry.npmjs.org/get-stream 84ms (cache miss)
4621 silly packumentCache full:https://registry.npmjs.org/get-stream set size:undefined disposed:false
4622 http fetch GET 200 https://registry.npmjs.org/strip-final-newline 85ms (cache miss)
4623 silly packumentCache full:https://registry.npmjs.org/strip-final-newline set size:undefined disposed:false
4624 http fetch GET 200 https://registry.npmjs.org/signal-exit 88ms (cache miss)
4625 silly packumentCache full:https://registry.npmjs.org/signal-exit set size:undefined disposed:false
4626 silly placeDep ROOT get-stream@6.0.1 OK for: execa@5.1.1 want: ^6.0.0
4627 silly placeDep ROOT human-signals@2.1.0 OK for: execa@5.1.1 want: ^2.1.0
4628 silly placeDep ROOT is-stream@2.0.1 OK for: execa@5.1.1 want: ^2.0.0
4629 silly placeDep ROOT npm-run-path@4.0.1 OK for: execa@5.1.1 want: ^4.0.1
4630 silly placeDep ROOT onetime@5.1.2 OK for: execa@5.1.1 want: ^5.1.2
4631 silly placeDep ROOT signal-exit@3.0.7 OK for: execa@5.1.1 want: ^3.0.3
4632 silly placeDep ROOT strip-final-newline@2.0.0 OK for: execa@5.1.1 want: ^2.0.0
4633 silly fetch manifest mimic-fn@^2.1.0
4634 silly packumentCache full:https://registry.npmjs.org/mimic-fn cache-miss
4635 http fetch GET 200 https://registry.npmjs.org/mimic-fn 55ms (cache miss)
4636 silly packumentCache full:https://registry.npmjs.org/mimic-fn set size:undefined disposed:false
4637 silly placeDep ROOT accepts@1.3.8 OK for: express@4.22.2 want: ~1.3.8
4638 silly placeDep ROOT array-flatten@1.1.1 OK for: express@4.22.2 want: 1.1.1
4639 silly placeDep ROOT body-parser@1.20.6 OK for: express@4.22.2 want: ~1.20.5
4640 silly placeDep ROOT content-disposition@0.5.4 OK for: express@4.22.2 want: ~0.5.4
4641 silly placeDep ROOT content-type@1.0.5 OK for: express@4.22.2 want: ~1.0.4
4642 silly placeDep ROOT cookie@0.7.2 OK for: express@4.22.2 want: ~0.7.1
4643 silly placeDep ROOT cookie-signature@1.0.7 OK for: express@4.22.2 want: ~1.0.6
4644 silly placeDep node_modules/express debug@2.6.9 OK for: express@4.22.2 want: 2.6.9
4645 silly placeDep ROOT depd@2.0.0 OK for: express@4.22.2 want: 2.0.0
4646 silly placeDep ROOT encodeurl@2.0.0 OK for: express@4.22.2 want: ~2.0.0
4647 silly placeDep ROOT escape-html@1.0.3 OK for: express@4.22.2 want: ~1.0.3
4648 silly placeDep ROOT etag@1.8.1 OK for: express@4.22.2 want: ~1.8.1
4649 silly placeDep ROOT finalhandler@1.3.2 OK for: express@4.22.2 want: ~1.3.1
4650 silly placeDep ROOT fresh@0.5.2 OK for: express@4.22.2 want: ~0.5.2
4651 silly placeDep ROOT http-errors@2.0.1 OK for: express@4.22.2 want: ~2.0.0
4652 silly placeDep ROOT merge-descriptors@1.0.3 OK for: express@4.22.2 want: 1.0.3
4653 silly placeDep ROOT methods@1.1.2 OK for: express@4.22.2 want: ~1.1.2
4654 silly placeDep ROOT on-finished@2.4.1 OK for: express@4.22.2 want: ~2.4.1
4655 silly placeDep ROOT parseurl@1.3.3 OK for: express@4.22.2 want: ~1.3.3
4656 silly placeDep ROOT path-to-regexp@0.1.13 OK for: express@4.22.2 want: ~0.1.12
4657 silly placeDep ROOT proxy-addr@2.0.7 OK for: express@4.22.2 want: ~2.0.7
4658 silly placeDep ROOT range-parser@1.2.1 OK for: express@4.22.2 want: ~1.2.1
4659 silly placeDep ROOT send@0.19.2 OK for: express@4.22.2 want: ~0.19.0
4660 silly placeDep ROOT serve-static@1.16.3 OK for: express@4.22.2 want: ~1.16.2
4661 silly placeDep ROOT setprototypeof@1.2.0 OK for: express@4.22.2 want: 1.2.0
4662 silly placeDep ROOT statuses@2.0.2 OK for: express@4.22.2 want: ~2.0.1
4663 silly placeDep ROOT type-is@1.6.18 OK for: express@4.22.2 want: ~1.6.18
4664 silly placeDep ROOT utils-merge@1.0.1 OK for: express@4.22.2 want: 1.0.1
4665 silly fetch manifest negotiator@0.6.3
4666 silly packumentCache full:https://registry.npmjs.org/negotiator cache-miss
4667 silly fetch manifest unpipe@~1.0.0
4668 silly packumentCache full:https://registry.npmjs.org/unpipe cache-miss
4669 silly fetch manifest destroy@~1.2.0
4670 silly packumentCache full:https://registry.npmjs.org/destroy cache-miss
4671 silly fetch manifest raw-body@~2.5.3
4672 silly packumentCache full:https://registry.npmjs.org/raw-body cache-miss
4673 silly fetch manifest iconv-lite@~0.4.24
4674 silly packumentCache full:https://registry.npmjs.org/iconv-lite cache-miss
4675 silly fetch manifest http-errors@~2.0.1
4676 silly packumentCache full:https://registry.npmjs.org/http-errors cache-hit
4677 silly fetch manifest content-type@~1.0.5
4678 silly packumentCache full:https://registry.npmjs.org/content-type cache-miss
4679 silly fetch manifest unpipe@~1.0.0
4680 silly packumentCache full:https://registry.npmjs.org/unpipe cache-miss
4681 silly fetch manifest statuses@~2.0.2
4682 silly packumentCache full:https://registry.npmjs.org/statuses cache-miss
4683 silly fetch manifest setprototypeof@~1.2.0
4684 silly packumentCache full:https://registry.npmjs.org/setprototypeof cache-miss
4685 silly fetch manifest statuses@~2.0.2
4686 silly packumentCache full:https://registry.npmjs.org/statuses cache-miss
4687 silly fetch manifest toidentifier@~1.0.1
4688 silly packumentCache full:https://registry.npmjs.org/toidentifier cache-miss
4689 silly fetch manifest ee-first@1.1.1
4690 silly packumentCache full:https://registry.npmjs.org/ee-first cache-miss
4691 silly fetch manifest forwarded@0.2.0
4692 silly packumentCache full:https://registry.npmjs.org/forwarded cache-miss
4693 silly fetch manifest ipaddr.js@1.9.1
4694 silly packumentCache full:https://registry.npmjs.org/ipaddr.js cache-miss
4695 silly fetch manifest mime@1.6.0
4696 silly packumentCache full:https://registry.npmjs.org/mime cache-miss
4697 http cache https://registry.npmjs.org/negotiator 20ms (cache hit)
4698 silly packumentCache full:https://registry.npmjs.org/negotiator set size:48046 disposed:false
4699 silly fetch manifest destroy@1.2.0
4700 silly packumentCache full:https://registry.npmjs.org/destroy cache-miss
4701 http cache https://registry.npmjs.org/statuses 18ms (cache hit)
4702 silly packumentCache full:https://registry.npmjs.org/statuses set size:37117 disposed:false
4703 silly fetch manifest media-typer@0.3.0
4704 silly packumentCache full:https://registry.npmjs.org/media-typer cache-miss
4705 http cache https://registry.npmjs.org/content-type 25ms (cache hit)
4706 silly packumentCache full:https://registry.npmjs.org/content-type set size:18994 disposed:false
4707 http cache https://registry.npmjs.org/ipaddr.js 22ms (cache hit)
4708 silly packumentCache full:https://registry.npmjs.org/ipaddr.js set size:69549 disposed:false
4709 http cache https://registry.npmjs.org/statuses 26ms (cache hit)
4710 silly packumentCache full:https://registry.npmjs.org/statuses set size:37117 disposed:false
4711 silly packumentCache full:https://registry.npmjs.org/statuses dispose
4712 http cache https://registry.npmjs.org/setprototypeof 27ms (cache hit)
4713 silly packumentCache full:https://registry.npmjs.org/setprototypeof set size:14532 disposed:false
4714 http fetch GET 200 https://registry.npmjs.org/unpipe 75ms (cache miss)
4715 silly packumentCache full:https://registry.npmjs.org/unpipe set size:undefined disposed:false
4716 http fetch GET 200 https://registry.npmjs.org/unpipe 78ms (cache miss)
4717 silly packumentCache full:https://registry.npmjs.org/unpipe set size:undefined disposed:false
4718 http fetch GET 200 https://registry.npmjs.org/forwarded 74ms (cache miss)
4719 silly packumentCache full:https://registry.npmjs.org/forwarded set size:undefined disposed:false
4720 http fetch GET 200 https://registry.npmjs.org/ee-first 102ms (cache miss)
4721 silly packumentCache full:https://registry.npmjs.org/ee-first set size:undefined disposed:false
4722 http fetch GET 200 https://registry.npmjs.org/destroy 87ms (cache miss)
4723 silly packumentCache full:https://registry.npmjs.org/destroy set size:undefined disposed:false
4724 http fetch GET 200 https://registry.npmjs.org/toidentifier 105ms (cache miss)
4725 silly packumentCache full:https://registry.npmjs.org/toidentifier set size:undefined disposed:false
4726 http fetch GET 200 https://registry.npmjs.org/iconv-lite 110ms (cache miss)
4727 silly packumentCache full:https://registry.npmjs.org/iconv-lite set size:undefined disposed:false
4728 http fetch GET 200 https://registry.npmjs.org/destroy 113ms (cache miss)
4729 silly packumentCache full:https://registry.npmjs.org/destroy set size:undefined disposed:false
4730 http fetch GET 200 https://registry.npmjs.org/media-typer 91ms (cache miss)
4731 silly packumentCache full:https://registry.npmjs.org/media-typer set size:undefined disposed:false
4732 http fetch GET 200 https://registry.npmjs.org/mime 111ms (cache miss)
4733 silly packumentCache full:https://registry.npmjs.org/mime set size:undefined disposed:false
4734 http fetch GET 200 https://registry.npmjs.org/raw-body 118ms (cache miss)
4735 silly packumentCache full:https://registry.npmjs.org/raw-body set size:undefined disposed:false
4736 silly placeDep node_modules/accepts negotiator@0.6.3 OK for: accepts@1.3.8 want: 0.6.3
4737 silly placeDep node_modules/body-parser debug@2.6.9 OK for: body-parser@1.20.6 want: 2.6.9
4738 silly placeDep ROOT destroy@1.2.0 OK for: body-parser@1.20.6 want: ~1.2.0
4739 silly placeDep ROOT iconv-lite@0.4.24 OK for: body-parser@1.20.6 want: ~0.4.24
4740 silly placeDep ROOT raw-body@2.5.3 OK for: body-parser@1.20.6 want: ~2.5.3
4741 silly placeDep ROOT unpipe@1.0.0 OK for: body-parser@1.20.6 want: ~1.0.0
4742 silly fetch manifest safer-buffer@>= 2.1.2 < 3
4743 silly packumentCache full:https://registry.npmjs.org/safer-buffer cache-miss
4744 http fetch GET 200 https://registry.npmjs.org/safer-buffer 54ms (cache miss)
4745 silly packumentCache full:https://registry.npmjs.org/safer-buffer set size:undefined disposed:false
4746 silly placeDep node_modules/finalhandler debug@2.6.9 OK for: finalhandler@1.3.2 want: 2.6.9
4747 silly placeDep ROOT toidentifier@1.0.1 OK for: http-errors@2.0.1 want: ~1.0.1
4748 silly placeDep ROOT @types/http-proxy@1.17.17 OK for: http-proxy-middleware@2.0.10 want: ^1.17.8
4749 silly placeDep ROOT http-proxy@1.18.1 OK for: http-proxy-middleware@2.0.10 want: ^1.18.1
4750 silly placeDep ROOT is-plain-obj@3.0.0 OK for: http-proxy-middleware@2.0.10 want: ^3.0.0
4751 silly fetch manifest eventemitter3@^4.0.0
4752 silly packumentCache full:https://registry.npmjs.org/eventemitter3 cache-miss
4753 silly fetch manifest requires-port@^1.0.0
4754 silly packumentCache full:https://registry.npmjs.org/requires-port cache-miss
4755 http fetch GET 200 https://registry.npmjs.org/requires-port 55ms (cache miss)
4756 silly packumentCache full:https://registry.npmjs.org/requires-port set size:undefined disposed:false
4757 http fetch GET 200 https://registry.npmjs.org/eventemitter3 84ms (cache miss)
4758 silly packumentCache full:https://registry.npmjs.org/eventemitter3 set size:undefined disposed:false
4759 silly placeDep ROOT eventemitter3@4.0.7 OK for: http-proxy@1.18.1 want: ^4.0.0
4760 silly placeDep ROOT requires-port@1.0.0 OK for: http-proxy@1.18.1 want: ^1.0.0
4761 silly placeDep ROOT safer-buffer@2.1.2 OK for: iconv-lite@0.4.24 want: >= 2.1.2 < 3
4762 silly placeDep ROOT shell-quote@1.10.0 OK for: launch-editor@2.14.1 want: ^1.8.4
4763 silly placeDep ROOT dns-packet@5.6.1 OK for: multicast-dns@7.2.5 want: ^5.2.2
4764 silly placeDep ROOT thunky@1.1.0 OK for: multicast-dns@7.2.5 want: ^1.0.2
4765 silly fetch manifest @leichtgewicht/ip-codec@^2.0.1
4766 silly packumentCache full:https://registry.npmjs.org/@leichtgewicht%2fip-codec cache-miss
4767 http fetch GET 200 https://registry.npmjs.org/@leichtgewicht%2fip-codec 66ms (cache miss)
4768 silly packumentCache full:https://registry.npmjs.org/@leichtgewicht%2fip-codec set size:undefined disposed:false
4769 silly placeDep ROOT @leichtgewicht/ip-codec@2.0.5 OK for: dns-packet@5.6.1 want: ^2.0.1
4770 silly placeDep ROOT ee-first@1.1.1 OK for: on-finished@2.4.1 want: 1.1.1
4771 silly placeDep ROOT mimic-fn@2.1.0 OK for: onetime@5.1.2 want: ^2.1.0
4772 silly placeDep ROOT define-lazy-prop@2.0.0 OK for: open@8.4.2 want: ^2.0.0
4773 silly placeDep ROOT is-docker@2.2.1 OK for: open@8.4.2 want: ^2.1.1
4774 silly placeDep ROOT is-wsl@2.2.0 OK for: open@8.4.2 want: ^2.2.0
4775 silly placeDep ROOT @types/retry@0.12.0 OK for: p-retry@4.6.2 want: 0.12.0
4776 silly placeDep ROOT retry@0.13.1 OK for: p-retry@4.6.2 want: ^0.13.1
4777 silly placeDep ROOT forwarded@0.2.0 OK for: proxy-addr@2.0.7 want: 0.2.0
4778 silly placeDep node_modules/proxy-addr ipaddr.js@1.9.1 OK for: proxy-addr@2.0.7 want: 1.9.1
4779 silly placeDep ROOT @types/node-forge@1.3.14 OK for: selfsigned@2.4.1 want: ^1.3.0
4780 silly placeDep ROOT node-forge@1.4.0 OK for: selfsigned@2.4.1 want: ^1
4781 silly placeDep node_modules/send debug@2.6.9 OK for: send@0.19.2 want: 2.6.9
4782 silly placeDep ROOT mime@1.6.0 OK for: send@0.19.2 want: 1.6.0
4783 silly placeDep ROOT batch@0.6.1 OK for: serve-index@1.9.2 want: 0.6.1
4784 silly placeDep node_modules/serve-index debug@2.6.9 OK for: serve-index@1.9.2 want: 2.6.9
4785 silly placeDep node_modules/serve-index http-errors@1.8.1 OK for: serve-index@1.9.2 want: ~1.8.0
4786 silly fetch manifest depd@~1.1.2
4787 silly packumentCache full:https://registry.npmjs.org/depd cache-miss
4788 silly fetch manifest statuses@>= 1.5.0 < 2
4789 silly packumentCache full:https://registry.npmjs.org/statuses cache-hit
4790 http cache https://registry.npmjs.org/depd 11ms (cache hit)
4791 silly packumentCache full:https://registry.npmjs.org/depd set size:40182 disposed:false
4792 silly placeDep ROOT faye-websocket@0.11.4 OK for: sockjs@0.3.24 want: ^0.11.3
4793 silly placeDep ROOT uuid@8.3.2 OK for: sockjs@0.3.24 want: ^8.3.2
4794 silly placeDep ROOT websocket-driver@0.7.5 OK for: sockjs@0.3.24 want: ^0.7.4
4795 silly fetch manifest websocket-driver@>=0.5.1
4796 silly packumentCache full:https://registry.npmjs.org/websocket-driver cache-miss
4797 silly fetch manifest http-parser-js@>=0.5.1
4798 silly packumentCache full:https://registry.npmjs.org/http-parser-js cache-miss
4799 silly fetch manifest websocket-extensions@>=0.1.1
4800 silly packumentCache full:https://registry.npmjs.org/websocket-extensions cache-miss
4801 http cache https://registry.npmjs.org/websocket-driver 7ms (cache hit)
4802 silly packumentCache full:https://registry.npmjs.org/websocket-driver set size:57610 disposed:false
4803 http fetch GET 200 https://registry.npmjs.org/websocket-extensions 59ms (cache miss)
4804 silly packumentCache full:https://registry.npmjs.org/websocket-extensions set size:undefined disposed:false
4805 http fetch GET 200 https://registry.npmjs.org/http-parser-js 65ms (cache miss)
4806 silly packumentCache full:https://registry.npmjs.org/http-parser-js set size:undefined disposed:false
4807 silly placeDep ROOT handle-thing@2.0.1 OK for: spdy@4.0.2 want: ^2.0.0
4808 silly placeDep ROOT http-deceiver@1.2.7 OK for: spdy@4.0.2 want: ^1.2.7
4809 silly placeDep ROOT select-hose@2.0.0 OK for: spdy@4.0.2 want: ^2.0.0
4810 silly placeDep ROOT spdy-transport@3.0.0 OK for: spdy@4.0.2 want: ^3.0.0
4811 silly fetch manifest detect-node@^2.0.4
4812 silly packumentCache full:https://registry.npmjs.org/detect-node cache-miss
4813 silly fetch manifest hpack.js@^2.1.6
4814 silly packumentCache full:https://registry.npmjs.org/hpack.js cache-miss
4815 silly fetch manifest obuf@^1.1.2
4816 silly packumentCache full:https://registry.npmjs.org/obuf cache-miss
4817 silly fetch manifest readable-stream@^3.0.6
4818 silly packumentCache full:https://registry.npmjs.org/readable-stream cache-miss
4819 silly fetch manifest wbuf@^1.7.3
4820 silly packumentCache full:https://registry.npmjs.org/wbuf cache-miss
4821 http cache https://registry.npmjs.org/readable-stream 7ms (cache hit)
4822 silly packumentCache full:https://registry.npmjs.org/readable-stream set size:261096 disposed:false
4823 http fetch GET 200 https://registry.npmjs.org/obuf 65ms (cache miss)
4824 silly packumentCache full:https://registry.npmjs.org/obuf set size:undefined disposed:false
4825 http fetch GET 200 https://registry.npmjs.org/detect-node 67ms (cache miss)
4826 silly packumentCache full:https://registry.npmjs.org/detect-node set size:undefined disposed:false
4827 http fetch GET 200 https://registry.npmjs.org/wbuf 67ms (cache miss)
4828 silly packumentCache full:https://registry.npmjs.org/wbuf set size:undefined disposed:false
4829 http fetch GET 200 https://registry.npmjs.org/hpack.js 69ms (cache miss)
4830 silly packumentCache full:https://registry.npmjs.org/hpack.js set size:undefined disposed:false
4831 silly placeDep ROOT detect-node@2.1.0 OK for: spdy-transport@3.0.0 want: ^2.0.4
4832 silly placeDep ROOT hpack.js@2.1.6 OK for: spdy-transport@3.0.0 want: ^2.1.6
4833 silly placeDep ROOT obuf@1.1.2 OK for: spdy-transport@3.0.0 want: ^1.1.2
4834 silly placeDep node_modules/spdy-transport readable-stream@3.6.2 OK for: spdy-transport@3.0.0 want: ^3.0.6
4835 silly placeDep ROOT wbuf@1.7.3 OK for: spdy-transport@3.0.0 want: ^1.7.3
4836 silly fetch manifest obuf@^1.0.0
4837 silly packumentCache full:https://registry.npmjs.org/obuf cache-miss
4838 silly fetch manifest wbuf@^1.1.0
4839 silly packumentCache full:https://registry.npmjs.org/wbuf cache-miss
4840 http cache https://registry.npmjs.org/obuf 6ms (cache hit)
4841 silly packumentCache full:https://registry.npmjs.org/obuf set size:14024 disposed:false
4842 http cache https://registry.npmjs.org/wbuf 7ms (cache hit)
4843 silly packumentCache full:https://registry.npmjs.org/wbuf set size:20540 disposed:false
4844 silly placeDep ROOT media-typer@0.3.0 OK for: type-is@1.6.18 want: 0.3.0
4845 silly placeDep ROOT memfs@3.5.3 OK for: webpack-dev-middleware@5.3.4 want: ^3.4.3
4846 silly placeDep node_modules/webpack-dev-middleware schema-utils@4.3.3 OK for: webpack-dev-middleware@5.3.4 want: ^4.0.0
4847 silly fetch manifest fs-monkey@^1.0.4
4848 silly packumentCache full:https://registry.npmjs.org/fs-monkey cache-miss
4849 http fetch GET 200 https://registry.npmjs.org/fs-monkey 62ms (cache miss)
4850 silly packumentCache full:https://registry.npmjs.org/fs-monkey set size:undefined disposed:false
4851 silly placeDep ROOT fs-monkey@1.1.0 OK for: memfs@3.5.3 want: ^1.0.4
4852 silly placeDep ROOT clone-deep@4.0.1 OK for: webpack-merge@5.10.0 want: ^4.0.1
4853 silly placeDep ROOT flat@5.0.2 OK for: webpack-merge@5.10.0 want: ^5.0.2
4854 silly placeDep ROOT wildcard@2.0.1 OK for: webpack-merge@5.10.0 want: ^2.0.0
4855 silly fetch manifest is-plain-object@^2.0.4
4856 silly packumentCache full:https://registry.npmjs.org/is-plain-object cache-miss
4857 silly fetch manifest kind-of@^6.0.2
4858 silly packumentCache full:https://registry.npmjs.org/kind-of cache-miss
4859 silly fetch manifest shallow-clone@^3.0.0
4860 silly packumentCache full:https://registry.npmjs.org/shallow-clone cache-miss
4861 http fetch GET 200 https://registry.npmjs.org/shallow-clone 62ms (cache miss)
4862 silly packumentCache full:https://registry.npmjs.org/shallow-clone set size:undefined disposed:false
4863 http fetch GET 200 https://registry.npmjs.org/kind-of 66ms (cache miss)
4864 silly packumentCache full:https://registry.npmjs.org/kind-of set size:undefined disposed:false
4865 http fetch GET 200 https://registry.npmjs.org/is-plain-object 68ms (cache miss)
4866 silly packumentCache full:https://registry.npmjs.org/is-plain-object set size:undefined disposed:false
4867 silly placeDep ROOT is-plain-object@2.0.4 OK for: clone-deep@4.0.1 want: ^2.0.4
4868 silly placeDep ROOT kind-of@6.0.3 OK for: clone-deep@4.0.1 want: ^6.0.2
4869 silly placeDep ROOT shallow-clone@3.0.1 OK for: clone-deep@4.0.1 want: ^3.0.0
4870 silly fetch manifest isobject@^3.0.1
4871 silly packumentCache full:https://registry.npmjs.org/isobject cache-miss
4872 http fetch GET 200 https://registry.npmjs.org/isobject 62ms (cache miss)
4873 silly packumentCache full:https://registry.npmjs.org/isobject set size:undefined disposed:false
4874 silly placeDep ROOT isobject@3.0.1 OK for: is-plain-object@2.0.4 want: ^3.0.1
4875 silly placeDep ROOT node-notifier@9.0.1 OK for: webpack-notifier@1.15.0 want: ^9.0.0
4876 silly fetch manifest growly@^1.3.0
4877 silly packumentCache full:https://registry.npmjs.org/growly cache-miss
4878 silly fetch manifest semver@^7.3.2
4879 silly packumentCache full:https://registry.npmjs.org/semver cache-hit
4880 silly fetch manifest shellwords@^0.1.1
4881 silly packumentCache full:https://registry.npmjs.org/shellwords cache-miss
4882 http fetch GET 200 https://registry.npmjs.org/growly 214ms (cache miss)
4883 silly packumentCache full:https://registry.npmjs.org/growly set size:undefined disposed:false
4884 http fetch GET 200 https://registry.npmjs.org/shellwords 215ms (cache miss)
4885 silly packumentCache full:https://registry.npmjs.org/shellwords set size:undefined disposed:false
4886 silly placeDep ROOT growly@1.3.0 OK for: node-notifier@9.0.1 want: ^1.3.0
4887 silly placeDep node_modules/node-notifier semver@7.8.5 OK for: node-notifier@9.0.1 want: ^7.3.2
4888 silly placeDep ROOT shellwords@0.1.1 OK for: node-notifier@9.0.1 want: ^0.1.1
4889 silly placeDep ROOT source-list-map@2.0.1 OK for: webpack-sources@1.4.3 want: ^2.0.0
4890 silly placeDep ROOT consola@2.15.3 OK for: webpackbar@5.0.2 want: ^2.15.3
4891 silly placeDep ROOT pretty-time@1.1.0 OK for: webpackbar@5.0.2 want: ^1.1.0
4892 silly placeDep ROOT std-env@3.10.0 OK for: webpackbar@5.0.2 want: ^3.0.1
4893 silly placeDep ROOT http-parser-js@0.5.10 OK for: websocket-driver@0.7.5 want: >=0.5.1
4894 silly placeDep ROOT websocket-extensions@0.1.4 OK for: websocket-driver@0.7.5 want: >=0.1.1
4895 silly placeDep ROOT isexe@2.0.0 OK for: which@2.0.2 want: ^2.0.0
4896 silly placeDep ROOT available-typed-arrays@1.0.7 OK for: which-typed-array@1.1.22 want: ^1.0.7
4897 silly placeDep ROOT for-each@0.3.5 OK for: which-typed-array@1.1.22 want: ^0.3.5
4898 silly fetch manifest possible-typed-array-names@^1.0.0
4899 silly packumentCache full:https://registry.npmjs.org/possible-typed-array-names cache-miss
4900 silly fetch manifest is-callable@^1.2.7
4901 silly packumentCache full:https://registry.npmjs.org/is-callable cache-miss
4902 http fetch GET 200 https://registry.npmjs.org/possible-typed-array-names 74ms (cache miss)
4903 silly packumentCache full:https://registry.npmjs.org/possible-typed-array-names set size:undefined disposed:false
4904 http fetch GET 200 https://registry.npmjs.org/is-callable 75ms (cache miss)
4905 silly packumentCache full:https://registry.npmjs.org/is-callable set size:undefined disposed:false
4906 silly placeDep ROOT possible-typed-array-names@1.1.0 OK for: available-typed-arrays@1.0.7 want: ^1.0.0
4907 silly placeDep ROOT is-callable@1.2.7 OK for: for-each@0.3.5 want: ^1.2.7
4908 silly placeDep ROOT cliui@8.0.1 OK for: yargs@17.7.3 want: ^8.0.1
4909 silly placeDep ROOT get-caller-file@2.0.5 OK for: yargs@17.7.3 want: ^2.0.5
4910 silly placeDep ROOT require-directory@2.1.1 OK for: yargs@17.7.3 want: ^2.1.1
4911 silly placeDep ROOT y18n@5.0.8 OK for: yargs@17.7.3 want: ^5.0.5
4912 silly placeDep ROOT yargs-parser@21.1.1 OK for: yargs@17.7.3 want: ^21.1.1
4913 silly fetch manifest wrap-ansi@^7.0.0
4914 silly packumentCache full:https://registry.npmjs.org/wrap-ansi cache-miss
4915 http fetch GET 200 https://registry.npmjs.org/wrap-ansi 61ms (cache miss)
4916 silly packumentCache full:https://registry.npmjs.org/wrap-ansi set size:undefined disposed:false
4917 silly placeDep ROOT wrap-ansi@7.0.0 OK for: cliui@8.0.1 want: ^7.0.0
4918 silly placeDep ROOT @types/mime@1.3.5 OK for: @types/send@0.17.6 want: ^1
4919 silly placeDep node_modules/assert inherits@2.0.3 OK for: util@0.10.4 want: 2.0.3
4920 silly placeDep node_modules/body-parser ms@2.0.0 OK for: debug@2.6.9 want: 2.0.0
4921 silly placeDep node_modules/compression ms@2.0.0 OK for: debug@2.6.9 want: 2.0.0
4922 silly placeDep node_modules/express ms@2.0.0 OK for: debug@2.6.9 want: 2.0.0
4923 silly placeDep node_modules/finalhandler ms@2.0.0 OK for: debug@2.6.9 want: 2.0.0
4924 silly placeDep node_modules/html-minifier-terser/node_modules/terser commander@2.20.3 OK for: terser@4.8.1 want: ^2.20.0
4925 silly placeDep node_modules/img-loader json5@1.0.2 OK for: loader-utils@1.4.2 want: ^1.0.1
4926 silly fetch manifest minimist@^1.2.0
4927 silly packumentCache full:https://registry.npmjs.org/minimist cache-miss
4928 http fetch GET 200 https://registry.npmjs.org/minimist 64ms (cache miss)
4929 silly packumentCache full:https://registry.npmjs.org/minimist set size:undefined disposed:false
4930 silly placeDep ROOT minimist@1.2.8 OK for: json5@1.0.2 want: ^1.2.0
4931 silly placeDep node_modules/minimizer-webpack-plugin ajv@8.20.0 OK for: schema-utils@4.3.3 want: ^8.9.0
4932 silly placeDep ROOT ajv-formats@2.1.1 OK for: schema-utils@4.3.3 want: ^2.1.1
4933 silly placeDep node_modules/minimizer-webpack-plugin ajv-keywords@5.1.0 OK for: schema-utils@4.3.3 want: ^5.1.0
4934 silly fetch manifest fast-uri@^3.0.1
4935 silly packumentCache full:https://registry.npmjs.org/fast-uri cache-miss
4936 silly fetch manifest json-schema-traverse@^1.0.0
4937 silly packumentCache full:https://registry.npmjs.org/json-schema-traverse cache-miss
4938 silly fetch manifest require-from-string@^2.0.2
4939 silly packumentCache full:https://registry.npmjs.org/require-from-string cache-miss
4940 silly fetch manifest ajv@^8.0.0
4941 silly packumentCache full:https://registry.npmjs.org/ajv cache-miss
4942 http cache https://registry.npmjs.org/ajv 9ms (cache hit)
4943 silly packumentCache full:https://registry.npmjs.org/ajv set size:1142658 disposed:false
4944 http cache https://registry.npmjs.org/json-schema-traverse 16ms (cache hit)
4945 silly packumentCache full:https://registry.npmjs.org/json-schema-traverse set size:23537 disposed:false
4946 http fetch GET 200 https://registry.npmjs.org/require-from-string 57ms (cache miss)
4947 silly packumentCache full:https://registry.npmjs.org/require-from-string set size:undefined disposed:false
4948 http fetch GET 200 https://registry.npmjs.org/fast-uri 62ms (cache miss)
4949 silly packumentCache full:https://registry.npmjs.org/fast-uri set size:undefined disposed:false
4950 silly placeDep node_modules/ajv-formats ajv@8.20.0 OK for: ajv-formats@2.1.1 want: ^8.0.0
4951 silly placeDep ROOT fast-uri@3.1.5 OK for: ajv@8.20.0 want: ^3.0.1
4952 silly placeDep node_modules/ajv-formats json-schema-traverse@1.0.0 OK for: ajv@8.20.0 want: ^1.0.0
4953 silly placeDep ROOT require-from-string@2.0.2 OK for: ajv@8.20.0 want: ^2.0.2
4954 silly placeDep node_modules/minimizer-webpack-plugin json-schema-traverse@1.0.0 OK for: ajv@8.20.0 want: ^1.0.0
4955 silly placeDep node_modules/send/node_modules/debug ms@2.0.0 OK for: debug@2.6.9 want: 2.0.0
4956 silly placeDep node_modules/serve-index ms@2.0.0 OK for: debug@2.6.9 want: 2.0.0
4957 silly placeDep node_modules/serve-index depd@1.1.2 OK for: http-errors@1.8.1 want: ~1.1.2
4958 silly placeDep node_modules/serve-index statuses@1.5.0 OK for: http-errors@1.8.1 want: >= 1.5.0 < 2
4959 silly placeDep node_modules/terser-webpack-plugin ajv@8.20.0 OK for: schema-utils@4.3.3 want: ^8.9.0
4960 silly placeDep node_modules/terser-webpack-plugin ajv-keywords@5.1.0 OK for: schema-utils@4.3.3 want: ^5.1.0
4961 silly placeDep node_modules/terser-webpack-plugin json-schema-traverse@1.0.0 OK for: ajv@8.20.0 want: ^1.0.0
4962 silly placeDep node_modules/vue-style-loader json5@1.0.2 OK for: loader-utils@1.4.2 want: ^1.0.1
4963 silly placeDep node_modules/webpack-dev-middleware ajv@8.20.0 OK for: schema-utils@4.3.3 want: ^8.9.0
4964 silly placeDep node_modules/webpack-dev-middleware ajv-keywords@5.1.0 OK for: schema-utils@4.3.3 want: ^5.1.0
4965 silly placeDep node_modules/webpack-dev-middleware json-schema-traverse@1.0.0 OK for: ajv@8.20.0 want: ^1.0.0
4966 silly placeDep node_modules/webpack-dev-server ajv@8.20.0 OK for: schema-utils@4.3.3 want: ^8.9.0
4967 silly placeDep node_modules/webpack-dev-server ajv-keywords@5.1.0 OK for: schema-utils@4.3.3 want: ^5.1.0
4968 silly placeDep node_modules/webpack-dev-server json-schema-traverse@1.0.0 OK for: ajv@8.20.0 want: ^1.0.0
4969 silly placeDep node_modules/webpack ajv@8.20.0 OK for: schema-utils@4.3.3 want: ^8.9.0
4970 silly placeDep node_modules/webpack ajv-keywords@5.1.0 OK for: schema-utils@4.3.3 want: ^5.1.0
4971 silly placeDep node_modules/webpack json-schema-traverse@1.0.0 OK for: ajv@8.20.0 want: ^1.0.0
4972 silly reify moves {}
4973 silly audit bulk request {
4973 silly audit   '@gsap/react': [ '2.1.2' ],
4973 silly audit   gsap: [ '3.15.0' ],
4973 silly audit   react: [ '18.3.1' ],
4973 silly audit   '@inertiajs/react': [ '1.3.0' ],
4973 silly audit   '@popperjs/core': [ '2.11.8' ],
4973 silly audit   '@tippyjs/react': [ '4.2.6' ],
4973 silly audit   'react-dom': [ '18.3.1' ],
4973 silly audit   '@vitejs/plugin-react': [ '4.7.0' ],
4973 silly audit   vite: [ '5.4.21' ],
4973 silly audit   autoprefixer: [ '10.5.4' ],
4973 silly audit   postcss: [ '8.5.25' ],
4973 silly audit   axios: [ '1.19.0' ],
4973 silly audit   bootstrap: [ '5.3.8' ],
4973 silly audit   'chart.js': [ '4.5.1' ],
4973 silly audit   jquery: [ '3.7.1' ],
4973 silly audit   jsencrypt: [ '3.5.4' ],
4973 silly audit   jspdf: [ '4.2.1' ],
4973 silly audit   'jspdf-autotable': [ '5.0.8' ],
4973 silly audit   'laravel-mix': [ '6.0.49' ],
4973 silly audit   'laravel-vite-plugin': [ '1.3.0' ],
4973 silly audit   'lucide-react': [ '0.577.0' ],
4973 silly audit   moment: [ '2.30.1' ],
4973 silly audit   'moment-timezone': [ '0.5.48' ],
4973 silly audit   'react-chartjs-2': [ '5.3.1' ],
4973 silly audit   'react-google-recaptcha': [ '3.1.0' ],
4973 silly audit   'react-modal': [ '3.16.3' ],
4973 silly audit   rollup: [ '4.62.3' ],
4973 silly audit   'slick-carousel': [ '1.8.1' ],
4973 silly audit   'socket.io-client': [ '4.8.3' ],
4973 silly audit   'sode-extend-react': [ '1.2.11' ],
4973 silly audit   sonner: [ '2.0.7' ],
4973 silly audit   sweetalert2: [ '11.26.25' ],
4973 silly audit   swiper: [ '11.2.10' ],
4973 silly audit   tailwindcss: [ '3.4.19' ],
4973 silly audit   'tailwindcss-animated': [ '1.1.2' ],
4973 silly audit   '@inertiajs/core': [ '1.3.0' ],
4973 silly audit   'lodash.isequal': [ '4.5.0' ],
4973 silly audit   deepmerge: [ '4.3.1' ],
4973 silly audit   nprogress: [ '0.2.0' ],
4973 silly audit   qs: [ '6.15.3' ],
4973 silly audit   'tippy.js': [ '6.3.7' ],
4973 silly audit   '@babel/core': [ '7.29.7' ],
4973 silly audit   '@babel/plugin-transform-react-jsx-self': [ '7.29.7' ],
4973 silly audit   '@babel/plugin-transform-react-jsx-source': [ '7.29.7' ],
4973 silly audit   '@rolldown/pluginutils': [ '1.0.0-beta.27' ],
4973 silly audit   '@types/babel__core': [ '7.20.5' ],
4973 silly audit   'react-refresh': [ '0.17.0' ],
4973 silly audit   '@babel/code-frame': [ '7.29.7' ],
4973 silly audit   '@babel/generator': [ '7.29.8' ],
4973 silly audit   '@babel/helper-compilation-targets': [ '7.29.7' ],
4973 silly audit   '@babel/helper-module-transforms': [ '7.29.7' ],
4973 silly audit   '@babel/helpers': [ '7.29.7' ],
4973 silly audit   '@babel/parser': [ '7.29.8' ],
4973 silly audit   '@babel/template': [ '7.29.7' ],
4973 silly audit   '@babel/traverse': [ '7.29.8' ],
4973 silly audit   '@babel/types': [ '7.29.8' ],
4973 silly audit   '@jridgewell/remapping': [ '2.3.5' ],
4973 silly audit   'convert-source-map': [ '2.0.0' ],
4973 silly audit   debug: [ '4.4.3', '2.6.9' ],
4973 silly audit   gensync: [ '1.0.0-beta.2' ],
4973 silly audit   json5: [ '2.2.3', '1.0.2' ],
4973 silly audit   semver: [ '6.3.1', '7.8.5' ],
4973 silly audit   '@babel/helper-validator-identifier': [ '7.29.7' ],
4973 silly audit   'js-tokens': [ '4.0.0' ],
4973 silly audit   picocolors: [ '1.1.1' ],
4973 silly audit   '@jridgewell/gen-mapping': [ '0.3.13' ],
4973 silly audit   '@jridgewell/trace-mapping': [ '0.3.31' ],
4973 silly audit   jsesc: [ '3.1.0' ],
4973 silly audit   '@babel/compat-data': [ '7.29.7' ],
4973 silly audit   '@babel/helper-validator-option': [ '7.29.7' ],
4973 silly audit   browserslist: [ '4.28.7' ],
4973 silly audit   'lru-cache': [ '5.1.1' ],
4973 silly audit   '@babel/helper-module-imports': [ '7.29.7' ],
4973 silly audit   '@babel/helper-plugin-utils': [ '7.29.7' ],
4973 silly audit   '@babel/helper-globals': [ '7.29.7' ],
4973 silly audit   '@babel/helper-string-parser': [ '7.29.7' ],
4973 silly audit   '@jridgewell/sourcemap-codec': [ '1.5.5' ],
4973 silly audit   '@jridgewell/resolve-uri': [ '3.1.2' ],
4973 silly audit   '@types/babel__generator': [ '7.27.0' ],
4973 silly audit   '@types/babel__template': [ '7.4.4' ],
4973 silly audit   '@types/babel__traverse': [ '7.28.0' ],
4973 silly audit   'caniuse-lite': [ '1.0.30001806' ],
4973 silly audit   'fraction.js': [ '5.3.4' ],
4973 silly audit   'postcss-value-parser': [ '4.2.0' ],
4973 silly audit   'follow-redirects': [ '1.16.0' ],
4973 silly audit   'form-data': [ '4.0.6' ],
4973 silly audit   'https-proxy-agent': [ '5.0.1' ],
4973 silly audit   'proxy-from-env': [ '2.1.0' ],
4973 silly audit   'baseline-browser-mapping': [ '2.11.8' ],
4973 silly audit   'electron-to-chromium': [ '1.5.399' ],
4973 silly audit   'node-releases': [ '2.0.51' ],
4973 silly audit   'update-browserslist-db': [ '1.2.3' ],
4973 silly audit   '@kurkle/color': [ '0.3.4' ],
4973 silly audit   ms: [ '2.1.3', '2.0.0' ],
4973 silly audit   asynckit: [ '0.4.0' ],
4973 silly audit   'combined-stream': [ '1.0.8' ],
4973 silly audit   'es-set-tostringtag': [ '2.1.0' ],
4973 silly audit   hasown: [ '2.0.4' ],
4973 silly audit   'mime-types': [ '2.1.35' ],
4973 silly audit   'delayed-stream': [ '1.0.0' ],
4973 silly audit   'es-errors': [ '1.3.0' ],
4973 silly audit   'get-intrinsic': [ '1.3.0' ],
4973 silly audit   'has-tostringtag': [ '1.0.2' ],
4973 silly audit   'call-bind-apply-helpers': [ '1.0.2' ],
4973 silly audit   'es-define-property': [ '1.0.1' ],
4973 silly audit   'es-object-atoms': [ '1.1.2' ],
4973 silly audit   'function-bind': [ '1.1.2' ],
4973 silly audit   'get-proto': [ '1.0.1' ],
4973 silly audit   gopd: [ '1.2.0' ],
4973 silly audit   'has-symbols': [ '1.1.0' ],
4973 silly audit   'math-intrinsics': [ '1.1.0' ],
4973 silly audit   'dunder-proto': [ '1.0.1' ],
4973 silly audit   'agent-base': [ '6.0.2' ],
4973 silly audit   '@babel/runtime': [ '7.29.7' ],
4973 silly audit   canvg: [ '3.0.11' ],
4973 silly audit   'core-js': [ '3.49.0' ],
4973 silly audit   dompurify: [ '3.4.12' ],
4973 silly audit   'fast-png': [ '6.4.0' ],
4973 silly audit   fflate: [ '0.8.3' ],
4973 silly audit   html2canvas: [ '1.4.1' ],
4973 silly audit   '@types/raf': [ '3.4.3' ],
4973 silly audit   raf: [ '3.4.1' ],
4973 silly audit   'regenerator-runtime': [ '0.13.11' ],
4973 silly audit   rgbcolor: [ '1.0.1' ],
4973 silly audit   'stackblur-canvas': [ '2.7.0' ],
4973 silly audit   'svg-pathdata': [ '6.0.3' ],
4973 silly audit   '@types/trusted-types': [ '2.0.7' ],
4973 silly audit   '@types/pako': [ '2.0.4' ],
4973 silly audit   iobuffer: [ '5.4.0' ],
4973 silly audit   pako: [ '2.2.0', '1.0.11' ],
4973 silly audit   'css-line-break': [ '2.1.0' ],
4973 silly audit   'text-segmentation': [ '1.0.3' ],
4973 silly audit   utrie: [ '1.0.2' ],
4973 silly audit   '@babel/plugin-proposal-object-rest-spread': [ '7.20.7' ],
4973 silly audit   '@babel/plugin-syntax-dynamic-import': [ '7.8.3' ],
4973 silly audit   '@babel/plugin-transform-runtime': [ '7.29.7' ],
4973 silly audit   '@babel/preset-env': [ '7.29.7' ],
4973 silly audit   '@types/clean-css': [ '4.2.11' ],
4973 silly audit   '@types/imagemin-gifsicle': [ '7.0.4' ],
4973 silly audit   '@types/imagemin-mozjpeg': [ '8.0.4' ],
4973 silly audit   '@types/imagemin-optipng': [ '5.2.4' ],
4973 silly audit   '@types/imagemin-svgo': [ '8.0.1' ],
4973 silly audit   'babel-loader': [ '8.4.1' ],
4973 silly audit   webpack: [ '5.109.2' ],
4973 silly audit   chalk: [ '4.1.2' ],
4973 silly audit   chokidar: [ '3.6.0' ],
4973 silly audit   'clean-css': [ '5.3.3', '4.2.4' ],
4973 silly audit   'cli-table3': [ '0.6.5' ],
4973 silly audit   'collect.js': [ '4.36.1' ],
4973 silly audit   commander: [ '7.2.0', '2.20.3', '4.1.1' ],
4973 silly audit   concat: [ '1.0.3' ],
4973 silly audit   'css-loader': [ '5.2.7' ],
4973 silly audit   cssnano: [ '5.1.15' ],
4973 silly audit   dotenv: [ '10.0.0' ],
4973 silly audit   'dotenv-expand': [ '5.1.0' ],
4973 silly audit   'file-loader': [ '6.2.0' ],
4973 silly audit   'fs-extra': [ '10.1.0' ],
4973 silly audit   glob: [ '7.2.3' ],
4973 silly audit   'html-loader': [ '1.3.2' ],
4973 silly audit   imagemin: [ '7.0.1' ],
4973 silly audit   'img-loader': [ '4.0.0' ],
4973 silly audit   lodash: [ '4.18.1' ],
4973 silly audit   md5: [ '2.3.0' ],
4973 silly audit   'mini-css-extract-plugin': [ '1.6.2' ],
4973 silly audit   'node-libs-browser': [ '2.2.1' ],
4973 silly audit   'postcss-load-config': [ '3.1.4', '6.0.1' ],
4973 silly audit   'postcss-loader': [ '6.2.1' ],
4973 silly audit   'strip-ansi': [ '6.0.1' ],
4973 silly audit   'style-loader': [ '2.0.0' ],
4973 silly audit   terser: [ '5.49.0', '4.8.1' ],
4973 silly audit   'terser-webpack-plugin': [ '5.6.1' ],
4973 silly audit   'vue-style-loader': [ '4.1.3' ],
4973 silly audit   'webpack-cli': [ '4.10.0' ],
4973 silly audit   'webpack-dev-server': [ '4.15.2' ],
4973 silly audit   'webpack-merge': [ '5.10.0' ],
4973 silly audit   'webpack-notifier': [ '1.15.0' ],
4973 silly audit   webpackbar: [ '5.0.2' ],
4973 silly audit   yargs: [ '17.7.3' ],
4973 silly audit   '@babel/plugin-syntax-object-rest-spread': [ '7.8.3' ],
4973 silly audit   '@babel/plugin-transform-parameters': [ '7.29.7' ],
4973 silly audit   'babel-plugin-polyfill-corejs2': [ '0.4.17' ],
4973 silly audit   'babel-plugin-polyfill-corejs3': [ '0.13.0', '0.14.2' ],
4973 silly audit   'babel-plugin-polyfill-regenerator': [ '0.6.8' ],
4973 silly audit   '@babel/plugin-bugfix-firefox-class-in-computed-class-key': [ '7.29.7' ],
4973 silly audit   '@babel/plugin-bugfix-safari-class-field-initializer-scope': [ '7.29.7' ],
4973 silly audit   '@babel/plugin-bugfix-safari-id-destructuring-collision-in-function-expression': [ '7.29.7' ],
4973 silly audit   '@babel/plugin-bugfix-safari-rest-destructuring-rhs-array': [ '7.29.7' ],
4973 silly audit   '@babel/plugin-bugfix-v8-spread-parameters-in-optional-chaining': [ '7.29.7' ],
4973 silly audit   '@babel/plugin-bugfix-v8-static-class-fields-redefine-readonly': [ '7.29.7' ],
4973 silly audit   '@babel/plugin-proposal-private-property-in-object': [ '7.21.0-placeholder-for-preset-env.2' ],
4973 silly audit   '@babel/plugin-syntax-import-assertions': [ '7.29.7' ],
4973 silly audit   '@babel/plugin-syntax-import-attributes': [ '7.29.7' ],
4973 silly audit   '@babel/plugin-syntax-unicode-sets-regex': [ '7.18.6' ],
4973 silly audit   '@babel/plugin-transform-arrow-functions': [ '7.29.7' ],
4973 silly audit   '@babel/plugin-transform-async-generator-functions': [ '7.29.7' ],
4973 silly audit   '@babel/plugin-transform-async-to-generator': [ '7.29.7' ],
4973 silly audit   '@babel/plugin-transform-block-scoped-functions': [ '7.29.7' ],
4973 silly audit   '@babel/plugin-transform-block-scoping': [ '7.29.7' ],
4973 silly audit   '@babel/plugin-transform-class-properties': [ '7.29.7' ],
4973 silly audit   '@babel/plugin-transform-class-static-block': [ '7.29.7' ],
4973 silly audit   '@babel/plugin-transform-classes': [ '7.29.7' ],
4973 silly audit   '@babel/plugin-transform-computed-properties': [ '7.29.7' ],
4973 silly audit   '@babel/plugin-transform-destructuring': [ '7.29.7' ],
4973 silly audit   '@babel/plugin-transform-dotall-regex': [ '7.29.7' ],
4973 silly audit   '@babel/plugin-transform-duplicate-keys': [ '7.29.7' ],
4973 silly audit   '@babel/plugin-transform-duplicate-named-capturing-groups-regex': [ '7.29.7' ],
4973 silly audit   '@babel/plugin-transform-dynamic-import': [ '7.29.7' ],
4973 silly audit   '@babel/plugin-transform-explicit-resource-management': [ '7.29.7' ],
4973 silly audit   '@babel/plugin-transform-exponentiation-operator': [ '7.29.7' ],
4973 silly audit   '@babel/plugin-transform-export-namespace-from': [ '7.29.7' ],
4973 silly audit   '@babel/plugin-transform-for-of': [ '7.29.7' ],
4973 silly audit   '@babel/plugin-transform-function-name': [ '7.29.7' ],
4973 silly audit   '@babel/plugin-transform-json-strings': [ '7.29.7' ],
4973 silly audit   '@babel/plugin-transform-literals': [ '7.29.7' ],
4973 silly audit   '@babel/plugin-transform-logical-assignment-operators': [ '7.29.7' ],
4973 silly audit   '@babel/plugin-transform-member-expression-literals': [ '7.29.7' ],
4973 silly audit   '@babel/plugin-transform-modules-amd': [ '7.29.7' ],
4973 silly audit   '@babel/plugin-transform-modules-commonjs': [ '7.29.7' ],
4973 silly audit   '@babel/plugin-transform-modules-systemjs': [ '7.29.8' ],
4973 silly audit   '@babel/plugin-transform-modules-umd': [ '7.29.7' ],
4973 silly audit   '@babel/plugin-transform-named-capturing-groups-regex': [ '7.29.7' ],
4973 silly audit   '@babel/plugin-transform-new-target': [ '7.29.7' ],
4973 silly audit   '@babel/plugin-transform-nullish-coalescing-operator': [ '7.29.7' ],
4973 silly audit   '@babel/plugin-transform-numeric-separator': [ '7.29.7' ],
4973 silly audit   '@babel/plugin-transform-object-rest-spread': [ '7.29.7' ],
4973 silly audit   '@babel/plugin-transform-object-super': [ '7.29.7' ],
4973 silly audit   '@babel/plugin-transform-optional-catch-binding': [ '7.29.7' ],
4973 silly audit   '@babel/plugin-transform-optional-chaining': [ '7.29.7' ],
4973 silly audit   '@babel/plugin-transform-private-methods': [ '7.29.7' ],
4973 silly audit   '@babel/plugin-transform-private-property-in-object': [ '7.29.7' ],
4973 silly audit   '@babel/plugin-transform-property-literals': [ '7.29.7' ],
4973 silly audit   '@babel/plugin-transform-regenerator': [ '7.29.8' ],
4973 silly audit   '@babel/plugin-transform-regexp-modifiers': [ '7.29.7' ],
4973 silly audit   '@babel/plugin-transform-reserved-words': [ '7.29.7' ],
4973 silly audit   '@babel/plugin-transform-shorthand-properties': [ '7.29.7' ],
4973 silly audit   '@babel/plugin-transform-spread': [ '7.29.8' ],
4973 silly audit   '@babel/plugin-transform-sticky-regex': [ '7.29.7' ],
4973 silly audit   '@babel/plugin-transform-template-literals': [ '7.29.7' ],
4973 silly audit   '@babel/plugin-transform-typeof-symbol': [ '7.29.7' ],
4973 silly audit   '@babel/plugin-transform-unicode-escapes': [ '7.29.7' ],
4973 silly audit   '@babel/plugin-transform-unicode-property-regex': [ '7.29.7' ],
4973 silly audit   '@babel/plugin-transform-unicode-regex': [ '7.29.7' ],
4973 silly audit   '@babel/plugin-transform-unicode-sets-regex': [ '7.29.7' ],
4973 silly audit   '@babel/preset-modules': [ '0.1.6-no-external-plugins' ],
4973 silly audit   'core-js-compat': [ '3.49.0' ],
4973 silly audit   '@babel/helper-skip-transparent-expression-wrappers': [ '7.29.7' ],
4973 silly audit   '@babel/helper-create-regexp-features-plugin': [ '7.29.7' ],
4973 silly audit   '@babel/helper-annotate-as-pure': [ '7.29.7' ],
4973 silly audit   'regexpu-core': [ '6.4.0' ],
4973 silly audit   '@babel/helper-remap-async-to-generator': [ '7.29.7' ],
4973 silly audit   '@babel/helper-wrap-function': [ '7.29.7' ],
4973 silly audit   '@babel/helper-create-class-features-plugin': [ '7.29.7' ],
4973 silly audit   '@babel/helper-member-expression-to-functions': [ '7.29.7' ],
4973 silly audit   '@babel/helper-optimise-call-expression': [ '7.29.7' ],
4973 silly audit   '@babel/helper-replace-supers': [ '7.29.7' ],
4973 silly audit   esutils: [ '2.0.3' ],
4973 silly audit   '@types/node': [ '26.1.2' ],
4973 silly audit   'source-map': [ '0.6.1' ],
4973 silly audit   '@types/imagemin': [ '9.0.1' ],
4973 silly audit   '@types/svgo': [ '1.3.6' ],
4973 silly audit   'undici-types': [ '8.3.0' ],
4973 silly audit   'find-cache-dir': [ '3.3.2' ],
4973 silly audit   'loader-utils': [ '2.0.4', '1.4.2' ],
4973 silly audit   'make-dir': [ '3.1.0' ],
4973 silly audit   'schema-utils': [ '2.7.1', '3.3.0', '4.3.3' ],
4973 silly audit   '@babel/helper-define-polyfill-provider': [ '0.6.8' ],
4973 silly audit   'lodash.debounce': [ '4.0.8' ],
4973 silly audit   resolve: [ '1.22.12' ],
4973 silly audit   'ansi-styles': [ '4.3.0' ],
4973 silly audit   'supports-color': [ '7.2.0', '8.1.1' ],
4973 silly audit   'color-convert': [ '2.0.1' ],
4973 silly audit   anymatch: [ '3.1.3' ],
4973 silly audit   braces: [ '3.0.3' ],
4973 silly audit   fsevents: [ '2.3.3' ],
4973 silly audit   'glob-parent': [ '5.1.2', '6.0.2' ],
4973 silly audit   'is-binary-path': [ '2.1.0' ],
4973 silly audit   'is-glob': [ '4.0.3' ],
4973 silly audit   'normalize-path': [ '3.0.0' ],
4973 silly audit   readdirp: [ '3.6.0' ],
4973 silly audit   picomatch: [ '2.3.2', '4.0.5' ],
4973 silly audit   'fill-range': [ '7.1.1' ],
4973 silly audit   '@colors/colors': [ '1.5.0' ],
4973 silly audit   'string-width': [ '4.2.3' ],
4973 silly audit   'color-name': [ '1.1.4' ],
4973 silly audit   'icss-utils': [ '5.1.0' ],
4973 silly audit   'postcss-modules-extract-imports': [ '3.1.0' ],
4973 silly audit   'postcss-modules-local-by-default': [ '4.2.0' ],
4973 silly audit   'postcss-modules-scope': [ '3.2.1' ],
4973 silly audit   'postcss-modules-values': [ '4.0.0' ],
4973 silly audit   'cssnano-preset-default': [ '5.2.14' ],
4973 silly audit   lilconfig: [ '2.1.0', '3.1.3' ],
4973 silly audit   yaml: [ '1.10.3', '2.9.0' ],
4973 silly audit   'css-declaration-sorter': [ '6.4.1' ],
4973 silly audit   'cssnano-utils': [ '3.1.0' ],
4973 silly audit   'postcss-calc': [ '8.2.4' ],
4973 silly audit   'postcss-colormin': [ '5.3.1' ],
4973 silly audit   'postcss-convert-values': [ '5.1.3' ],
4973 silly audit   'postcss-discard-comments': [ '5.1.2' ],
4973 silly audit   'postcss-discard-duplicates': [ '5.1.0' ],
4973 silly audit   'postcss-discard-empty': [ '5.1.1' ],
4973 silly audit   'postcss-discard-overridden': [ '5.1.0' ],
4973 silly audit   'postcss-merge-longhand': [ '5.1.7' ],
4973 silly audit   'postcss-merge-rules': [ '5.1.4' ],
4973 silly audit   'postcss-minify-font-values': [ '5.1.0' ],
4973 silly audit   'postcss-minify-gradients': [ '5.1.1' ],
4973 silly audit   'postcss-minify-params': [ '5.1.4' ],
4973 silly audit   'postcss-minify-selectors': [ '5.2.1' ],
4973 silly audit   'postcss-normalize-charset': [ '5.1.0' ],
4973 silly audit   'postcss-normalize-display-values': [ '5.1.0' ],
4973 silly audit   'postcss-normalize-positions': [ '5.1.1' ],
4973 silly audit   'postcss-normalize-repeat-style': [ '5.1.1' ],
4973 silly audit   'postcss-normalize-string': [ '5.1.0' ],
4973 silly audit   'postcss-normalize-timing-functions': [ '5.1.0' ],
4973 silly audit   'postcss-normalize-unicode': [ '5.1.1' ],
4973 silly audit   'postcss-normalize-url': [ '5.1.0' ],
4973 silly audit   'postcss-normalize-whitespace': [ '5.1.1' ],
4973 silly audit   'postcss-ordered-values': [ '5.1.3' ],
4973 silly audit   'postcss-reduce-initial': [ '5.1.2' ],
4973 silly audit   'postcss-reduce-transforms': [ '5.1.0' ],
4973 silly audit   'postcss-svgo': [ '5.1.0' ],
4973 silly audit   'postcss-unique-selectors': [ '5.1.1' ],
4973 silly audit   'to-regex-range': [ '5.0.1' ],
4973 silly audit   commondir: [ '1.0.1' ],
4973 silly audit   'pkg-dir': [ '4.2.0' ],
4973 silly audit   'graceful-fs': [ '4.2.11' ],
4973 silly audit   jsonfile: [ '6.2.1' ],
4973 silly audit   universalify: [ '2.0.1' ],
4973 silly audit   'fs.realpath': [ '1.0.0' ],
4973 silly audit   inflight: [ '1.0.6' ],
4973 silly audit   inherits: [ '2.0.4', '2.0.3' ],
4973 silly audit   minimatch: [ '3.1.5' ],
4973 silly audit   once: [ '1.4.0' ],
4973 silly audit   'path-is-absolute': [ '1.0.1' ],
4973 silly audit   'html-minifier-terser': [ '5.1.1' ],
4973 silly audit   htmlparser2: [ '4.1.0' ],
4973 silly audit   'camel-case': [ '4.1.2' ],
4973 silly audit   he: [ '1.2.0' ],
4973 silly audit   'param-case': [ '3.0.4' ],
4973 silly audit   relateurl: [ '0.2.7' ],
4973 silly audit   'pascal-case': [ '3.1.2' ],
4973 silly audit   tslib: [ '2.8.1' ],
4973 silly audit   domelementtype: [ '2.3.0' ],
4973 silly audit   domhandler: [ '3.3.0', '4.3.1' ],
4973 silly audit   domutils: [ '2.8.0' ],
4973 silly audit   entities: [ '2.2.0' ],
4973 silly audit   'dom-serializer': [ '1.4.1' ],
4973 silly audit   'file-type': [ '12.4.2' ],
4973 silly audit   globby: [ '10.0.2' ],
4973 silly audit   junk: [ '3.1.0' ],
4973 silly audit   'p-pipe': [ '3.1.0' ],
4973 silly audit   'replace-ext': [ '1.0.1' ],
4973 silly audit   '@types/glob': [ '7.2.0' ],
4973 silly audit   'array-union': [ '2.1.0' ],
4973 silly audit   'dir-glob': [ '3.0.1' ],
4973 silly audit   'fast-glob': [ '3.3.3' ],
4973 silly audit   ignore: [ '5.3.2' ],
4973 silly audit   merge2: [ '1.4.1' ],
4973 silly audit   slash: [ '3.0.0' ],
4973 silly audit   '@types/minimatch': [ '5.1.2' ],
4973 silly audit   'path-type': [ '4.0.0' ],
4973 silly audit   '@nodelib/fs.stat': [ '2.0.5' ],
4973 silly audit   '@nodelib/fs.walk': [ '1.2.8' ],
4973 silly audit   micromatch: [ '4.0.8' ],
4973 silly audit   '@nodelib/fs.scandir': [ '2.1.5' ],
4973 silly audit   fastq: [ '1.20.1' ],
4973 silly audit   'run-parallel': [ '1.2.0' ],
4973 silly audit   reusify: [ '1.1.0' ],
4973 silly audit   wrappy: [ '1.0.2' ],
4973 silly audit   'binary-extensions': [ '2.3.0' ],
4973 silly audit   'is-extglob': [ '2.1.1' ],
4973 silly audit   'vite-plugin-full-reload': [ '1.2.0' ],
4973 silly audit   'big.js': [ '5.2.2' ],
4973 silly audit   'emojis-list': [ '3.0.0' ],
4973 silly audit   yallist: [ '3.1.1' ],
4973 silly audit   charenc: [ '0.0.2' ],
4973 silly audit   crypt: [ '0.0.2' ],
4973 silly audit   'is-buffer': [ '1.1.6' ],
4973 silly audit   'mime-db': [ '1.52.0', '1.54.0' ],
4973 silly audit   'webpack-sources': [ '1.4.3', '3.5.1' ],
4973 silly audit   'brace-expansion': [ '1.1.18' ],
4973 silly audit   'balanced-match': [ '1.0.2' ],
4973 silly audit   'concat-map': [ '0.0.1' ],
4973 silly audit   assert: [ '1.5.1' ],
4973 silly audit   'browserify-zlib': [ '0.2.0' ],
4973 silly audit   buffer: [ '4.9.2' ],
4973 silly audit   'console-browserify': [ '1.2.0' ],
4973 silly audit   'constants-browserify': [ '1.0.0' ],
4973 silly audit   'crypto-browserify': [ '3.12.1' ],
4973 silly audit   'domain-browser': [ '1.2.0' ],
4973 silly audit   events: [ '3.3.0' ],
4973 silly audit   'https-browserify': [ '1.0.0' ],
4973 silly audit   'os-browserify': [ '0.3.0' ],
4973 silly audit   'path-browserify': [ '0.0.1' ],
4973 silly audit   process: [ '0.11.10' ],
4973 silly audit   punycode: [ '1.4.1', '2.3.1' ],
4973 silly audit   'querystring-es3': [ '0.2.1' ],
4973 silly audit   'readable-stream': [ '2.3.8', '3.6.2' ],
4973 silly audit   'stream-browserify': [ '2.0.2' ],
4973 silly audit   'stream-http': [ '2.8.3' ],
4973 silly audit   string_decoder: [ '1.3.0', '1.1.1' ],
4973 silly audit   'timers-browserify': [ '2.0.12' ],
4973 silly audit   'tty-browserify': [ '0.0.0' ],
4973 silly audit   url: [ '0.11.4' ],
4973 silly audit   util: [ '0.11.1', '0.10.4' ],
4973 silly audit   'vm-browserify': [ '1.1.2' ],
4973 silly audit   'object.assign': [ '4.1.7' ],
4973 silly audit   'base64-js': [ '1.5.1' ],
4973 silly audit   ieee754: [ '1.2.1' ],
4973 silly audit   isarray: [ '1.0.0', '2.0.5' ],
4973 silly audit   'browserify-cipher': [ '1.0.1' ],
4973 silly audit   'browserify-sign': [ '4.2.6' ],
4973 silly audit   'create-ecdh': [ '4.0.4' ],
4973 silly audit   'create-hash': [ '1.2.0' ],
4973 silly audit   'create-hmac': [ '1.1.7' ],
4973 silly audit   'diffie-hellman': [ '5.0.3' ],
4973 silly audit   'hash-base': [ '3.0.5', '3.1.2' ],
4973 silly audit   pbkdf2: [ '3.1.6' ],
4973 silly audit   'public-encrypt': [ '4.0.3' ],
4973 silly audit   randombytes: [ '2.1.0' ],
4973 silly audit   randomfill: [ '1.0.4' ],
4973 silly audit   'browserify-aes': [ '1.2.0' ],
4973 silly audit   'browserify-des': [ '1.0.2' ],
4973 silly audit   evp_bytestokey: [ '1.0.3' ],
4973 silly audit   'buffer-xor': [ '1.0.3' ],
4973 silly audit   'cipher-base': [ '1.0.7' ],
4973 silly audit   'safe-buffer': [ '5.2.1', '5.1.2' ],
4973 silly audit   'des.js': [ '1.1.0' ],
4973 silly audit   'bn.js': [ '5.2.5', '4.12.5' ],
4973 silly audit   'browserify-rsa': [ '4.1.1' ],
4973 silly audit   elliptic: [ '6.6.1' ],
4973 silly audit   'parse-asn1': [ '5.1.9' ],
4973 silly audit   'to-buffer': [ '1.2.2' ],
4973 silly audit   'md5.js': [ '1.3.5' ],
4973 silly audit   ripemd160: [ '2.0.3' ],
4973 silly audit   'sha.js': [ '2.4.12' ],
4973 silly audit   'minimalistic-assert': [ '1.0.1' ],
4973 silly audit   'miller-rabin': [ '4.0.1' ],
4973 silly audit   brorand: [ '1.1.0' ],
4973 silly audit   'hash.js': [ '1.1.7' ],
4973 silly audit   'hmac-drbg': [ '1.0.1' ],
4973 silly audit   'minimalistic-crypto-utils': [ '1.0.1' ],
4973 silly audit   'call-bind': [ '1.0.9' ],
4973 silly audit   'call-bound': [ '1.0.4' ],
4973 silly audit   'define-properties': [ '1.2.1' ],
4973 silly audit   'object-keys': [ '1.1.1' ],
4973 silly audit   'set-function-length': [ '1.2.2' ],
4973 silly audit   'define-data-property': [ '1.1.4' ],
4973 silly audit   'has-property-descriptors': [ '1.0.2' ],
4973 silly audit   'dot-case': [ '3.0.4' ],
4973 silly audit   'no-case': [ '3.0.4' ],
4973 silly audit   'lower-case': [ '2.0.2' ],
4973 silly audit   'asn1.js': [ '4.10.1' ],
4973 silly audit   'find-up': [ '4.1.0' ],
4973 silly audit   'locate-path': [ '5.0.0' ],
4973 silly audit   'path-exists': [ '4.0.0' ],
4973 silly audit   'p-locate': [ '4.1.0' ],
4973 silly audit   'p-limit': [ '2.3.0' ],
4973 silly audit   'p-try': [ '2.2.0' ],
4973 silly audit   nanoid: [ '3.3.16' ],
4973 silly audit   'source-map-js': [ '1.2.1' ],
4973 silly audit   'postcss-selector-parser': [ '6.1.4', '7.1.4' ],
4973 silly audit   'caniuse-api': [ '3.0.0' ],
4973 silly audit   colord: [ '2.9.3' ],
4973 silly audit   'lodash.memoize': [ '4.1.2' ],
4973 silly audit   'lodash.uniq': [ '4.5.0' ],
4973 silly audit   cosmiconfig: [ '7.1.0' ],
4973 silly audit   klona: [ '2.0.6' ],
4973 silly audit   '@types/parse-json': [ '4.0.2' ],
4973 silly audit   'import-fresh': [ '3.3.1' ],
4973 silly audit   'parse-json': [ '5.2.0' ],
4973 silly audit   'parent-module': [ '1.0.1' ],
4973 silly audit   'resolve-from': [ '4.0.0', '5.0.0' ],
4973 silly audit   callsites: [ '3.1.0' ],
4973 silly audit   'error-ex': [ '1.3.4' ],
4973 silly audit   'json-parse-even-better-errors': [ '2.3.1' ],
4973 silly audit   'lines-and-columns': [ '1.2.4' ],
4973 silly audit   'is-arrayish': [ '0.2.1' ],
4973 silly audit   stylehacks: [ '5.1.1' ],
4973 silly audit   'normalize-url': [ '6.1.0' ],
4973 silly audit   cssesc: [ '3.0.0' ],
4973 silly audit   'util-deprecate': [ '1.0.2' ],
4973 silly audit   svgo: [ '2.8.3' ],
4973 silly audit   'side-channel': [ '1.1.1' ],
4973 silly audit   'performance-now': [ '2.1.0' ],
4973 silly audit   'loose-envify': [ '1.4.0' ],
4973 silly audit   scheduler: [ '0.23.2' ],
4973 silly audit   'prop-types': [ '15.8.1' ],
4973 silly audit   'react-async-script': [ '1.2.0' ],
4973 silly audit   'object-assign': [ '4.1.1' ],
4973 silly audit   'react-is': [ '16.13.1' ],
4973 silly audit   'hoist-non-react-statics': [ '3.3.2' ],
4973 silly audit   exenv: [ '1.2.2' ],
4973 silly audit   'react-lifecycles-compat': [ '3.0.4' ],
4973 silly audit   warning: [ '4.0.3' ],
4973 silly audit   'core-util-is': [ '1.0.3' ],
4973 silly audit   'process-nextick-args': [ '2.0.1' ],
4973 silly audit   regenerate: [ '1.4.2' ],
4973 silly audit   'regenerate-unicode-properties': [ '10.2.2' ],
4973 silly audit   regjsgen: [ '0.8.0' ],
4973 silly audit   regjsparser: [ '0.13.2' ],
4973 silly audit   'unicode-match-property-ecmascript': [ '2.0.0' ],
4973 silly audit   'unicode-match-property-value-ecmascript': [ '2.2.1' ],
4973 silly audit   'is-core-module': [ '2.16.2' ],
4973 silly audit   'path-parse': [ '1.0.7' ],
4973 silly audit   'supports-preserve-symlinks-flag': [ '1.0.0' ],
4973 silly audit   '@rollup/rollup-android-arm-eabi': [ '4.62.3' ],
4973 silly audit   '@rollup/rollup-android-arm64': [ '4.62.3' ],
4973 silly audit   '@rollup/rollup-darwin-arm64': [ '4.62.3' ],
4973 silly audit   '@rollup/rollup-darwin-x64': [ '4.62.3' ],
4973 silly audit   '@rollup/rollup-freebsd-arm64': [ '4.62.3' ],
4973 silly audit   '@rollup/rollup-freebsd-x64': [ '4.62.3' ],
4973 silly audit   '@rollup/rollup-linux-arm-gnueabihf': [ '4.62.3' ],
4973 silly audit   '@rollup/rollup-linux-arm-musleabihf': [ '4.62.3' ],
4973 silly audit   '@rollup/rollup-linux-arm64-gnu': [ '4.62.3' ],
4973 silly audit   '@rollup/rollup-linux-arm64-musl': [ '4.62.3' ],
4973 silly audit   '@rollup/rollup-linux-loong64-gnu': [ '4.62.3' ],
4973 silly audit   '@rollup/rollup-linux-loong64-musl': [ '4.62.3' ],
4973 silly audit   '@rollup/rollup-linux-ppc64-gnu': [ '4.62.3' ],
4973 silly audit   '@rollup/rollup-linux-ppc64-musl': [ '4.62.3' ],
4973 silly audit   '@rollup/rollup-linux-riscv64-gnu': [ '4.62.3' ],
4973 silly audit   '@rollup/rollup-linux-riscv64-musl': [ '4.62.3' ],
4973 silly audit   '@rollup/rollup-linux-s390x-gnu': [ '4.62.3' ],
4973 silly audit   '@rollup/rollup-linux-x64-gnu': [ '4.62.3' ],
4973 silly audit   '@rollup/rollup-linux-x64-musl': [ '4.62.3' ],
4973 silly audit   '@rollup/rollup-openbsd-x64': [ '4.62.3' ],
4973 silly audit   '@rollup/rollup-openharmony-arm64': [ '4.62.3' ],
4973 silly audit   '@rollup/rollup-win32-arm64-msvc': [ '4.62.3' ],
4973 silly audit   '@rollup/rollup-win32-ia32-msvc': [ '4.62.3' ],
4973 silly audit   '@rollup/rollup-win32-x64-gnu': [ '4.62.3' ],
4973 silly audit   '@rollup/rollup-win32-x64-msvc': [ '4.62.3' ],
4973 silly audit   '@types/estree': [ '1.0.9' ],
4973 silly audit   'queue-microtask': [ '1.2.3' ],
4973 silly audit   '@types/json-schema': [ '7.0.15' ],
4973 silly audit   ajv: [ '6.15.0', '8.20.0' ],
4973 silly audit   'ajv-keywords': [ '3.5.2', '5.1.0' ],
4973 silly audit   'fast-deep-equal': [ '3.1.3' ],
4973 silly audit   'fast-json-stable-stringify': [ '2.1.0' ],
4973 silly audit   'json-schema-traverse': [ '0.4.1', '1.0.0' ],
4973 silly audit   'uri-js': [ '4.4.1' ],
4973 silly audit   'object-inspect': [ '1.13.4' ],
4973 silly audit   'side-channel-list': [ '1.0.1' ],
4973 silly audit   'side-channel-map': [ '1.0.1' ],
4973 silly audit   'side-channel-weakmap': [ '1.0.2' ],
4973 silly audit   '@socket.io/component-emitter': [ '3.1.2' ],
4973 silly audit   'engine.io-client': [ '6.6.6' ],
4973 silly audit   'socket.io-parser': [ '4.2.7' ],
4973 silly audit   'engine.io-parser': [ '5.2.3' ],
4973 silly audit   ws: [ '8.21.1' ],
4973 silly audit   'xmlhttprequest-ssl': [ '2.1.2' ],
4973 silly audit   'crypto-js': [ '4.2.0' ],
4973 silly audit   'string-similarity': [ '4.0.4' ],
4973 silly audit   'builtin-status-codes': [ '3.0.0' ],
4973 silly audit   'to-arraybuffer': [ '1.0.1' ],
4973 silly audit   xtend: [ '4.0.2' ],
4973 silly audit   'emoji-regex': [ '8.0.0' ],
4973 silly audit   'is-fullwidth-code-point': [ '3.0.0' ],
4973 silly audit   'ansi-regex': [ '5.0.1' ],
4973 silly audit   'has-flag': [ '4.0.0' ],
4973 silly audit   'css-select': [ '4.3.0' ],
4973 silly audit   'css-tree': [ '1.1.3' ],
4973 silly audit   csso: [ '4.2.0' ],
4973 silly audit   sax: [ '1.6.1' ],
4973 silly audit   stable: [ '0.1.8' ],
4973 silly audit   boolbase: [ '1.0.0' ],
4973 silly audit   'css-what': [ '6.2.2' ],
4973 silly audit   'nth-check': [ '2.1.1' ],
4973 silly audit   'mdn-data': [ '2.0.14' ],
4973 silly audit   '@alloc/quick-lru': [ '5.2.0' ],
4973 silly audit   arg: [ '5.0.2' ],
4973 silly audit   didyoumean: [ '1.2.2' ],
4973 silly audit   dlv: [ '1.1.3' ],
4973 silly audit   jiti: [ '1.21.7' ],
4973 silly audit   'object-hash': [ '3.0.0' ],
4973 silly audit   'postcss-import': [ '15.1.0' ],
4973 silly audit   'postcss-js': [ '4.1.0' ],
4973 silly audit   'postcss-nested': [ '6.2.0' ],
4973 silly audit   sucrase: [ '3.35.1' ],
4973 silly audit   'read-cache': [ '1.0.0' ],
4973 silly audit   'camelcase-css': [ '2.0.1' ],
4973 silly audit   pify: [ '2.3.0' ],
4973 silly audit   mz: [ '2.7.0' ],
4973 silly audit   pirates: [ '4.0.7' ],
4973 silly audit   tinyglobby: [ '0.2.17' ],
4973 silly audit   'ts-interface-checker': [ '0.1.13' ],
4973 silly audit   'any-promise': [ '1.3.0' ],
4973 silly audit   'thenify-all': [ '1.6.0' ],
4973 silly audit   '@jridgewell/source-map': [ '0.3.11' ],
4973 silly audit   acorn: [ '8.18.0' ],
4973 silly audit   'source-map-support': [ '0.5.21' ],
4973 silly audit   'buffer-from': [ '1.1.2' ],
4973 silly audit   'jest-worker': [ '27.5.1' ],
4973 silly audit   'merge-stream': [ '2.0.0' ],
4973 silly audit   thenify: [ '3.3.1' ],
4973 silly audit   setimmediate: [ '1.0.5' ],
4973 silly audit   fdir: [ '6.5.0' ],
4973 silly audit   'typed-array-buffer': [ '1.0.3' ],
4973 silly audit   'is-number': [ '7.0.0' ],
4973 silly audit   'is-typed-array': [ '1.1.15' ],
4973 silly audit   'which-typed-array': [ '1.1.22' ],
4973 silly audit   'unicode-canonical-property-names-ecmascript': [ '2.0.1' ],
4973 silly audit   'unicode-property-aliases-ecmascript': [ '2.2.0' ],
4973 silly audit   escalade: [ '3.2.0' ],
4973 silly audit   'base64-arraybuffer': [ '1.0.2' ],
4973 silly audit   esbuild: [ '0.21.5' ],
4973 silly audit   '@esbuild/aix-ppc64': [ '0.21.5' ],
4973 silly audit   '@esbuild/android-arm': [ '0.21.5' ],
4973 silly audit   '@esbuild/android-arm64': [ '0.21.5' ],
4973 silly audit   '@esbuild/android-x64': [ '0.21.5' ],
4973 silly audit   '@esbuild/darwin-arm64': [ '0.21.5' ],
4973 silly audit   '@esbuild/darwin-x64': [ '0.21.5' ],
4973 silly audit   '@esbuild/freebsd-arm64': [ '0.21.5' ],
4973 silly audit   '@esbuild/freebsd-x64': [ '0.21.5' ],
4973 silly audit   '@esbuild/linux-arm': [ '0.21.5' ],
4973 silly audit   '@esbuild/linux-arm64': [ '0.21.5' ],
4973 silly audit   '@esbuild/linux-ia32': [ '0.21.5' ],
4973 silly audit   '@esbuild/linux-loong64': [ '0.21.5' ],
4973 silly audit   '@esbuild/linux-mips64el': [ '0.21.5' ],
4973 silly audit   '@esbuild/linux-ppc64': [ '0.21.5' ],
4973 silly audit   '@esbuild/linux-riscv64': [ '0.21.5' ],
4973 silly audit   '@esbuild/linux-s390x': [ '0.21.5' ],
4973 silly audit   '@esbuild/linux-x64': [ '0.21.5' ],
4973 silly audit   '@esbuild/netbsd-x64': [ '0.21.5' ],
4973 silly audit   '@esbuild/openbsd-x64': [ '0.21.5' ],
4973 silly audit   '@esbuild/sunos-x64': [ '0.21.5' ],
4973 silly audit   '@esbuild/win32-arm64': [ '0.21.5' ],
4973 silly audit   '@esbuild/win32-ia32': [ '0.21.5' ],
4973 silly audit   '@esbuild/win32-x64': [ '0.21.5' ],
4973 silly audit   'hash-sum': [ '1.0.2' ],
4973 silly audit   '@webassemblyjs/ast': [ '1.14.1' ],
4973 silly audit   '@webassemblyjs/wasm-edit': [ '1.14.1' ],
4973 silly audit   '@webassemblyjs/wasm-parser': [ '1.14.1' ],
4973 silly audit   'chrome-trace-event': [ '1.0.4' ],
4973 silly audit   'enhanced-resolve': [ '5.24.5' ],
4973 silly audit   'es-module-lexer': [ '2.3.1' ],
4973 silly audit   'eslint-scope': [ '5.1.1' ],
4973 silly audit   'minimizer-webpack-plugin': [ '5.6.1' ],
4973 silly audit   'neo-async': [ '2.6.2' ],
4973 silly audit   tapable: [ '2.3.3' ],
4973 silly audit   watchpack: [ '2.5.2' ],
4973 silly audit   '@webassemblyjs/helper-numbers': [ '1.13.2' ],
4973 silly audit   '@webassemblyjs/helper-wasm-bytecode': [ '1.13.2' ],
4973 silly audit   '@webassemblyjs/floating-point-hex-parser': [ '1.13.2' ],
4973 silly audit   '@webassemblyjs/helper-api-error': [ '1.13.2' ],
4973 silly audit   '@xtuc/long': [ '4.2.2' ],
4973 silly audit   '@webassemblyjs/helper-buffer': [ '1.14.1' ],
4973 silly audit   '@webassemblyjs/helper-wasm-section': [ '1.14.1' ],
4973 silly audit   '@webassemblyjs/wasm-gen': [ '1.14.1' ],
4973 silly audit   '@webassemblyjs/wasm-opt': [ '1.14.1' ],
4973 silly audit   '@webassemblyjs/wast-printer': [ '1.14.1' ],
4973 silly audit   '@webassemblyjs/ieee754': [ '1.13.2' ],
4973 silly audit   '@webassemblyjs/leb128': [ '1.13.2' ],
4973 silly audit   '@webassemblyjs/utf8': [ '1.13.2' ],
4973 silly audit   '@xtuc/ieee754': [ '1.2.0' ],
4973 silly audit   esrecurse: [ '4.3.0' ],
4973 silly audit   estraverse: [ '4.3.0', '5.3.0' ],
4973 silly audit   '@discoveryjs/json-ext': [ '0.5.7' ],
4973 silly audit   '@webpack-cli/configtest': [ '1.2.0' ],
4973 silly audit   '@webpack-cli/info': [ '1.5.0' ],
4973 silly audit   '@webpack-cli/serve': [ '1.7.0' ],
4973 silly audit   colorette: [ '2.0.20' ],
4973 silly audit   'cross-spawn': [ '7.0.6' ],
4973 silly audit   'fastest-levenshtein': [ '1.0.16' ],
4973 silly audit   'import-local': [ '3.2.0' ],
4973 silly audit   interpret: [ '2.2.0' ],
4973 silly audit   rechoir: [ '0.7.1' ],
4973 silly audit   envinfo: [ '7.21.0' ],
4973 silly audit   'path-key': [ '3.1.1' ],
4973 silly audit   'shebang-command': [ '2.0.0' ],
4973 silly audit   which: [ '2.0.2' ],
4973 silly audit   'resolve-cwd': [ '3.0.0' ],
4973 silly audit   'shebang-regex': [ '3.0.0' ],
4973 silly audit   '@types/bonjour': [ '3.5.13' ],
4973 silly audit   '@types/connect-history-api-fallback': [ '1.5.4' ],
4973 silly audit   '@types/express': [ '4.17.25' ],
4973 silly audit   '@types/serve-index': [ '1.9.4' ],
4973 silly audit   '@types/serve-static': [ '1.15.10' ],
4973 silly audit   '@types/sockjs': [ '0.3.36' ],
4973 silly audit   '@types/ws': [ '8.18.1' ],
4973 silly audit   'ansi-html-community': [ '0.0.8' ],
4973 silly audit   'bonjour-service': [ '1.4.4' ],
4973 silly audit   compression: [ '1.8.1' ],
4973 silly audit   'connect-history-api-fallback': [ '2.0.0' ],
4973 silly audit   'default-gateway': [ '6.0.3' ],
4973 silly audit   express: [ '4.22.2' ],
4973 silly audit   'html-entities': [ '2.6.0' ],
4973 silly audit   'http-proxy-middleware': [ '2.0.10' ],
4973 silly audit   'ipaddr.js': [ '2.4.0', '1.9.1' ],
4973 silly audit   'launch-editor': [ '2.14.1' ],
4973 silly audit   open: [ '8.4.2' ],
4973 silly audit   'p-retry': [ '4.6.2' ],
4973 silly audit   rimraf: [ '3.0.2' ],
4973 silly audit   selfsigned: [ '2.4.1' ],
4973 silly audit   'serve-index': [ '1.9.2' ],
4973 silly audit   sockjs: [ '0.3.24' ],
4973 silly audit   spdy: [ '4.0.2' ],
4973 silly audit   'webpack-dev-middleware': [ '5.3.4' ],
4973 silly audit   '@types/express-serve-static-core': [ '5.1.2', '4.19.9' ],
4973 silly audit   '@types/body-parser': [ '1.19.6' ],
4973 silly audit   '@types/qs': [ '6.15.1' ],
4973 silly audit   '@types/connect': [ '3.4.38' ],
4973 silly audit   '@types/range-parser': [ '1.2.7' ],
4973 silly audit   '@types/send': [ '1.2.1', '0.17.6' ],
4973 silly audit   '@types/http-errors': [ '2.0.5' ],
4973 silly audit   'multicast-dns': [ '7.2.5' ],
4973 silly audit   bytes: [ '3.1.2' ],
4973 silly audit   compressible: [ '2.0.18' ],
4973 silly audit   negotiator: [ '0.6.4', '0.6.3' ],
4973 silly audit   'on-headers': [ '1.1.0' ],
4973 silly audit   vary: [ '1.1.2' ],
4973 silly audit   execa: [ '5.1.1' ],
4973 silly audit   'get-stream': [ '6.0.1' ],
4973 silly audit   'human-signals': [ '2.1.0' ],
4973 silly audit   'is-stream': [ '2.0.1' ],
4973 silly audit   'npm-run-path': [ '4.0.1' ],
4973 silly audit   onetime: [ '5.1.2' ],
4973 silly audit   'signal-exit': [ '3.0.7' ],
4973 silly audit   'strip-final-newline': [ '2.0.0' ],
4973 silly audit   accepts: [ '1.3.8' ],
4973 silly audit   'array-flatten': [ '1.1.1' ],
4973 silly audit   'body-parser': [ '1.20.6' ],
4973 silly audit   'content-disposition': [ '0.5.4' ],
4973 silly audit   'content-type': [ '1.0.5' ],
4973 silly audit   cookie: [ '0.7.2' ],
4973 silly audit   'cookie-signature': [ '1.0.7' ],
4973 silly audit   depd: [ '2.0.0', '1.1.2' ],
4973 silly audit   encodeurl: [ '2.0.0' ],
4973 silly audit   'escape-html': [ '1.0.3' ],
4973 silly audit   etag: [ '1.8.1' ],
4973 silly audit   finalhandler: [ '1.3.2' ],
4973 silly audit   fresh: [ '0.5.2' ],
4973 silly audit   'http-errors': [ '2.0.1', '1.8.1' ],
4973 silly audit   'merge-descriptors': [ '1.0.3' ],
4973 silly audit   methods: [ '1.1.2' ],
4973 silly audit   'on-finished': [ '2.4.1' ],
4973 silly audit   parseurl: [ '1.3.3' ],
4973 silly audit   'path-to-regexp': [ '0.1.13' ],
4973 silly audit   'proxy-addr': [ '2.0.7' ],
4973 silly audit   'range-parser': [ '1.2.1' ],
4973 silly audit   send: [ '0.19.2' ],
4973 silly audit   'serve-static': [ '1.16.3' ],
4973 silly audit   setprototypeof: [ '1.2.0' ],
4973 silly audit   statuses: [ '2.0.2', '1.5.0' ],
4973 silly audit   'type-is': [ '1.6.18' ],
4973 silly audit   'utils-merge': [ '1.0.1' ],
4973 silly audit   destroy: [ '1.2.0' ],
4973 silly audit   'iconv-lite': [ '0.4.24' ],
4973 silly audit   'raw-body': [ '2.5.3' ],
4973 silly audit   unpipe: [ '1.0.0' ],
4973 silly audit   toidentifier: [ '1.0.1' ],
4973 silly audit   '@types/http-proxy': [ '1.17.17' ],
4973 silly audit   'http-proxy': [ '1.18.1' ],
4973 silly audit   'is-plain-obj': [ '3.0.0' ],
4973 silly audit   eventemitter3: [ '4.0.7' ],
4973 silly audit   'requires-port': [ '1.0.0' ],
4973 silly audit   'safer-buffer': [ '2.1.2' ],
4973 silly audit   'shell-quote': [ '1.10.0' ],
4973 silly audit   'dns-packet': [ '5.6.1' ],
4973 silly audit   thunky: [ '1.1.0' ],
4973 silly audit   '@leichtgewicht/ip-codec': [ '2.0.5' ],
4973 silly audit   'ee-first': [ '1.1.1' ],
4973 silly audit   'mimic-fn': [ '2.1.0' ],
4973 silly audit   'define-lazy-prop': [ '2.0.0' ],
4973 silly audit   'is-docker': [ '2.2.1' ],
4973 silly audit   'is-wsl': [ '2.2.0' ],
4973 silly audit   '@types/retry': [ '0.12.0' ],
4973 silly audit   retry: [ '0.13.1' ],
4973 silly audit   forwarded: [ '0.2.0' ],
4973 silly audit   '@types/node-forge': [ '1.3.14' ],
4973 silly audit   'node-forge': [ '1.4.0' ],
4973 silly audit   mime: [ '1.6.0' ],
4973 silly audit   batch: [ '0.6.1' ],
4973 silly audit   'faye-websocket': [ '0.11.4' ],
4973 silly audit   uuid: [ '8.3.2' ],
4973 silly audit   'websocket-driver': [ '0.7.5' ],
4973 silly audit   'handle-thing': [ '2.0.1' ],
4973 silly audit   'http-deceiver': [ '1.2.7' ],
4973 silly audit   'select-hose': [ '2.0.0' ],
4973 silly audit   'spdy-transport': [ '3.0.0' ],
4973 silly audit   'detect-node': [ '2.1.0' ],
4973 silly audit   'hpack.js': [ '2.1.6' ],
4973 silly audit   obuf: [ '1.1.2' ],
4973 silly audit   wbuf: [ '1.7.3' ],
4973 silly audit   'media-typer': [ '0.3.0' ],
4973 silly audit   memfs: [ '3.5.3' ],
4973 silly audit   'fs-monkey': [ '1.1.0' ],
4973 silly audit   'clone-deep': [ '4.0.1' ],
4973 silly audit   flat: [ '5.0.2' ],
4973 silly audit   wildcard: [ '2.0.1' ],
4973 silly audit   'is-plain-object': [ '2.0.4' ],
4973 silly audit   'kind-of': [ '6.0.3' ],
4973 silly audit   'shallow-clone': [ '3.0.1' ],
4973 silly audit   isobject: [ '3.0.1' ],
4973 silly audit   'node-notifier': [ '9.0.1' ],
4973 silly audit   growly: [ '1.3.0' ],
4973 silly audit   shellwords: [ '0.1.1' ],
4973 silly audit   'source-list-map': [ '2.0.1' ],
4973 silly audit   consola: [ '2.15.3' ],
4973 silly audit   'pretty-time': [ '1.1.0' ],
4973 silly audit   'std-env': [ '3.10.0' ],
4973 silly audit   'http-parser-js': [ '0.5.10' ],
4973 silly audit   'websocket-extensions': [ '0.1.4' ],
4973 silly audit   isexe: [ '2.0.0' ],
4973 silly audit   'available-typed-arrays': [ '1.0.7' ],
4973 silly audit   'for-each': [ '0.3.5' ],
4973 silly audit   'possible-typed-array-names': [ '1.1.0' ],
4973 silly audit   'is-callable': [ '1.2.7' ],
4973 silly audit   cliui: [ '8.0.1' ],
4973 silly audit   'get-caller-file': [ '2.0.5' ],
4973 silly audit   'require-directory': [ '2.1.1' ],
4973 silly audit   y18n: [ '5.0.8' ],
4973 silly audit   'yargs-parser': [ '21.1.1' ],
4973 silly audit   'wrap-ansi': [ '7.0.0' ],
4973 silly audit   '@types/mime': [ '1.3.5' ],
4973 silly audit   minimist: [ '1.2.8' ],
4973 silly audit   'ajv-formats': [ '2.1.1' ],
4973 silly audit   'fast-uri': [ '3.1.5' ],
4973 silly audit   'require-from-string': [ '2.0.2' ]
4973 silly audit }
4974 http cache require-from-string@https://registry.npmjs.org/require-from-string/-/require-from-string-2.0.2.tgz 0ms (cache hit)
4975 http cache minimist@https://registry.npmjs.org/minimist/-/minimist-1.2.8.tgz 0ms (cache hit)
4976 http cache @types/mime@https://registry.npmjs.org/@types/mime/-/mime-1.3.5.tgz 0ms (cache hit)
4977 http cache fast-uri@https://registry.npmjs.org/fast-uri/-/fast-uri-3.1.5.tgz 0ms (cache hit)
4978 http cache ajv-formats@https://registry.npmjs.org/ajv-formats/-/ajv-formats-2.1.1.tgz 0ms (cache hit)
4979 http cache wrap-ansi@https://registry.npmjs.org/wrap-ansi/-/wrap-ansi-7.0.0.tgz 0ms (cache hit)
4980 http cache get-caller-file@https://registry.npmjs.org/get-caller-file/-/get-caller-file-2.0.5.tgz 0ms (cache hit)
4981 http cache require-directory@https://registry.npmjs.org/require-directory/-/require-directory-2.1.1.tgz 0ms (cache hit)
4982 http cache yargs-parser@https://registry.npmjs.org/yargs-parser/-/yargs-parser-21.1.1.tgz 0ms (cache hit)
4983 http cache cliui@https://registry.npmjs.org/cliui/-/cliui-8.0.1.tgz 0ms (cache hit)
4984 http cache y18n@https://registry.npmjs.org/y18n/-/y18n-5.0.8.tgz 0ms (cache hit)
4985 http cache possible-typed-array-names@https://registry.npmjs.org/possible-typed-array-names/-/possible-typed-array-names-1.1.0.tgz 0ms (cache hit)
4986 http cache is-callable@https://registry.npmjs.org/is-callable/-/is-callable-1.2.7.tgz 0ms (cache hit)
4987 http cache isexe@https://registry.npmjs.org/isexe/-/isexe-2.0.0.tgz 0ms (cache hit)
4988 http cache websocket-extensions@https://registry.npmjs.org/websocket-extensions/-/websocket-extensions-0.1.4.tgz 0ms (cache hit)
4989 http cache for-each@https://registry.npmjs.org/for-each/-/for-each-0.3.5.tgz 0ms (cache hit)
4990 http cache available-typed-arrays@https://registry.npmjs.org/available-typed-arrays/-/available-typed-arrays-1.0.7.tgz 0ms (cache hit)
4991 http cache pretty-time@https://registry.npmjs.org/pretty-time/-/pretty-time-1.1.0.tgz 0ms (cache hit)
4992 http cache http-parser-js@https://registry.npmjs.org/http-parser-js/-/http-parser-js-0.5.10.tgz 0ms (cache hit)
4993 http cache std-env@https://registry.npmjs.org/std-env/-/std-env-3.10.0.tgz 0ms (cache hit)
4994 http cache source-list-map@https://registry.npmjs.org/source-list-map/-/source-list-map-2.0.1.tgz 0ms (cache hit)
4995 http cache consola@https://registry.npmjs.org/consola/-/consola-2.15.3.tgz 0ms (cache hit)
4996 http cache shellwords@https://registry.npmjs.org/shellwords/-/shellwords-0.1.1.tgz 0ms (cache hit)
4997 http cache growly@https://registry.npmjs.org/growly/-/growly-1.3.0.tgz 0ms (cache hit)
4998 http cache shallow-clone@https://registry.npmjs.org/shallow-clone/-/shallow-clone-3.0.1.tgz 0ms (cache hit)
4999 http cache node-notifier@https://registry.npmjs.org/node-notifier/-/node-notifier-9.0.1.tgz 0ms (cache hit)
5000 http cache wildcard@https://registry.npmjs.org/wildcard/-/wildcard-2.0.1.tgz 0ms (cache hit)
5001 http cache isobject@https://registry.npmjs.org/isobject/-/isobject-3.0.1.tgz 0ms (cache hit)
5002 http cache kind-of@https://registry.npmjs.org/kind-of/-/kind-of-6.0.3.tgz 0ms (cache hit)
5003 http cache clone-deep@https://registry.npmjs.org/clone-deep/-/clone-deep-4.0.1.tgz 0ms (cache hit)
5004 http cache is-plain-object@https://registry.npmjs.org/is-plain-object/-/is-plain-object-2.0.4.tgz 0ms (cache hit)
5005 http cache fs-monkey@https://registry.npmjs.org/fs-monkey/-/fs-monkey-1.1.0.tgz 0ms (cache hit)
5006 http cache memfs@https://registry.npmjs.org/memfs/-/memfs-3.5.3.tgz 0ms (cache hit)
5007 http cache wbuf@https://registry.npmjs.org/wbuf/-/wbuf-1.7.3.tgz 0ms (cache hit)
5008 http cache flat@https://registry.npmjs.org/flat/-/flat-5.0.2.tgz 0ms (cache hit)
5009 http cache detect-node@https://registry.npmjs.org/detect-node/-/detect-node-2.1.0.tgz 0ms (cache hit)
5010 http cache hpack.js@https://registry.npmjs.org/hpack.js/-/hpack.js-2.1.6.tgz 0ms (cache hit)
5011 http cache media-typer@https://registry.npmjs.org/media-typer/-/media-typer-0.3.0.tgz 0ms (cache hit)
5012 http cache spdy-transport@https://registry.npmjs.org/spdy-transport/-/spdy-transport-3.0.0.tgz 0ms (cache hit)
5013 http cache select-hose@https://registry.npmjs.org/select-hose/-/select-hose-2.0.0.tgz 0ms (cache hit)
5014 http cache obuf@https://registry.npmjs.org/obuf/-/obuf-1.1.2.tgz 0ms (cache hit)
5015 http cache handle-thing@https://registry.npmjs.org/handle-thing/-/handle-thing-2.0.1.tgz 0ms (cache hit)
5016 http cache websocket-driver@https://registry.npmjs.org/websocket-driver/-/websocket-driver-0.7.5.tgz 0ms (cache hit)
5017 http cache faye-websocket@https://registry.npmjs.org/faye-websocket/-/faye-websocket-0.11.4.tgz 0ms (cache hit)
5018 http cache http-deceiver@https://registry.npmjs.org/http-deceiver/-/http-deceiver-1.2.7.tgz 0ms (cache hit)
5019 http cache batch@https://registry.npmjs.org/batch/-/batch-0.6.1.tgz 0ms (cache hit)
5020 http cache @types/node-forge@https://registry.npmjs.org/@types/node-forge/-/node-forge-1.3.14.tgz 0ms (cache hit)
5021 http cache forwarded@https://registry.npmjs.org/forwarded/-/forwarded-0.2.0.tgz 0ms (cache hit)
5022 http cache uuid@https://registry.npmjs.org/uuid/-/uuid-8.3.2.tgz 0ms (cache hit)
5023 http cache @types/retry@https://registry.npmjs.org/@types/retry/-/retry-0.12.0.tgz 0ms (cache hit)
5024 http cache mime@https://registry.npmjs.org/mime/-/mime-1.6.0.tgz 0ms (cache hit)
5025 http cache node-forge@https://registry.npmjs.org/node-forge/-/node-forge-1.4.0.tgz 0ms (cache hit)
5026 http cache retry@https://registry.npmjs.org/retry/-/retry-0.13.1.tgz 0ms (cache hit)
5027 http cache is-wsl@https://registry.npmjs.org/is-wsl/-/is-wsl-2.2.0.tgz 0ms (cache hit)
5028 http cache is-docker@https://registry.npmjs.org/is-docker/-/is-docker-2.2.1.tgz 0ms (cache hit)
5029 http cache define-lazy-prop@https://registry.npmjs.org/define-lazy-prop/-/define-lazy-prop-2.0.0.tgz 0ms (cache hit)
5030 http cache ee-first@https://registry.npmjs.org/ee-first/-/ee-first-1.1.1.tgz 0ms (cache hit)
5031 http cache thunky@https://registry.npmjs.org/thunky/-/thunky-1.1.0.tgz 0ms (cache hit)
5032 http cache mimic-fn@https://registry.npmjs.org/mimic-fn/-/mimic-fn-2.1.0.tgz 0ms (cache hit)
5033 http cache @leichtgewicht/ip-codec@https://registry.npmjs.org/@leichtgewicht/ip-codec/-/ip-codec-2.0.5.tgz 0ms (cache hit)
5034 http cache requires-port@https://registry.npmjs.org/requires-port/-/requires-port-1.0.0.tgz 0ms (cache hit)
5035 http cache shell-quote@https://registry.npmjs.org/shell-quote/-/shell-quote-1.10.0.tgz 0ms (cache hit)
5036 http cache dns-packet@https://registry.npmjs.org/dns-packet/-/dns-packet-5.6.1.tgz 0ms (cache hit)
5037 http cache eventemitter3@https://registry.npmjs.org/eventemitter3/-/eventemitter3-4.0.7.tgz 0ms (cache hit)
5038 http cache is-plain-obj@https://registry.npmjs.org/is-plain-obj/-/is-plain-obj-3.0.0.tgz 0ms (cache hit)
5039 http cache http-proxy@https://registry.npmjs.org/http-proxy/-/http-proxy-1.18.1.tgz 0ms (cache hit)
5040 http cache safer-buffer@https://registry.npmjs.org/safer-buffer/-/safer-buffer-2.1.2.tgz 0ms (cache hit)
5041 http cache @types/http-proxy@https://registry.npmjs.org/@types/http-proxy/-/http-proxy-1.17.17.tgz 0ms (cache hit)
5042 http cache toidentifier@https://registry.npmjs.org/toidentifier/-/toidentifier-1.0.1.tgz 0ms (cache hit)
5043 http cache raw-body@https://registry.npmjs.org/raw-body/-/raw-body-2.5.3.tgz 0ms (cache hit)
5044 http cache destroy@https://registry.npmjs.org/destroy/-/destroy-1.2.0.tgz 0ms (cache hit)
5045 http cache unpipe@https://registry.npmjs.org/unpipe/-/unpipe-1.0.0.tgz 0ms (cache hit)
5046 http cache iconv-lite@https://registry.npmjs.org/iconv-lite/-/iconv-lite-0.4.24.tgz 0ms (cache hit)
5047 http cache type-is@https://registry.npmjs.org/type-is/-/type-is-1.6.18.tgz 0ms (cache hit)
5048 http cache utils-merge@https://registry.npmjs.org/utils-merge/-/utils-merge-1.0.1.tgz 0ms (cache hit)
5049 http cache serve-static@https://registry.npmjs.org/serve-static/-/serve-static-1.16.3.tgz 0ms (cache hit)
5050 http cache range-parser@https://registry.npmjs.org/range-parser/-/range-parser-1.2.1.tgz 1ms (cache hit)
5051 http cache setprototypeof@https://registry.npmjs.org/setprototypeof/-/setprototypeof-1.2.0.tgz 0ms (cache hit)
5052 http cache statuses@https://registry.npmjs.org/statuses/-/statuses-2.0.2.tgz 0ms (cache hit)
5053 http cache send@https://registry.npmjs.org/send/-/send-0.19.2.tgz 0ms (cache hit)
5054 http cache proxy-addr@https://registry.npmjs.org/proxy-addr/-/proxy-addr-2.0.7.tgz 0ms (cache hit)
5055 http cache on-finished@https://registry.npmjs.org/on-finished/-/on-finished-2.4.1.tgz 0ms (cache hit)
5056 http cache methods@https://registry.npmjs.org/methods/-/methods-1.1.2.tgz 0ms (cache hit)
5057 http cache path-to-regexp@https://registry.npmjs.org/path-to-regexp/-/path-to-regexp-0.1.13.tgz 0ms (cache hit)
5058 http cache parseurl@https://registry.npmjs.org/parseurl/-/parseurl-1.3.3.tgz 0ms (cache hit)
5059 http cache merge-descriptors@https://registry.npmjs.org/merge-descriptors/-/merge-descriptors-1.0.3.tgz 0ms (cache hit)
5060 http cache http-errors@https://registry.npmjs.org/http-errors/-/http-errors-2.0.1.tgz 0ms (cache hit)
5061 http cache etag@https://registry.npmjs.org/etag/-/etag-1.8.1.tgz 0ms (cache hit)
5062 http cache finalhandler@https://registry.npmjs.org/finalhandler/-/finalhandler-1.3.2.tgz 0ms (cache hit)
5063 http cache fresh@https://registry.npmjs.org/fresh/-/fresh-0.5.2.tgz 0ms (cache hit)
5064 http cache escape-html@https://registry.npmjs.org/escape-html/-/escape-html-1.0.3.tgz 0ms (cache hit)
5065 http cache encodeurl@https://registry.npmjs.org/encodeurl/-/encodeurl-2.0.0.tgz 0ms (cache hit)
5066 http cache cookie@https://registry.npmjs.org/cookie/-/cookie-0.7.2.tgz 0ms (cache hit)
5067 http cache content-type@https://registry.npmjs.org/content-type/-/content-type-1.0.5.tgz 0ms (cache hit)
5068 http cache depd@https://registry.npmjs.org/depd/-/depd-2.0.0.tgz 0ms (cache hit)
5069 http cache cookie-signature@https://registry.npmjs.org/cookie-signature/-/cookie-signature-1.0.7.tgz 0ms (cache hit)
5070 http cache array-flatten@https://registry.npmjs.org/array-flatten/-/array-flatten-1.1.1.tgz 0ms (cache hit)
5071 http cache body-parser@https://registry.npmjs.org/body-parser/-/body-parser-1.20.6.tgz 0ms (cache hit)
5072 http cache accepts@https://registry.npmjs.org/accepts/-/accepts-1.3.8.tgz 0ms (cache hit)
5073 http cache signal-exit@https://registry.npmjs.org/signal-exit/-/signal-exit-3.0.7.tgz 0ms (cache hit)
5074 http cache content-disposition@https://registry.npmjs.org/content-disposition/-/content-disposition-0.5.4.tgz 0ms (cache hit)
5075 http cache strip-final-newline@https://registry.npmjs.org/strip-final-newline/-/strip-final-newline-2.0.0.tgz 0ms (cache hit)
5076 http cache get-stream@https://registry.npmjs.org/get-stream/-/get-stream-6.0.1.tgz 0ms (cache hit)
5077 http cache npm-run-path@https://registry.npmjs.org/npm-run-path/-/npm-run-path-4.0.1.tgz 0ms (cache hit)
5078 http cache onetime@https://registry.npmjs.org/onetime/-/onetime-5.1.2.tgz 0ms (cache hit)
5079 http cache is-stream@https://registry.npmjs.org/is-stream/-/is-stream-2.0.1.tgz 0ms (cache hit)
5080 http cache human-signals@https://registry.npmjs.org/human-signals/-/human-signals-2.1.0.tgz 0ms (cache hit)
5081 http cache execa@https://registry.npmjs.org/execa/-/execa-5.1.1.tgz 0ms (cache hit)
5082 http cache negotiator@https://registry.npmjs.org/negotiator/-/negotiator-0.6.4.tgz 0ms (cache hit)
5083 http cache vary@https://registry.npmjs.org/vary/-/vary-1.1.2.tgz 0ms (cache hit)
5084 http cache @types/http-errors@https://registry.npmjs.org/@types/http-errors/-/http-errors-2.0.5.tgz 0ms (cache hit)
5085 http cache on-headers@https://registry.npmjs.org/on-headers/-/on-headers-1.1.0.tgz 0ms (cache hit)
5086 http cache compressible@https://registry.npmjs.org/compressible/-/compressible-2.0.18.tgz 0ms (cache hit)
5087 http cache multicast-dns@https://registry.npmjs.org/multicast-dns/-/multicast-dns-7.2.5.tgz 0ms (cache hit)
5088 http cache @types/range-parser@https://registry.npmjs.org/@types/range-parser/-/range-parser-1.2.7.tgz 0ms (cache hit)
5089 http cache @types/connect@https://registry.npmjs.org/@types/connect/-/connect-3.4.38.tgz 0ms (cache hit)
5090 http cache bytes@https://registry.npmjs.org/bytes/-/bytes-3.1.2.tgz 0ms (cache hit)
5091 http cache @types/send@https://registry.npmjs.org/@types/send/-/send-1.2.1.tgz 0ms (cache hit)
5092 http cache @types/qs@https://registry.npmjs.org/@types/qs/-/qs-6.15.1.tgz 0ms (cache hit)
5093 http cache webpack-dev-middleware@https://registry.npmjs.org/webpack-dev-middleware/-/webpack-dev-middleware-5.3.4.tgz 0ms (cache hit)
5094 http cache spdy@https://registry.npmjs.org/spdy/-/spdy-4.0.2.tgz 0ms (cache hit)
5095 http cache @types/body-parser@https://registry.npmjs.org/@types/body-parser/-/body-parser-1.19.6.tgz 0ms (cache hit)
5096 http cache serve-index@https://registry.npmjs.org/serve-index/-/serve-index-1.9.2.tgz 0ms (cache hit)
5097 http cache rimraf@https://registry.npmjs.org/rimraf/-/rimraf-3.0.2.tgz 0ms (cache hit)
5098 http cache sockjs@https://registry.npmjs.org/sockjs/-/sockjs-0.3.24.tgz 0ms (cache hit)
5099 http cache p-retry@https://registry.npmjs.org/p-retry/-/p-retry-4.6.2.tgz 0ms (cache hit)
5100 http cache @types/express-serve-static-core@https://registry.npmjs.org/@types/express-serve-static-core/-/express-serve-static-core-5.1.2.tgz 0ms (cache hit)
5101 http cache open@https://registry.npmjs.org/open/-/open-8.4.2.tgz 0ms (cache hit)
5102 http cache launch-editor@https://registry.npmjs.org/launch-editor/-/launch-editor-2.14.1.tgz 0ms (cache hit)
5103 http cache html-entities@https://registry.npmjs.org/html-entities/-/html-entities-2.6.0.tgz 0ms (cache hit)
5104 http cache ipaddr.js@https://registry.npmjs.org/ipaddr.js/-/ipaddr.js-2.4.0.tgz 0ms (cache hit)
5105 http cache http-proxy-middleware@https://registry.npmjs.org/http-proxy-middleware/-/http-proxy-middleware-2.0.10.tgz 0ms (cache hit)
5106 http cache compression@https://registry.npmjs.org/compression/-/compression-1.8.1.tgz 0ms (cache hit)
5107 http cache default-gateway@https://registry.npmjs.org/default-gateway/-/default-gateway-6.0.3.tgz 0ms (cache hit)
5108 http cache express@https://registry.npmjs.org/express/-/express-4.22.2.tgz 0ms (cache hit)
5109 http cache connect-history-api-fallback@https://registry.npmjs.org/connect-history-api-fallback/-/connect-history-api-fallback-2.0.0.tgz 0ms (cache hit)
5110 http cache selfsigned@https://registry.npmjs.org/selfsigned/-/selfsigned-2.4.1.tgz 0ms (cache hit)
5111 http cache @types/ws@https://registry.npmjs.org/@types/ws/-/ws-8.18.1.tgz 0ms (cache hit)
5112 http cache bonjour-service@https://registry.npmjs.org/bonjour-service/-/bonjour-service-1.4.4.tgz 0ms (cache hit)
5113 http cache @types/sockjs@https://registry.npmjs.org/@types/sockjs/-/sockjs-0.3.36.tgz 0ms (cache hit)
5114 http cache ansi-html-community@https://registry.npmjs.org/ansi-html-community/-/ansi-html-community-0.0.8.tgz 0ms (cache hit)
5115 http cache @types/serve-index@https://registry.npmjs.org/@types/serve-index/-/serve-index-1.9.4.tgz 0ms (cache hit)
5116 http cache @types/serve-static@https://registry.npmjs.org/@types/serve-static/-/serve-static-1.15.10.tgz 0ms (cache hit)
5117 http cache @types/express@https://registry.npmjs.org/@types/express/-/express-4.17.25.tgz 0ms (cache hit)
5118 http cache shebang-regex@https://registry.npmjs.org/shebang-regex/-/shebang-regex-3.0.0.tgz 0ms (cache hit)
5119 http cache @types/bonjour@https://registry.npmjs.org/@types/bonjour/-/bonjour-3.5.13.tgz 0ms (cache hit)
5120 http cache envinfo@https://registry.npmjs.org/envinfo/-/envinfo-7.21.0.tgz 0ms (cache hit)
5121 http cache @types/connect-history-api-fallback@https://registry.npmjs.org/@types/connect-history-api-fallback/-/connect-history-api-fallback-1.5.4.tgz 0ms (cache hit)
5122 http cache which@https://registry.npmjs.org/which/-/which-2.0.2.tgz 0ms (cache hit)
5123 http cache resolve-cwd@https://registry.npmjs.org/resolve-cwd/-/resolve-cwd-3.0.0.tgz 0ms (cache hit)
5124 http cache interpret@https://registry.npmjs.org/interpret/-/interpret-2.2.0.tgz 0ms (cache hit)
5125 http cache shebang-command@https://registry.npmjs.org/shebang-command/-/shebang-command-2.0.0.tgz 0ms (cache hit)
5126 http cache path-key@https://registry.npmjs.org/path-key/-/path-key-3.1.1.tgz 0ms (cache hit)
5127 http cache rechoir@https://registry.npmjs.org/rechoir/-/rechoir-0.7.1.tgz 0ms (cache hit)
5128 http cache import-local@https://registry.npmjs.org/import-local/-/import-local-3.2.0.tgz 0ms (cache hit)
5129 http cache fastest-levenshtein@https://registry.npmjs.org/fastest-levenshtein/-/fastest-levenshtein-1.0.16.tgz 0ms (cache hit)
5130 http cache cross-spawn@https://registry.npmjs.org/cross-spawn/-/cross-spawn-7.0.6.tgz 0ms (cache hit)
5131 http cache estraverse@https://registry.npmjs.org/estraverse/-/estraverse-4.3.0.tgz 0ms (cache hit)
5132 http cache colorette@https://registry.npmjs.org/colorette/-/colorette-2.0.20.tgz 0ms (cache hit)
5133 http cache esrecurse@https://registry.npmjs.org/esrecurse/-/esrecurse-4.3.0.tgz 0ms (cache hit)
5134 http cache @discoveryjs/json-ext@https://registry.npmjs.org/@discoveryjs/json-ext/-/json-ext-0.5.7.tgz 0ms (cache hit)
5135 http cache @webpack-cli/serve@https://registry.npmjs.org/@webpack-cli/serve/-/serve-1.7.0.tgz 0ms (cache hit)
5136 http cache @webassemblyjs/utf8@https://registry.npmjs.org/@webassemblyjs/utf8/-/utf8-1.13.2.tgz 0ms (cache hit)
5137 http cache @webpack-cli/info@https://registry.npmjs.org/@webpack-cli/info/-/info-1.5.0.tgz 0ms (cache hit)
5138 http cache @webassemblyjs/leb128@https://registry.npmjs.org/@webassemblyjs/leb128/-/leb128-1.13.2.tgz 0ms (cache hit)
5139 http cache @webpack-cli/configtest@https://registry.npmjs.org/@webpack-cli/configtest/-/configtest-1.2.0.tgz 0ms (cache hit)
5140 http cache @webassemblyjs/ieee754@https://registry.npmjs.org/@webassemblyjs/ieee754/-/ieee754-1.13.2.tgz 0ms (cache hit)
5141 http cache @webassemblyjs/wast-printer@https://registry.npmjs.org/@webassemblyjs/wast-printer/-/wast-printer-1.14.1.tgz 0ms (cache hit)
5142 http cache @webassemblyjs/wasm-gen@https://registry.npmjs.org/@webassemblyjs/wasm-gen/-/wasm-gen-1.14.1.tgz 0ms (cache hit)
5143 http cache @xtuc/ieee754@https://registry.npmjs.org/@xtuc/ieee754/-/ieee754-1.2.0.tgz 0ms (cache hit)
5144 http cache @webassemblyjs/wasm-opt@https://registry.npmjs.org/@webassemblyjs/wasm-opt/-/wasm-opt-1.14.1.tgz 0ms (cache hit)
5145 http cache @webassemblyjs/helper-wasm-section@https://registry.npmjs.org/@webassemblyjs/helper-wasm-section/-/helper-wasm-section-1.14.1.tgz 0ms (cache hit)
5146 http cache @xtuc/long@https://registry.npmjs.org/@xtuc/long/-/long-4.2.2.tgz 0ms (cache hit)
5147 http cache @webassemblyjs/helper-api-error@https://registry.npmjs.org/@webassemblyjs/helper-api-error/-/helper-api-error-1.13.2.tgz 0ms (cache hit)
5148 http cache @webassemblyjs/helper-buffer@https://registry.npmjs.org/@webassemblyjs/helper-buffer/-/helper-buffer-1.14.1.tgz 0ms (cache hit)
5149 http cache @webassemblyjs/helper-wasm-bytecode@https://registry.npmjs.org/@webassemblyjs/helper-wasm-bytecode/-/helper-wasm-bytecode-1.13.2.tgz 0ms (cache hit)
5150 http cache @webassemblyjs/helper-numbers@https://registry.npmjs.org/@webassemblyjs/helper-numbers/-/helper-numbers-1.13.2.tgz 0ms (cache hit)
5151 http cache @webassemblyjs/floating-point-hex-parser@https://registry.npmjs.org/@webassemblyjs/floating-point-hex-parser/-/floating-point-hex-parser-1.13.2.tgz 0ms (cache hit)
5152 http cache watchpack@https://registry.npmjs.org/watchpack/-/watchpack-2.5.2.tgz 0ms (cache hit)
5153 http cache tapable@https://registry.npmjs.org/tapable/-/tapable-2.3.3.tgz 0ms (cache hit)
5154 http cache minimizer-webpack-plugin@https://registry.npmjs.org/minimizer-webpack-plugin/-/minimizer-webpack-plugin-5.6.1.tgz 0ms (cache hit)
5155 http cache neo-async@https://registry.npmjs.org/neo-async/-/neo-async-2.6.2.tgz 0ms (cache hit)
5156 http cache @webassemblyjs/wasm-parser@https://registry.npmjs.org/@webassemblyjs/wasm-parser/-/wasm-parser-1.14.1.tgz 0ms (cache hit)
5157 http cache eslint-scope@https://registry.npmjs.org/eslint-scope/-/eslint-scope-5.1.1.tgz 0ms (cache hit)
5158 http cache @webassemblyjs/ast@https://registry.npmjs.org/@webassemblyjs/ast/-/ast-1.14.1.tgz 0ms (cache hit)
5159 http cache es-module-lexer@https://registry.npmjs.org/es-module-lexer/-/es-module-lexer-2.3.1.tgz 0ms (cache hit)
5160 http cache enhanced-resolve@https://registry.npmjs.org/enhanced-resolve/-/enhanced-resolve-5.24.5.tgz 0ms (cache hit)
5161 http cache chrome-trace-event@https://registry.npmjs.org/chrome-trace-event/-/chrome-trace-event-1.0.4.tgz 0ms (cache hit)
5162 http cache @webassemblyjs/wasm-edit@https://registry.npmjs.org/@webassemblyjs/wasm-edit/-/wasm-edit-1.14.1.tgz 0ms (cache hit)
5163 http cache hash-sum@https://registry.npmjs.org/hash-sum/-/hash-sum-1.0.2.tgz 0ms (cache hit)
5164 http cache esbuild@https://registry.npmjs.org/esbuild/-/esbuild-0.21.5.tgz 0ms (cache hit)
5165 http cache @esbuild/win32-x64@https://registry.npmjs.org/@esbuild/win32-x64/-/win32-x64-0.21.5.tgz 0ms (cache hit)
5166 http cache unicode-property-aliases-ecmascript@https://registry.npmjs.org/unicode-property-aliases-ecmascript/-/unicode-property-aliases-ecmascript-2.2.0.tgz 0ms (cache hit)
5167 http cache escalade@https://registry.npmjs.org/escalade/-/escalade-3.2.0.tgz 0ms (cache hit)
5168 http cache base64-arraybuffer@https://registry.npmjs.org/base64-arraybuffer/-/base64-arraybuffer-1.0.2.tgz 0ms (cache hit)
5169 http cache which-typed-array@https://registry.npmjs.org/which-typed-array/-/which-typed-array-1.1.22.tgz 0ms (cache hit)
5170 http cache unicode-canonical-property-names-ecmascript@https://registry.npmjs.org/unicode-canonical-property-names-ecmascript/-/unicode-canonical-property-names-ecmascript-2.0.1.tgz 0ms (cache hit)
5171 http cache is-typed-array@https://registry.npmjs.org/is-typed-array/-/is-typed-array-1.1.15.tgz 0ms (cache hit)
5172 http cache is-number@https://registry.npmjs.org/is-number/-/is-number-7.0.0.tgz 0ms (cache hit)
5173 http cache typed-array-buffer@https://registry.npmjs.org/typed-array-buffer/-/typed-array-buffer-1.0.3.tgz 0ms (cache hit)
5174 http cache setimmediate@https://registry.npmjs.org/setimmediate/-/setimmediate-1.0.5.tgz 0ms (cache hit)
5175 http cache thenify@https://registry.npmjs.org/thenify/-/thenify-3.3.1.tgz 0ms (cache hit)
5176 http cache merge-stream@https://registry.npmjs.org/merge-stream/-/merge-stream-2.0.0.tgz 0ms (cache hit)
5177 http cache jest-worker@https://registry.npmjs.org/jest-worker/-/jest-worker-27.5.1.tgz 0ms (cache hit)
5178 http cache buffer-from@https://registry.npmjs.org/buffer-from/-/buffer-from-1.1.2.tgz 0ms (cache hit)
5179 http cache acorn@https://registry.npmjs.org/acorn/-/acorn-8.18.0.tgz 0ms (cache hit)
5180 http cache @jridgewell/source-map@https://registry.npmjs.org/@jridgewell/source-map/-/source-map-0.3.11.tgz 0ms (cache hit)
5181 http cache source-map-support@https://registry.npmjs.org/source-map-support/-/source-map-support-0.5.21.tgz 0ms (cache hit)
5182 http cache thenify-all@https://registry.npmjs.org/thenify-all/-/thenify-all-1.6.0.tgz 0ms (cache hit)
5183 http cache any-promise@https://registry.npmjs.org/any-promise/-/any-promise-1.3.0.tgz 0ms (cache hit)
5184 http cache ts-interface-checker@https://registry.npmjs.org/ts-interface-checker/-/ts-interface-checker-0.1.13.tgz 0ms (cache hit)
5185 http cache tinyglobby@https://registry.npmjs.org/tinyglobby/-/tinyglobby-0.2.17.tgz 0ms (cache hit)
5186 http cache mz@https://registry.npmjs.org/mz/-/mz-2.7.0.tgz 0ms (cache hit)
5187 http cache pirates@https://registry.npmjs.org/pirates/-/pirates-4.0.7.tgz 0ms (cache hit)
5188 http cache camelcase-css@https://registry.npmjs.org/camelcase-css/-/camelcase-css-2.0.1.tgz 0ms (cache hit)
5189 http cache read-cache@https://registry.npmjs.org/read-cache/-/read-cache-1.0.0.tgz 0ms (cache hit)
5190 http cache pify@https://registry.npmjs.org/pify/-/pify-2.3.0.tgz 0ms (cache hit)
5191 http cache sucrase@https://registry.npmjs.org/sucrase/-/sucrase-3.35.1.tgz 0ms (cache hit)
5192 http cache postcss-nested@https://registry.npmjs.org/postcss-nested/-/postcss-nested-6.2.0.tgz 0ms (cache hit)
5193 http cache postcss-js@https://registry.npmjs.org/postcss-js/-/postcss-js-4.1.0.tgz 0ms (cache hit)
5194 http cache postcss-import@https://registry.npmjs.org/postcss-import/-/postcss-import-15.1.0.tgz 0ms (cache hit)
5195 http cache jiti@https://registry.npmjs.org/jiti/-/jiti-1.21.7.tgz 0ms (cache hit)
5196 http cache object-hash@https://registry.npmjs.org/object-hash/-/object-hash-3.0.0.tgz 0ms (cache hit)
5197 http cache dlv@https://registry.npmjs.org/dlv/-/dlv-1.1.3.tgz 0ms (cache hit)
5198 http cache didyoumean@https://registry.npmjs.org/didyoumean/-/didyoumean-1.2.2.tgz 0ms (cache hit)
5199 http cache @alloc/quick-lru@https://registry.npmjs.org/@alloc/quick-lru/-/quick-lru-5.2.0.tgz 0ms (cache hit)
5200 http cache arg@https://registry.npmjs.org/arg/-/arg-5.0.2.tgz 0ms (cache hit)
5201 http cache mdn-data@https://registry.npmjs.org/mdn-data/-/mdn-data-2.0.14.tgz 0ms (cache hit)
5202 http cache nth-check@https://registry.npmjs.org/nth-check/-/nth-check-2.1.1.tgz 0ms (cache hit)
5203 http cache css-what@https://registry.npmjs.org/css-what/-/css-what-6.2.2.tgz 0ms (cache hit)
5204 http cache boolbase@https://registry.npmjs.org/boolbase/-/boolbase-1.0.0.tgz 0ms (cache hit)
5205 http cache stable@https://registry.npmjs.org/stable/-/stable-0.1.8.tgz 0ms (cache hit)
5206 http cache csso@https://registry.npmjs.org/csso/-/csso-4.2.0.tgz 0ms (cache hit)
5207 http cache sax@https://registry.npmjs.org/sax/-/sax-1.6.1.tgz 0ms (cache hit)
5208 http cache css-tree@https://registry.npmjs.org/css-tree/-/css-tree-1.1.3.tgz 0ms (cache hit)
5209 http cache css-select@https://registry.npmjs.org/css-select/-/css-select-4.3.0.tgz 0ms (cache hit)
5210 http cache has-flag@https://registry.npmjs.org/has-flag/-/has-flag-4.0.0.tgz 0ms (cache hit)
5211 http cache is-fullwidth-code-point@https://registry.npmjs.org/is-fullwidth-code-point/-/is-fullwidth-code-point-3.0.0.tgz 0ms (cache hit)
5212 http cache emoji-regex@https://registry.npmjs.org/emoji-regex/-/emoji-regex-8.0.0.tgz 0ms (cache hit)
5213 http cache xtend@https://registry.npmjs.org/xtend/-/xtend-4.0.2.tgz 0ms (cache hit)
5214 http cache to-arraybuffer@https://registry.npmjs.org/to-arraybuffer/-/to-arraybuffer-1.0.1.tgz 0ms (cache hit)
5215 http cache ansi-regex@https://registry.npmjs.org/ansi-regex/-/ansi-regex-5.0.1.tgz 0ms (cache hit)
5216 http cache crypto-js@https://registry.npmjs.org/crypto-js/-/crypto-js-4.2.0.tgz 0ms (cache hit)
5217 http cache builtin-status-codes@https://registry.npmjs.org/builtin-status-codes/-/builtin-status-codes-3.0.0.tgz 0ms (cache hit)
5218 http cache string-similarity@https://registry.npmjs.org/string-similarity/-/string-similarity-4.0.4.tgz 0ms (cache hit)
5219 http cache engine.io-parser@https://registry.npmjs.org/engine.io-parser/-/engine.io-parser-5.2.3.tgz 0ms (cache hit)
5220 http cache xmlhttprequest-ssl@https://registry.npmjs.org/xmlhttprequest-ssl/-/xmlhttprequest-ssl-2.1.2.tgz 0ms (cache hit)
5221 http cache socket.io-parser@https://registry.npmjs.org/socket.io-parser/-/socket.io-parser-4.2.7.tgz 0ms (cache hit)
5222 http cache ws@https://registry.npmjs.org/ws/-/ws-8.21.1.tgz 0ms (cache hit)
5223 http cache @socket.io/component-emitter@https://registry.npmjs.org/@socket.io/component-emitter/-/component-emitter-3.1.2.tgz 0ms (cache hit)
5224 http cache side-channel-list@https://registry.npmjs.org/side-channel-list/-/side-channel-list-1.0.1.tgz 0ms (cache hit)
5225 http cache engine.io-client@https://registry.npmjs.org/engine.io-client/-/engine.io-client-6.6.6.tgz 0ms (cache hit)
5226 http cache side-channel-weakmap@https://registry.npmjs.org/side-channel-weakmap/-/side-channel-weakmap-1.0.2.tgz 0ms (cache hit)
5227 http cache object-inspect@https://registry.npmjs.org/object-inspect/-/object-inspect-1.13.4.tgz 0ms (cache hit)
5228 http cache side-channel-map@https://registry.npmjs.org/side-channel-map/-/side-channel-map-1.0.1.tgz 0ms (cache hit)
5229 http cache json-schema-traverse@https://registry.npmjs.org/json-schema-traverse/-/json-schema-traverse-0.4.1.tgz 0ms (cache hit)
5230 http cache uri-js@https://registry.npmjs.org/uri-js/-/uri-js-4.4.1.tgz 0ms (cache hit)
5231 http cache fast-deep-equal@https://registry.npmjs.org/fast-deep-equal/-/fast-deep-equal-3.1.3.tgz 0ms (cache hit)
5232 http cache fast-json-stable-stringify@https://registry.npmjs.org/fast-json-stable-stringify/-/fast-json-stable-stringify-2.1.0.tgz 0ms (cache hit)
5233 http cache ajv-keywords@https://registry.npmjs.org/ajv-keywords/-/ajv-keywords-3.5.2.tgz 0ms (cache hit)
5234 http cache queue-microtask@https://registry.npmjs.org/queue-microtask/-/queue-microtask-1.2.3.tgz 0ms (cache hit)
5235 http cache @types/estree@https://registry.npmjs.org/@types/estree/-/estree-1.0.9.tgz 0ms (cache hit)
5236 http cache ajv@https://registry.npmjs.org/ajv/-/ajv-6.15.0.tgz 0ms (cache hit)
5237 http cache @types/json-schema@https://registry.npmjs.org/@types/json-schema/-/json-schema-7.0.15.tgz 0ms (cache hit)
5238 http cache supports-preserve-symlinks-flag@https://registry.npmjs.org/supports-preserve-symlinks-flag/-/supports-preserve-symlinks-flag-1.0.0.tgz 0ms (cache hit)
5239 http cache @rollup/rollup-win32-x64-gnu@https://registry.npmjs.org/@rollup/rollup-win32-x64-gnu/-/rollup-win32-x64-gnu-4.62.3.tgz 0ms (cache hit)
5240 http cache is-core-module@https://registry.npmjs.org/is-core-module/-/is-core-module-2.16.2.tgz 0ms (cache hit)
5241 http cache path-parse@https://registry.npmjs.org/path-parse/-/path-parse-1.0.7.tgz 0ms (cache hit)
5242 http cache unicode-match-property-value-ecmascript@https://registry.npmjs.org/unicode-match-property-value-ecmascript/-/unicode-match-property-value-ecmascript-2.2.1.tgz 0ms (cache hit)
5243 http cache @rollup/rollup-win32-x64-msvc@https://registry.npmjs.org/@rollup/rollup-win32-x64-msvc/-/rollup-win32-x64-msvc-4.62.3.tgz 0ms (cache hit)
5244 http cache unicode-match-property-ecmascript@https://registry.npmjs.org/unicode-match-property-ecmascript/-/unicode-match-property-ecmascript-2.0.0.tgz 0ms (cache hit)
5245 http cache regenerate@https://registry.npmjs.org/regenerate/-/regenerate-1.4.2.tgz 1ms (cache hit)
5246 http cache regjsgen@https://registry.npmjs.org/regjsgen/-/regjsgen-0.8.0.tgz 0ms (cache hit)
5247 http cache regjsparser@https://registry.npmjs.org/regjsparser/-/regjsparser-0.13.2.tgz 0ms (cache hit)
5248 http cache process-nextick-args@https://registry.npmjs.org/process-nextick-args/-/process-nextick-args-2.0.1.tgz 0ms (cache hit)
5249 http cache core-util-is@https://registry.npmjs.org/core-util-is/-/core-util-is-1.0.3.tgz 0ms (cache hit)
5250 http cache regenerate-unicode-properties@https://registry.npmjs.org/regenerate-unicode-properties/-/regenerate-unicode-properties-10.2.2.tgz 0ms (cache hit)
5251 http cache react-lifecycles-compat@https://registry.npmjs.org/react-lifecycles-compat/-/react-lifecycles-compat-3.0.4.tgz 0ms (cache hit)
5252 http cache warning@https://registry.npmjs.org/warning/-/warning-4.0.3.tgz 0ms (cache hit)
5253 http cache react-is@https://registry.npmjs.org/react-is/-/react-is-16.13.1.tgz 0ms (cache hit)
5254 http cache exenv@https://registry.npmjs.org/exenv/-/exenv-1.2.2.tgz 0ms (cache hit)
5255 http cache react-async-script@https://registry.npmjs.org/react-async-script/-/react-async-script-1.2.0.tgz 0ms (cache hit)
5256 http cache hoist-non-react-statics@https://registry.npmjs.org/hoist-non-react-statics/-/hoist-non-react-statics-3.3.2.tgz 0ms (cache hit)
5257 http cache scheduler@https://registry.npmjs.org/scheduler/-/scheduler-0.23.2.tgz 0ms (cache hit)
5258 http cache prop-types@https://registry.npmjs.org/prop-types/-/prop-types-15.8.1.tgz 0ms (cache hit)
5259 http cache object-assign@https://registry.npmjs.org/object-assign/-/object-assign-4.1.1.tgz 0ms (cache hit)
5260 http cache side-channel@https://registry.npmjs.org/side-channel/-/side-channel-1.1.1.tgz 0ms (cache hit)
5261 http cache performance-now@https://registry.npmjs.org/performance-now/-/performance-now-2.1.0.tgz 0ms (cache hit)
5262 http cache util-deprecate@https://registry.npmjs.org/util-deprecate/-/util-deprecate-1.0.2.tgz 0ms (cache hit)
5263 http cache loose-envify@https://registry.npmjs.org/loose-envify/-/loose-envify-1.4.0.tgz 0ms (cache hit)
5264 http cache svgo@https://registry.npmjs.org/svgo/-/svgo-2.8.3.tgz 0ms (cache hit)
5265 http cache normalize-url@https://registry.npmjs.org/normalize-url/-/normalize-url-6.1.0.tgz 0ms (cache hit)
5266 http cache cssesc@https://registry.npmjs.org/cssesc/-/cssesc-3.0.0.tgz 0ms (cache hit)
5267 http cache lines-and-columns@https://registry.npmjs.org/lines-and-columns/-/lines-and-columns-1.2.4.tgz 0ms (cache hit)
5268 http cache json-parse-even-better-errors@https://registry.npmjs.org/json-parse-even-better-errors/-/json-parse-even-better-errors-2.3.1.tgz 0ms (cache hit)
5269 http cache stylehacks@https://registry.npmjs.org/stylehacks/-/stylehacks-5.1.1.tgz 0ms (cache hit)
5270 http cache error-ex@https://registry.npmjs.org/error-ex/-/error-ex-1.3.4.tgz 0ms (cache hit)
5271 http cache is-arrayish@https://registry.npmjs.org/is-arrayish/-/is-arrayish-0.2.1.tgz 0ms (cache hit)
5272 http cache callsites@https://registry.npmjs.org/callsites/-/callsites-3.1.0.tgz 0ms (cache hit)
5273 http cache parent-module@https://registry.npmjs.org/parent-module/-/parent-module-1.0.1.tgz 0ms (cache hit)
5274 http cache import-fresh@https://registry.npmjs.org/import-fresh/-/import-fresh-3.3.1.tgz 0ms (cache hit)
5275 http cache resolve-from@https://registry.npmjs.org/resolve-from/-/resolve-from-4.0.0.tgz 0ms (cache hit)
5276 http cache @types/parse-json@https://registry.npmjs.org/@types/parse-json/-/parse-json-4.0.2.tgz 0ms (cache hit)
5277 http cache parse-json@https://registry.npmjs.org/parse-json/-/parse-json-5.2.0.tgz 0ms (cache hit)
5278 http cache klona@https://registry.npmjs.org/klona/-/klona-2.0.6.tgz 0ms (cache hit)
5279 http cache lodash.uniq@https://registry.npmjs.org/lodash.uniq/-/lodash.uniq-4.5.0.tgz 0ms (cache hit)
5280 http cache colord@https://registry.npmjs.org/colord/-/colord-2.9.3.tgz 0ms (cache hit)
5281 http cache cosmiconfig@https://registry.npmjs.org/cosmiconfig/-/cosmiconfig-7.1.0.tgz 0ms (cache hit)
5282 http cache lodash.memoize@https://registry.npmjs.org/lodash.memoize/-/lodash.memoize-4.1.2.tgz 0ms (cache hit)
5283 http cache postcss-selector-parser@https://registry.npmjs.org/postcss-selector-parser/-/postcss-selector-parser-6.1.4.tgz 0ms (cache hit)
5284 http cache caniuse-api@https://registry.npmjs.org/caniuse-api/-/caniuse-api-3.0.0.tgz 0ms (cache hit)
5285 http cache p-limit@https://registry.npmjs.org/p-limit/-/p-limit-2.3.0.tgz 0ms (cache hit)
5286 http cache path-exists@https://registry.npmjs.org/path-exists/-/path-exists-4.0.0.tgz 0ms (cache hit)
5287 http cache p-locate@https://registry.npmjs.org/p-locate/-/p-locate-4.1.0.tgz 0ms (cache hit)
5288 http cache p-try@https://registry.npmjs.org/p-try/-/p-try-2.2.0.tgz 0ms (cache hit)
5289 http cache nanoid@https://registry.npmjs.org/nanoid/-/nanoid-3.3.16.tgz 0ms (cache hit)
5290 http cache locate-path@https://registry.npmjs.org/locate-path/-/locate-path-5.0.0.tgz 0ms (cache hit)
5291 http cache source-map-js@https://registry.npmjs.org/source-map-js/-/source-map-js-1.2.1.tgz 0ms (cache hit)
5292 http cache lower-case@https://registry.npmjs.org/lower-case/-/lower-case-2.0.2.tgz 0ms (cache hit)
5293 http cache no-case@https://registry.npmjs.org/no-case/-/no-case-3.0.4.tgz 0ms (cache hit)
5294 http cache dot-case@https://registry.npmjs.org/dot-case/-/dot-case-3.0.4.tgz 0ms (cache hit)
5295 http cache find-up@https://registry.npmjs.org/find-up/-/find-up-4.1.0.tgz 0ms (cache hit)
5296 http cache asn1.js@https://registry.npmjs.org/asn1.js/-/asn1.js-4.10.1.tgz 0ms (cache hit)
5297 http cache define-data-property@https://registry.npmjs.org/define-data-property/-/define-data-property-1.1.4.tgz 0ms (cache hit)
5298 http cache has-property-descriptors@https://registry.npmjs.org/has-property-descriptors/-/has-property-descriptors-1.0.2.tgz 0ms (cache hit)
5299 http cache define-properties@https://registry.npmjs.org/define-properties/-/define-properties-1.2.1.tgz 0ms (cache hit)
5300 http cache set-function-length@https://registry.npmjs.org/set-function-length/-/set-function-length-1.2.2.tgz 0ms (cache hit)
5301 http cache object-keys@https://registry.npmjs.org/object-keys/-/object-keys-1.1.1.tgz 0ms (cache hit)
5302 http cache call-bound@https://registry.npmjs.org/call-bound/-/call-bound-1.0.4.tgz 0ms (cache hit)
5303 http cache call-bind@https://registry.npmjs.org/call-bind/-/call-bind-1.0.9.tgz 0ms (cache hit)
5304 http cache brorand@https://registry.npmjs.org/brorand/-/brorand-1.1.0.tgz 0ms (cache hit)
5305 http cache hmac-drbg@https://registry.npmjs.org/hmac-drbg/-/hmac-drbg-1.0.1.tgz 0ms (cache hit)
5306 http cache miller-rabin@https://registry.npmjs.org/miller-rabin/-/miller-rabin-4.0.1.tgz 0ms (cache hit)
5307 http cache hash.js@https://registry.npmjs.org/hash.js/-/hash.js-1.1.7.tgz 0ms (cache hit)
5308 http cache minimalistic-crypto-utils@https://registry.npmjs.org/minimalistic-crypto-utils/-/minimalistic-crypto-utils-1.0.1.tgz 0ms (cache hit)
5309 http cache sha.js@https://registry.npmjs.org/sha.js/-/sha.js-2.4.12.tgz 0ms (cache hit)
5310 http cache minimalistic-assert@https://registry.npmjs.org/minimalistic-assert/-/minimalistic-assert-1.0.1.tgz 0ms (cache hit)
5311 http cache to-buffer@https://registry.npmjs.org/to-buffer/-/to-buffer-1.2.2.tgz 0ms (cache hit)
5312 http cache parse-asn1@https://registry.npmjs.org/parse-asn1/-/parse-asn1-5.1.9.tgz 0ms (cache hit)
5313 http cache elliptic@https://registry.npmjs.org/elliptic/-/elliptic-6.6.1.tgz 0ms (cache hit)
5314 http cache ripemd160@https://registry.npmjs.org/ripemd160/-/ripemd160-2.0.3.tgz 0ms (cache hit)
5315 http cache md5.js@https://registry.npmjs.org/md5.js/-/md5.js-1.3.5.tgz 0ms (cache hit)
5316 http cache bn.js@https://registry.npmjs.org/bn.js/-/bn.js-5.2.5.tgz 0ms (cache hit)
5317 http cache browserify-rsa@https://registry.npmjs.org/browserify-rsa/-/browserify-rsa-4.1.1.tgz 0ms (cache hit)
5318 http cache safe-buffer@https://registry.npmjs.org/safe-buffer/-/safe-buffer-5.2.1.tgz 0ms (cache hit)
5319 http cache buffer-xor@https://registry.npmjs.org/buffer-xor/-/buffer-xor-1.0.3.tgz 0ms (cache hit)
5320 http cache cipher-base@https://registry.npmjs.org/cipher-base/-/cipher-base-1.0.7.tgz 0ms (cache hit)
5321 http cache des.js@https://registry.npmjs.org/des.js/-/des.js-1.1.0.tgz 0ms (cache hit)
5322 http cache browserify-des@https://registry.npmjs.org/browserify-des/-/browserify-des-1.0.2.tgz 0ms (cache hit)
5323 http cache evp_bytestokey@https://registry.npmjs.org/evp_bytestokey/-/evp_bytestokey-1.0.3.tgz 0ms (cache hit)
5324 http cache randombytes@https://registry.npmjs.org/randombytes/-/randombytes-2.1.0.tgz 0ms (cache hit)
5325 http cache hash-base@https://registry.npmjs.org/hash-base/-/hash-base-3.0.5.tgz 0ms (cache hit)
5326 http cache public-encrypt@https://registry.npmjs.org/public-encrypt/-/public-encrypt-4.0.3.tgz 0ms (cache hit)
5327 http cache browserify-aes@https://registry.npmjs.org/browserify-aes/-/browserify-aes-1.2.0.tgz 0ms (cache hit)
5328 http cache randomfill@https://registry.npmjs.org/randomfill/-/randomfill-1.0.4.tgz 0ms (cache hit)
5329 http cache pbkdf2@https://registry.npmjs.org/pbkdf2/-/pbkdf2-3.1.6.tgz 0ms (cache hit)
5330 http cache diffie-hellman@https://registry.npmjs.org/diffie-hellman/-/diffie-hellman-5.0.3.tgz 0ms (cache hit)
5331 http cache create-ecdh@https://registry.npmjs.org/create-ecdh/-/create-ecdh-4.0.4.tgz 0ms (cache hit)
5332 http cache isarray@https://registry.npmjs.org/isarray/-/isarray-1.0.0.tgz 0ms (cache hit)
5333 http cache create-hmac@https://registry.npmjs.org/create-hmac/-/create-hmac-1.1.7.tgz 0ms (cache hit)
5334 http cache create-hash@https://registry.npmjs.org/create-hash/-/create-hash-1.2.0.tgz 0ms (cache hit)
5335 http cache browserify-sign@https://registry.npmjs.org/browserify-sign/-/browserify-sign-4.2.6.tgz 0ms (cache hit)
5336 http cache browserify-cipher@https://registry.npmjs.org/browserify-cipher/-/browserify-cipher-1.0.1.tgz 0ms (cache hit)
5337 http cache vm-browserify@https://registry.npmjs.org/vm-browserify/-/vm-browserify-1.1.2.tgz 0ms (cache hit)
5338 http cache object.assign@https://registry.npmjs.org/object.assign/-/object.assign-4.1.7.tgz 0ms (cache hit)
5339 http cache util@https://registry.npmjs.org/util/-/util-0.11.1.tgz 0ms (cache hit)
5340 http cache ieee754@https://registry.npmjs.org/ieee754/-/ieee754-1.2.1.tgz 0ms (cache hit)
5341 http cache base64-js@https://registry.npmjs.org/base64-js/-/base64-js-1.5.1.tgz 0ms (cache hit)
5342 http cache url@https://registry.npmjs.org/url/-/url-0.11.4.tgz 0ms (cache hit)
5343 http cache string_decoder@https://registry.npmjs.org/string_decoder/-/string_decoder-1.3.0.tgz 0ms (cache hit)
5344 http cache readable-stream@https://registry.npmjs.org/readable-stream/-/readable-stream-2.3.8.tgz 0ms (cache hit)
5345 http cache stream-browserify@https://registry.npmjs.org/stream-browserify/-/stream-browserify-2.0.2.tgz 0ms (cache hit)
5346 http cache stream-http@https://registry.npmjs.org/stream-http/-/stream-http-2.8.3.tgz 0ms (cache hit)
5347 http cache tty-browserify@https://registry.npmjs.org/tty-browserify/-/tty-browserify-0.0.0.tgz 0ms (cache hit)
5348 http cache timers-browserify@https://registry.npmjs.org/timers-browserify/-/timers-browserify-2.0.12.tgz 0ms (cache hit)
5349 http cache punycode@https://registry.npmjs.org/punycode/-/punycode-1.4.1.tgz 0ms (cache hit)
5350 http cache querystring-es3@https://registry.npmjs.org/querystring-es3/-/querystring-es3-0.2.1.tgz 0ms (cache hit)
5351 http cache os-browserify@https://registry.npmjs.org/os-browserify/-/os-browserify-0.3.0.tgz 0ms (cache hit)
5352 http cache https-browserify@https://registry.npmjs.org/https-browserify/-/https-browserify-1.0.0.tgz 0ms (cache hit)
5353 http cache path-browserify@https://registry.npmjs.org/path-browserify/-/path-browserify-0.0.1.tgz 0ms (cache hit)
5354 http cache process@https://registry.npmjs.org/process/-/process-0.11.10.tgz 0ms (cache hit)
5355 http cache domain-browser@https://registry.npmjs.org/domain-browser/-/domain-browser-1.2.0.tgz 0ms (cache hit)
5356 http cache events@https://registry.npmjs.org/events/-/events-3.3.0.tgz 0ms (cache hit)
5357 http cache console-browserify@https://registry.npmjs.org/console-browserify/-/console-browserify-1.2.0.tgz 0ms (cache hit)
5358 http cache browserify-zlib@https://registry.npmjs.org/browserify-zlib/-/browserify-zlib-0.2.0.tgz 0ms (cache hit)
5359 http cache buffer@https://registry.npmjs.org/buffer/-/buffer-4.9.2.tgz 0ms (cache hit)
5360 http cache crypto-browserify@https://registry.npmjs.org/crypto-browserify/-/crypto-browserify-3.12.1.tgz 0ms (cache hit)
5361 http cache constants-browserify@https://registry.npmjs.org/constants-browserify/-/constants-browserify-1.0.0.tgz 0ms (cache hit)
5362 http cache assert@https://registry.npmjs.org/assert/-/assert-1.5.1.tgz 0ms (cache hit)
5363 http cache concat-map@https://registry.npmjs.org/concat-map/-/concat-map-0.0.1.tgz 0ms (cache hit)
5364 http cache webpack-sources@https://registry.npmjs.org/webpack-sources/-/webpack-sources-1.4.3.tgz 0ms (cache hit)
5365 http cache mime-db@https://registry.npmjs.org/mime-db/-/mime-db-1.52.0.tgz 0ms (cache hit)
5366 http cache balanced-match@https://registry.npmjs.org/balanced-match/-/balanced-match-1.0.2.tgz 0ms (cache hit)
5367 http cache is-buffer@https://registry.npmjs.org/is-buffer/-/is-buffer-1.1.6.tgz 0ms (cache hit)
5368 http cache brace-expansion@https://registry.npmjs.org/brace-expansion/-/brace-expansion-1.1.18.tgz 0ms (cache hit)
5369 http cache charenc@https://registry.npmjs.org/charenc/-/charenc-0.0.2.tgz 0ms (cache hit)
5370 http cache yallist@https://registry.npmjs.org/yallist/-/yallist-3.1.1.tgz 0ms (cache hit)
5371 http cache big.js@https://registry.npmjs.org/big.js/-/big.js-5.2.2.tgz 0ms (cache hit)
5372 http cache crypt@https://registry.npmjs.org/crypt/-/crypt-0.0.2.tgz 0ms (cache hit)
5373 http cache emojis-list@https://registry.npmjs.org/emojis-list/-/emojis-list-3.0.0.tgz 0ms (cache hit)
5374 http cache is-extglob@https://registry.npmjs.org/is-extglob/-/is-extglob-2.1.1.tgz 0ms (cache hit)
5375 http cache vite-plugin-full-reload@https://registry.npmjs.org/vite-plugin-full-reload/-/vite-plugin-full-reload-1.2.0.tgz 0ms (cache hit)
5376 http cache reusify@https://registry.npmjs.org/reusify/-/reusify-1.1.0.tgz 0ms (cache hit)
5377 http cache run-parallel@https://registry.npmjs.org/run-parallel/-/run-parallel-1.2.0.tgz 0ms (cache hit)
5378 http cache fastq@https://registry.npmjs.org/fastq/-/fastq-1.20.1.tgz 0ms (cache hit)
5379 http cache wrappy@https://registry.npmjs.org/wrappy/-/wrappy-1.0.2.tgz 0ms (cache hit)
5380 http cache binary-extensions@https://registry.npmjs.org/binary-extensions/-/binary-extensions-2.3.0.tgz 0ms (cache hit)
5381 http cache micromatch@https://registry.npmjs.org/micromatch/-/micromatch-4.0.8.tgz 0ms (cache hit)
5382 http cache path-type@https://registry.npmjs.org/path-type/-/path-type-4.0.0.tgz 0ms (cache hit)
5383 http cache @types/minimatch@https://registry.npmjs.org/@types/minimatch/-/minimatch-5.1.2.tgz 0ms (cache hit)
5384 http cache slash@https://registry.npmjs.org/slash/-/slash-3.0.0.tgz 0ms (cache hit)
5385 http cache @nodelib/fs.walk@https://registry.npmjs.org/@nodelib/fs.walk/-/fs.walk-1.2.8.tgz 0ms (cache hit)
5386 http cache @nodelib/fs.stat@https://registry.npmjs.org/@nodelib/fs.stat/-/fs.stat-2.0.5.tgz 0ms (cache hit)
5387 http cache ignore@https://registry.npmjs.org/ignore/-/ignore-5.3.2.tgz 0ms (cache hit)
5388 http cache @nodelib/fs.scandir@https://registry.npmjs.org/@nodelib/fs.scandir/-/fs.scandir-2.1.5.tgz 0ms (cache hit)
5389 http cache @types/glob@https://registry.npmjs.org/@types/glob/-/glob-7.2.0.tgz 0ms (cache hit)
5390 http cache dir-glob@https://registry.npmjs.org/dir-glob/-/dir-glob-3.0.1.tgz 0ms (cache hit)
5391 http cache fast-glob@https://registry.npmjs.org/fast-glob/-/fast-glob-3.3.3.tgz 0ms (cache hit)
5392 http cache merge2@https://registry.npmjs.org/merge2/-/merge2-1.4.1.tgz 0ms (cache hit)
5393 http cache array-union@https://registry.npmjs.org/array-union/-/array-union-2.1.0.tgz 0ms (cache hit)
5394 http cache replace-ext@https://registry.npmjs.org/replace-ext/-/replace-ext-1.0.1.tgz 0ms (cache hit)
5395 http cache p-pipe@https://registry.npmjs.org/p-pipe/-/p-pipe-3.1.0.tgz 0ms (cache hit)
5396 http cache dom-serializer@https://registry.npmjs.org/dom-serializer/-/dom-serializer-1.4.1.tgz 0ms (cache hit)
5397 http cache junk@https://registry.npmjs.org/junk/-/junk-3.1.0.tgz 0ms (cache hit)
5398 http cache globby@https://registry.npmjs.org/globby/-/globby-10.0.2.tgz 0ms (cache hit)
5399 http cache file-type@https://registry.npmjs.org/file-type/-/file-type-12.4.2.tgz 0ms (cache hit)
5400 http cache entities@https://registry.npmjs.org/entities/-/entities-2.2.0.tgz 0ms (cache hit)
5401 http cache domelementtype@https://registry.npmjs.org/domelementtype/-/domelementtype-2.3.0.tgz 0ms (cache hit)
5402 http cache domutils@https://registry.npmjs.org/domutils/-/domutils-2.8.0.tgz 0ms (cache hit)
5403 http cache pascal-case@https://registry.npmjs.org/pascal-case/-/pascal-case-3.1.2.tgz 0ms (cache hit)
5404 http cache domhandler@https://registry.npmjs.org/domhandler/-/domhandler-3.3.0.tgz 0ms (cache hit)
5405 http cache tslib@https://registry.npmjs.org/tslib/-/tslib-2.8.1.tgz 0ms (cache hit)
5406 http cache he@https://registry.npmjs.org/he/-/he-1.2.0.tgz 0ms (cache hit)
5407 http cache param-case@https://registry.npmjs.org/param-case/-/param-case-3.0.4.tgz 0ms (cache hit)
5408 http cache htmlparser2@https://registry.npmjs.org/htmlparser2/-/htmlparser2-4.1.0.tgz 0ms (cache hit)
5409 http cache relateurl@https://registry.npmjs.org/relateurl/-/relateurl-0.2.7.tgz 0ms (cache hit)
5410 http cache camel-case@https://registry.npmjs.org/camel-case/-/camel-case-4.1.2.tgz 0ms (cache hit)
5411 http cache once@https://registry.npmjs.org/once/-/once-1.4.0.tgz 0ms (cache hit)
5412 http cache inherits@https://registry.npmjs.org/inherits/-/inherits-2.0.4.tgz 0ms (cache hit)
5413 http cache path-is-absolute@https://registry.npmjs.org/path-is-absolute/-/path-is-absolute-1.0.1.tgz 0ms (cache hit)
5414 http cache html-minifier-terser@https://registry.npmjs.org/html-minifier-terser/-/html-minifier-terser-5.1.1.tgz 0ms (cache hit)
5415 http cache minimatch@https://registry.npmjs.org/minimatch/-/minimatch-3.1.5.tgz 0ms (cache hit)
5416 http cache universalify@https://registry.npmjs.org/universalify/-/universalify-2.0.1.tgz 0ms (cache hit)
5417 http cache jsonfile@https://registry.npmjs.org/jsonfile/-/jsonfile-6.2.1.tgz 0ms (cache hit)
5418 http cache fs.realpath@https://registry.npmjs.org/fs.realpath/-/fs.realpath-1.0.0.tgz 0ms (cache hit)
5419 http cache graceful-fs@https://registry.npmjs.org/graceful-fs/-/graceful-fs-4.2.11.tgz 0ms (cache hit)
5420 http cache inflight@https://registry.npmjs.org/inflight/-/inflight-1.0.6.tgz 0ms (cache hit)
5421 http cache commondir@https://registry.npmjs.org/commondir/-/commondir-1.0.1.tgz 0ms (cache hit)
5422 http cache pkg-dir@https://registry.npmjs.org/pkg-dir/-/pkg-dir-4.2.0.tgz 0ms (cache hit)
5423 http cache postcss-svgo@https://registry.npmjs.org/postcss-svgo/-/postcss-svgo-5.1.0.tgz 0ms (cache hit)
5424 http cache to-regex-range@https://registry.npmjs.org/to-regex-range/-/to-regex-range-5.0.1.tgz 0ms (cache hit)
5425 http cache postcss-unique-selectors@https://registry.npmjs.org/postcss-unique-selectors/-/postcss-unique-selectors-5.1.1.tgz 0ms (cache hit)
5426 http cache postcss-ordered-values@https://registry.npmjs.org/postcss-ordered-values/-/postcss-ordered-values-5.1.3.tgz 0ms (cache hit)
5427 http cache postcss-reduce-initial@https://registry.npmjs.org/postcss-reduce-initial/-/postcss-reduce-initial-5.1.2.tgz 0ms (cache hit)
5428 http cache postcss-normalize-url@https://registry.npmjs.org/postcss-normalize-url/-/postcss-normalize-url-5.1.0.tgz 0ms (cache hit)
5429 http cache postcss-reduce-transforms@https://registry.npmjs.org/postcss-reduce-transforms/-/postcss-reduce-transforms-5.1.0.tgz 0ms (cache hit)
5430 http cache postcss-normalize-unicode@https://registry.npmjs.org/postcss-normalize-unicode/-/postcss-normalize-unicode-5.1.1.tgz 0ms (cache hit)
5431 http cache postcss-normalize-charset@https://registry.npmjs.org/postcss-normalize-charset/-/postcss-normalize-charset-5.1.0.tgz 0ms (cache hit)
5432 http cache postcss-normalize-string@https://registry.npmjs.org/postcss-normalize-string/-/postcss-normalize-string-5.1.0.tgz 0ms (cache hit)
5433 http cache postcss-normalize-whitespace@https://registry.npmjs.org/postcss-normalize-whitespace/-/postcss-normalize-whitespace-5.1.1.tgz 0ms (cache hit)
5434 http cache postcss-normalize-timing-functions@https://registry.npmjs.org/postcss-normalize-timing-functions/-/postcss-normalize-timing-functions-5.1.0.tgz 0ms (cache hit)
5435 http cache postcss-normalize-display-values@https://registry.npmjs.org/postcss-normalize-display-values/-/postcss-normalize-display-values-5.1.0.tgz 0ms (cache hit)
5436 http cache postcss-normalize-repeat-style@https://registry.npmjs.org/postcss-normalize-repeat-style/-/postcss-normalize-repeat-style-5.1.1.tgz 0ms (cache hit)
5437 http cache postcss-minify-font-values@https://registry.npmjs.org/postcss-minify-font-values/-/postcss-minify-font-values-5.1.0.tgz 0ms (cache hit)
5438 http cache postcss-merge-rules@https://registry.npmjs.org/postcss-merge-rules/-/postcss-merge-rules-5.1.4.tgz 0ms (cache hit)
5439 http cache postcss-minify-selectors@https://registry.npmjs.org/postcss-minify-selectors/-/postcss-minify-selectors-5.2.1.tgz 0ms (cache hit)
5440 http cache postcss-normalize-positions@https://registry.npmjs.org/postcss-normalize-positions/-/postcss-normalize-positions-5.1.1.tgz 0ms (cache hit)
5441 http cache postcss-merge-longhand@https://registry.npmjs.org/postcss-merge-longhand/-/postcss-merge-longhand-5.1.7.tgz 0ms (cache hit)
5442 http cache postcss-minify-params@https://registry.npmjs.org/postcss-minify-params/-/postcss-minify-params-5.1.4.tgz 0ms (cache hit)
5443 http cache postcss-minify-gradients@https://registry.npmjs.org/postcss-minify-gradients/-/postcss-minify-gradients-5.1.1.tgz 0ms (cache hit)
5444 http cache postcss-discard-empty@https://registry.npmjs.org/postcss-discard-empty/-/postcss-discard-empty-5.1.1.tgz 0ms (cache hit)
5445 http cache postcss-discard-duplicates@https://registry.npmjs.org/postcss-discard-duplicates/-/postcss-discard-duplicates-5.1.0.tgz 0ms (cache hit)
5446 http cache postcss-discard-overridden@https://registry.npmjs.org/postcss-discard-overridden/-/postcss-discard-overridden-5.1.0.tgz 0ms (cache hit)
5447 http cache cssnano-utils@https://registry.npmjs.org/cssnano-utils/-/cssnano-utils-3.1.0.tgz 0ms (cache hit)
5448 http cache postcss-colormin@https://registry.npmjs.org/postcss-colormin/-/postcss-colormin-5.3.1.tgz 0ms (cache hit)
5449 http cache postcss-convert-values@https://registry.npmjs.org/postcss-convert-values/-/postcss-convert-values-5.1.3.tgz 0ms (cache hit)
5450 http cache postcss-discard-comments@https://registry.npmjs.org/postcss-discard-comments/-/postcss-discard-comments-5.1.2.tgz 0ms (cache hit)
5451 http cache css-declaration-sorter@https://registry.npmjs.org/css-declaration-sorter/-/css-declaration-sorter-6.4.1.tgz 0ms (cache hit)
5452 http cache postcss-calc@https://registry.npmjs.org/postcss-calc/-/postcss-calc-8.2.4.tgz 0ms (cache hit)
5453 http cache yaml@https://registry.npmjs.org/yaml/-/yaml-1.10.3.tgz 0ms (cache hit)
5454 http cache cssnano-preset-default@https://registry.npmjs.org/cssnano-preset-default/-/cssnano-preset-default-5.2.14.tgz 0ms (cache hit)
5455 http cache lilconfig@https://registry.npmjs.org/lilconfig/-/lilconfig-2.1.0.tgz 0ms (cache hit)
5456 http cache postcss-modules-scope@https://registry.npmjs.org/postcss-modules-scope/-/postcss-modules-scope-3.2.1.tgz 0ms (cache hit)
5457 http cache postcss-modules-local-by-default@https://registry.npmjs.org/postcss-modules-local-by-default/-/postcss-modules-local-by-default-4.2.0.tgz 0ms (cache hit)
5458 http cache postcss-modules-values@https://registry.npmjs.org/postcss-modules-values/-/postcss-modules-values-4.0.0.tgz 0ms (cache hit)
5459 http cache color-name@https://registry.npmjs.org/color-name/-/color-name-1.1.4.tgz 0ms (cache hit)
5460 http cache @colors/colors@https://registry.npmjs.org/@colors/colors/-/colors-1.5.0.tgz 0ms (cache hit)
5461 http cache string-width@https://registry.npmjs.org/string-width/-/string-width-4.2.3.tgz 0ms (cache hit)
5462 http cache icss-utils@https://registry.npmjs.org/icss-utils/-/icss-utils-5.1.0.tgz 0ms (cache hit)
5463 http cache fill-range@https://registry.npmjs.org/fill-range/-/fill-range-7.1.1.tgz 0ms (cache hit)
5464 http cache postcss-modules-extract-imports@https://registry.npmjs.org/postcss-modules-extract-imports/-/postcss-modules-extract-imports-3.1.0.tgz 0ms (cache hit)
5465 http cache picomatch@https://registry.npmjs.org/picomatch/-/picomatch-2.3.2.tgz 0ms (cache hit)
5466 http cache is-glob@https://registry.npmjs.org/is-glob/-/is-glob-4.0.3.tgz 0ms (cache hit)
5467 http cache readdirp@https://registry.npmjs.org/readdirp/-/readdirp-3.6.0.tgz 0ms (cache hit)
5468 http cache normalize-path@https://registry.npmjs.org/normalize-path/-/normalize-path-3.0.0.tgz 0ms (cache hit)
5469 http cache is-binary-path@https://registry.npmjs.org/is-binary-path/-/is-binary-path-2.1.0.tgz 0ms (cache hit)
5470 http cache supports-color@https://registry.npmjs.org/supports-color/-/supports-color-7.2.0.tgz 0ms (cache hit)
5471 http cache glob-parent@https://registry.npmjs.org/glob-parent/-/glob-parent-5.1.2.tgz 0ms (cache hit)
5472 http cache ansi-styles@https://registry.npmjs.org/ansi-styles/-/ansi-styles-4.3.0.tgz 0ms (cache hit)
5473 http cache anymatch@https://registry.npmjs.org/anymatch/-/anymatch-3.1.3.tgz 0ms (cache hit)
5474 http cache color-convert@https://registry.npmjs.org/color-convert/-/color-convert-2.0.1.tgz 0ms (cache hit)
5475 http cache resolve@https://registry.npmjs.org/resolve/-/resolve-1.22.12.tgz 0ms (cache hit)
5476 http cache braces@https://registry.npmjs.org/braces/-/braces-3.0.3.tgz 0ms (cache hit)
5477 http cache make-dir@https://registry.npmjs.org/make-dir/-/make-dir-3.1.0.tgz 1ms (cache hit)
5478 http cache find-cache-dir@https://registry.npmjs.org/find-cache-dir/-/find-cache-dir-3.3.2.tgz 0ms (cache hit)
5479 http cache loader-utils@https://registry.npmjs.org/loader-utils/-/loader-utils-2.0.4.tgz 0ms (cache hit)
5480 http cache schema-utils@https://registry.npmjs.org/schema-utils/-/schema-utils-2.7.1.tgz 0ms (cache hit)
5481 http cache lodash.debounce@https://registry.npmjs.org/lodash.debounce/-/lodash.debounce-4.0.8.tgz 0ms (cache hit)
5482 http cache @types/svgo@https://registry.npmjs.org/@types/svgo/-/svgo-1.3.6.tgz 0ms (cache hit)
5483 http cache @babel/helper-define-polyfill-provider@https://registry.npmjs.org/@babel/helper-define-polyfill-provider/-/helper-define-polyfill-provider-0.6.8.tgz 0ms (cache hit)
5484 http cache @types/imagemin@https://registry.npmjs.org/@types/imagemin/-/imagemin-9.0.1.tgz 0ms (cache hit)
5485 http cache @types/node@https://registry.npmjs.org/@types/node/-/node-26.1.2.tgz 0ms (cache hit)
5486 http cache undici-types@https://registry.npmjs.org/undici-types/-/undici-types-8.3.0.tgz 0ms (cache hit)
5487 http cache source-map@https://registry.npmjs.org/source-map/-/source-map-0.6.1.tgz 0ms (cache hit)
5488 http cache esutils@https://registry.npmjs.org/esutils/-/esutils-2.0.3.tgz 0ms (cache hit)
5489 http cache @babel/helper-remap-async-to-generator@https://registry.npmjs.org/@babel/helper-remap-async-to-generator/-/helper-remap-async-to-generator-7.29.7.tgz 0ms (cache hit)
5490 http cache @babel/helper-replace-supers@https://registry.npmjs.org/@babel/helper-replace-supers/-/helper-replace-supers-7.29.7.tgz 0ms (cache hit)
5491 http cache @babel/helper-create-class-features-plugin@https://registry.npmjs.org/@babel/helper-create-class-features-plugin/-/helper-create-class-features-plugin-7.29.7.tgz 0ms (cache hit)
5492 http cache regexpu-core@https://registry.npmjs.org/regexpu-core/-/regexpu-core-6.4.0.tgz 0ms (cache hit)
5493 http cache @babel/helper-member-expression-to-functions@https://registry.npmjs.org/@babel/helper-member-expression-to-functions/-/helper-member-expression-to-functions-7.29.7.tgz 0ms (cache hit)
5494 http cache @babel/helper-optimise-call-expression@https://registry.npmjs.org/@babel/helper-optimise-call-expression/-/helper-optimise-call-expression-7.29.7.tgz 0ms (cache hit)
5495 http cache @babel/helper-wrap-function@https://registry.npmjs.org/@babel/helper-wrap-function/-/helper-wrap-function-7.29.7.tgz 0ms (cache hit)
5496 http cache @babel/helper-annotate-as-pure@https://registry.npmjs.org/@babel/helper-annotate-as-pure/-/helper-annotate-as-pure-7.29.7.tgz 0ms (cache hit)
5497 http cache @babel/helper-skip-transparent-expression-wrappers@https://registry.npmjs.org/@babel/helper-skip-transparent-expression-wrappers/-/helper-skip-transparent-expression-wrappers-7.29.7.tgz 0ms (cache hit)
5498 http cache @babel/preset-modules@https://registry.npmjs.org/@babel/preset-modules/-/preset-modules-0.1.6-no-external-plugins.tgz 0ms (cache hit)
5499 http cache @babel/plugin-transform-unicode-sets-regex@https://registry.npmjs.org/@babel/plugin-transform-unicode-sets-regex/-/plugin-transform-unicode-sets-regex-7.29.7.tgz 0ms (cache hit)
5500 http cache @babel/plugin-transform-unicode-regex@https://registry.npmjs.org/@babel/plugin-transform-unicode-regex/-/plugin-transform-unicode-regex-7.29.7.tgz 0ms (cache hit)
5501 http cache @babel/helper-create-regexp-features-plugin@https://registry.npmjs.org/@babel/helper-create-regexp-features-plugin/-/helper-create-regexp-features-plugin-7.29.7.tgz 0ms (cache hit)
5502 http cache core-js-compat@https://registry.npmjs.org/core-js-compat/-/core-js-compat-3.49.0.tgz 0ms (cache hit)
5503 http cache @babel/plugin-transform-unicode-escapes@https://registry.npmjs.org/@babel/plugin-transform-unicode-escapes/-/plugin-transform-unicode-escapes-7.29.7.tgz 0ms (cache hit)
5504 http cache @babel/plugin-transform-unicode-property-regex@https://registry.npmjs.org/@babel/plugin-transform-unicode-property-regex/-/plugin-transform-unicode-property-regex-7.29.7.tgz 0ms (cache hit)
5505 http cache @babel/plugin-transform-sticky-regex@https://registry.npmjs.org/@babel/plugin-transform-sticky-regex/-/plugin-transform-sticky-regex-7.29.7.tgz 0ms (cache hit)
5506 http cache @babel/plugin-transform-spread@https://registry.npmjs.org/@babel/plugin-transform-spread/-/plugin-transform-spread-7.29.8.tgz 0ms (cache hit)
5507 http cache @babel/plugin-transform-shorthand-properties@https://registry.npmjs.org/@babel/plugin-transform-shorthand-properties/-/plugin-transform-shorthand-properties-7.29.7.tgz 0ms (cache hit)
5508 http cache @babel/plugin-transform-template-literals@https://registry.npmjs.org/@babel/plugin-transform-template-literals/-/plugin-transform-template-literals-7.29.7.tgz 0ms (cache hit)
5509 http cache @babel/plugin-transform-typeof-symbol@https://registry.npmjs.org/@babel/plugin-transform-typeof-symbol/-/plugin-transform-typeof-symbol-7.29.7.tgz 0ms (cache hit)
5510 http cache @babel/plugin-transform-reserved-words@https://registry.npmjs.org/@babel/plugin-transform-reserved-words/-/plugin-transform-reserved-words-7.29.7.tgz 0ms (cache hit)
5511 http cache @babel/plugin-transform-regexp-modifiers@https://registry.npmjs.org/@babel/plugin-transform-regexp-modifiers/-/plugin-transform-regexp-modifiers-7.29.7.tgz 0ms (cache hit)
5512 http cache @babel/plugin-transform-property-literals@https://registry.npmjs.org/@babel/plugin-transform-property-literals/-/plugin-transform-property-literals-7.29.7.tgz 0ms (cache hit)
5513 http cache @babel/plugin-transform-private-methods@https://registry.npmjs.org/@babel/plugin-transform-private-methods/-/plugin-transform-private-methods-7.29.7.tgz 0ms (cache hit)
5514 http cache @babel/plugin-transform-regenerator@https://registry.npmjs.org/@babel/plugin-transform-regenerator/-/plugin-transform-regenerator-7.29.8.tgz 0ms (cache hit)
5515 http cache @babel/plugin-transform-optional-catch-binding@https://registry.npmjs.org/@babel/plugin-transform-optional-catch-binding/-/plugin-transform-optional-catch-binding-7.29.7.tgz 0ms (cache hit)
5516 http cache @babel/plugin-transform-optional-chaining@https://registry.npmjs.org/@babel/plugin-transform-optional-chaining/-/plugin-transform-optional-chaining-7.29.7.tgz 0ms (cache hit)
5517 http cache @babel/plugin-transform-private-property-in-object@https://registry.npmjs.org/@babel/plugin-transform-private-property-in-object/-/plugin-transform-private-property-in-object-7.29.7.tgz 0ms (cache hit)
5518 http cache @babel/plugin-transform-object-rest-spread@https://registry.npmjs.org/@babel/plugin-transform-object-rest-spread/-/plugin-transform-object-rest-spread-7.29.7.tgz 0ms (cache hit)
5519 http cache @babel/plugin-transform-numeric-separator@https://registry.npmjs.org/@babel/plugin-transform-numeric-separator/-/plugin-transform-numeric-separator-7.29.7.tgz 0ms (cache hit)
5520 http cache @babel/plugin-transform-new-target@https://registry.npmjs.org/@babel/plugin-transform-new-target/-/plugin-transform-new-target-7.29.7.tgz 0ms (cache hit)
5521 http cache @babel/plugin-transform-named-capturing-groups-regex@https://registry.npmjs.org/@babel/plugin-transform-named-capturing-groups-regex/-/plugin-transform-named-capturing-groups-regex-7.29.7.tgz 0ms (cache hit)
5522 http cache @babel/plugin-transform-object-super@https://registry.npmjs.org/@babel/plugin-transform-object-super/-/plugin-transform-object-super-7.29.7.tgz 0ms (cache hit)
5523 http cache @babel/plugin-transform-nullish-coalescing-operator@https://registry.npmjs.org/@babel/plugin-transform-nullish-coalescing-operator/-/plugin-transform-nullish-coalescing-operator-7.29.7.tgz 0ms (cache hit)
5524 http cache @babel/plugin-transform-modules-umd@https://registry.npmjs.org/@babel/plugin-transform-modules-umd/-/plugin-transform-modules-umd-7.29.7.tgz 0ms (cache hit)
5525 http cache @babel/plugin-transform-modules-systemjs@https://registry.npmjs.org/@babel/plugin-transform-modules-systemjs/-/plugin-transform-modules-systemjs-7.29.8.tgz 0ms (cache hit)
5526 http cache @babel/plugin-transform-logical-assignment-operators@https://registry.npmjs.org/@babel/plugin-transform-logical-assignment-operators/-/plugin-transform-logical-assignment-operators-7.29.7.tgz 0ms (cache hit)
5527 http cache @babel/plugin-transform-modules-amd@https://registry.npmjs.org/@babel/plugin-transform-modules-amd/-/plugin-transform-modules-amd-7.29.7.tgz 0ms (cache hit)
5528 http cache @babel/plugin-transform-export-namespace-from@https://registry.npmjs.org/@babel/plugin-transform-export-namespace-from/-/plugin-transform-export-namespace-from-7.29.7.tgz 0ms (cache hit)
5529 http cache @babel/plugin-transform-modules-commonjs@https://registry.npmjs.org/@babel/plugin-transform-modules-commonjs/-/plugin-transform-modules-commonjs-7.29.7.tgz 0ms (cache hit)
5530 http cache @babel/plugin-transform-member-expression-literals@https://registry.npmjs.org/@babel/plugin-transform-member-expression-literals/-/plugin-transform-member-expression-literals-7.29.7.tgz 0ms (cache hit)
5531 http cache @babel/plugin-transform-json-strings@https://registry.npmjs.org/@babel/plugin-transform-json-strings/-/plugin-transform-json-strings-7.29.7.tgz 0ms (cache hit)
5532 http cache @babel/plugin-transform-literals@https://registry.npmjs.org/@babel/plugin-transform-literals/-/plugin-transform-literals-7.29.7.tgz 0ms (cache hit)
5533 http cache @babel/plugin-transform-explicit-resource-management@https://registry.npmjs.org/@babel/plugin-transform-explicit-resource-management/-/plugin-transform-explicit-resource-management-7.29.7.tgz 0ms (cache hit)
5534 http cache @babel/plugin-transform-dynamic-import@https://registry.npmjs.org/@babel/plugin-transform-dynamic-import/-/plugin-transform-dynamic-import-7.29.7.tgz 0ms (cache hit)
5535 http cache @babel/plugin-transform-for-of@https://registry.npmjs.org/@babel/plugin-transform-for-of/-/plugin-transform-for-of-7.29.7.tgz 0ms (cache hit)
5536 http cache @babel/plugin-transform-duplicate-named-capturing-groups-regex@https://registry.npmjs.org/@babel/plugin-transform-duplicate-named-capturing-groups-regex/-/plugin-transform-duplicate-named-capturing-groups-regex-7.29.7.tgz 0ms (cache hit)
5537 http cache @babel/plugin-transform-exponentiation-operator@https://registry.npmjs.org/@babel/plugin-transform-exponentiation-operator/-/plugin-transform-exponentiation-operator-7.29.7.tgz 0ms (cache hit)
5538 http cache @babel/plugin-transform-duplicate-keys@https://registry.npmjs.org/@babel/plugin-transform-duplicate-keys/-/plugin-transform-duplicate-keys-7.29.7.tgz 0ms (cache hit)
5539 http cache @babel/plugin-transform-function-name@https://registry.npmjs.org/@babel/plugin-transform-function-name/-/plugin-transform-function-name-7.29.7.tgz 0ms (cache hit)
5540 http cache @babel/plugin-transform-dotall-regex@https://registry.npmjs.org/@babel/plugin-transform-dotall-regex/-/plugin-transform-dotall-regex-7.29.7.tgz 0ms (cache hit)
5541 http cache @babel/plugin-transform-destructuring@https://registry.npmjs.org/@babel/plugin-transform-destructuring/-/plugin-transform-destructuring-7.29.7.tgz 0ms (cache hit)
5542 http cache @babel/plugin-transform-computed-properties@https://registry.npmjs.org/@babel/plugin-transform-computed-properties/-/plugin-transform-computed-properties-7.29.7.tgz 0ms (cache hit)
5543 http cache @babel/plugin-transform-class-static-block@https://registry.npmjs.org/@babel/plugin-transform-class-static-block/-/plugin-transform-class-static-block-7.29.7.tgz 0ms (cache hit)
5544 http cache @babel/plugin-transform-class-properties@https://registry.npmjs.org/@babel/plugin-transform-class-properties/-/plugin-transform-class-properties-7.29.7.tgz 0ms (cache hit)
5545 http cache @babel/plugin-transform-classes@https://registry.npmjs.org/@babel/plugin-transform-classes/-/plugin-transform-classes-7.29.7.tgz 0ms (cache hit)
5546 http cache @babel/plugin-transform-async-to-generator@https://registry.npmjs.org/@babel/plugin-transform-async-to-generator/-/plugin-transform-async-to-generator-7.29.7.tgz 0ms (cache hit)
5547 http cache @babel/plugin-transform-block-scoping@https://registry.npmjs.org/@babel/plugin-transform-block-scoping/-/plugin-transform-block-scoping-7.29.7.tgz 0ms (cache hit)
5548 http cache @babel/plugin-transform-block-scoped-functions@https://registry.npmjs.org/@babel/plugin-transform-block-scoped-functions/-/plugin-transform-block-scoped-functions-7.29.7.tgz 0ms (cache hit)
5549 http cache @babel/plugin-transform-async-generator-functions@https://registry.npmjs.org/@babel/plugin-transform-async-generator-functions/-/plugin-transform-async-generator-functions-7.29.7.tgz 0ms (cache hit)
5550 http cache @babel/plugin-syntax-unicode-sets-regex@https://registry.npmjs.org/@babel/plugin-syntax-unicode-sets-regex/-/plugin-syntax-unicode-sets-regex-7.18.6.tgz 0ms (cache hit)
5551 http cache @babel/plugin-transform-arrow-functions@https://registry.npmjs.org/@babel/plugin-transform-arrow-functions/-/plugin-transform-arrow-functions-7.29.7.tgz 0ms (cache hit)
5552 http cache @babel/plugin-syntax-import-assertions@https://registry.npmjs.org/@babel/plugin-syntax-import-assertions/-/plugin-syntax-import-assertions-7.29.7.tgz 0ms (cache hit)
5553 http cache @babel/plugin-proposal-private-property-in-object@https://registry.npmjs.org/@babel/plugin-proposal-private-property-in-object/-/plugin-proposal-private-property-in-object-7.21.0-placeholder-for-preset-env.2.tgz 0ms (cache hit)
5554 http cache @babel/plugin-syntax-import-attributes@https://registry.npmjs.org/@babel/plugin-syntax-import-attributes/-/plugin-syntax-import-attributes-7.29.7.tgz 0ms (cache hit)
5555 http cache @babel/plugin-bugfix-v8-spread-parameters-in-optional-chaining@https://registry.npmjs.org/@babel/plugin-bugfix-v8-spread-parameters-in-optional-chaining/-/plugin-bugfix-v8-spread-parameters-in-optional-chaining-7.29.7.tgz 0ms (cache hit)
5556 http cache @babel/plugin-bugfix-v8-static-class-fields-redefine-readonly@https://registry.npmjs.org/@babel/plugin-bugfix-v8-static-class-fields-redefine-readonly/-/plugin-bugfix-v8-static-class-fields-redefine-readonly-7.29.7.tgz 0ms (cache hit)
5557 http cache @babel/plugin-bugfix-safari-class-field-initializer-scope@https://registry.npmjs.org/@babel/plugin-bugfix-safari-class-field-initializer-scope/-/plugin-bugfix-safari-class-field-initializer-scope-7.29.7.tgz 0ms (cache hit)
5558 http cache @babel/plugin-bugfix-safari-id-destructuring-collision-in-function-expression@https://registry.npmjs.org/@babel/plugin-bugfix-safari-id-destructuring-collision-in-function-expression/-/plugin-bugfix-safari-id-destructuring-collision-in-function-expression-7.29.7.tgz 0ms (cache hit)
5559 http cache @babel/plugin-bugfix-safari-rest-destructuring-rhs-array@https://registry.npmjs.org/@babel/plugin-bugfix-safari-rest-destructuring-rhs-array/-/plugin-bugfix-safari-rest-destructuring-rhs-array-7.29.7.tgz 0ms (cache hit)
5560 http cache babel-plugin-polyfill-corejs2@https://registry.npmjs.org/babel-plugin-polyfill-corejs2/-/babel-plugin-polyfill-corejs2-0.4.17.tgz 0ms (cache hit)
5561 http cache @babel/plugin-bugfix-firefox-class-in-computed-class-key@https://registry.npmjs.org/@babel/plugin-bugfix-firefox-class-in-computed-class-key/-/plugin-bugfix-firefox-class-in-computed-class-key-7.29.7.tgz 0ms (cache hit)
5562 http cache babel-plugin-polyfill-regenerator@https://registry.npmjs.org/babel-plugin-polyfill-regenerator/-/babel-plugin-polyfill-regenerator-0.6.8.tgz 0ms (cache hit)
5563 http cache @babel/plugin-transform-parameters@https://registry.npmjs.org/@babel/plugin-transform-parameters/-/plugin-transform-parameters-7.29.7.tgz 0ms (cache hit)
5564 http cache @babel/plugin-syntax-object-rest-spread@https://registry.npmjs.org/@babel/plugin-syntax-object-rest-spread/-/plugin-syntax-object-rest-spread-7.8.3.tgz 0ms (cache hit)
5565 http cache babel-plugin-polyfill-corejs3@https://registry.npmjs.org/babel-plugin-polyfill-corejs3/-/babel-plugin-polyfill-corejs3-0.13.0.tgz 0ms (cache hit)
5566 http cache webpackbar@https://registry.npmjs.org/webpackbar/-/webpackbar-5.0.2.tgz 0ms (cache hit)
5567 http cache webpack-merge@https://registry.npmjs.org/webpack-merge/-/webpack-merge-5.10.0.tgz 0ms (cache hit)
5568 http cache webpack-cli@https://registry.npmjs.org/webpack-cli/-/webpack-cli-4.10.0.tgz 0ms (cache hit)
5569 http cache webpack-notifier@https://registry.npmjs.org/webpack-notifier/-/webpack-notifier-1.15.0.tgz 0ms (cache hit)
5570 http cache webpack-dev-server@https://registry.npmjs.org/webpack-dev-server/-/webpack-dev-server-4.15.2.tgz 0ms (cache hit)
5571 http cache yargs@https://registry.npmjs.org/yargs/-/yargs-17.7.3.tgz 0ms (cache hit)
5572 http cache strip-ansi@https://registry.npmjs.org/strip-ansi/-/strip-ansi-6.0.1.tgz 0ms (cache hit)
5573 http cache terser@https://registry.npmjs.org/terser/-/terser-5.49.0.tgz 0ms (cache hit)
5574 http cache postcss-load-config@https://registry.npmjs.org/postcss-load-config/-/postcss-load-config-3.1.4.tgz 0ms (cache hit)
5575 http cache postcss-loader@https://registry.npmjs.org/postcss-loader/-/postcss-loader-6.2.1.tgz 0ms (cache hit)
5576 http cache style-loader@https://registry.npmjs.org/style-loader/-/style-loader-2.0.0.tgz 0ms (cache hit)
5577 http cache vue-style-loader@https://registry.npmjs.org/vue-style-loader/-/vue-style-loader-4.1.3.tgz 0ms (cache hit)
5578 http cache lodash@https://registry.npmjs.org/lodash/-/lodash-4.18.1.tgz 0ms (cache hit)
5579 http cache node-libs-browser@https://registry.npmjs.org/node-libs-browser/-/node-libs-browser-2.2.1.tgz 0ms (cache hit)
5580 http cache terser-webpack-plugin@https://registry.npmjs.org/terser-webpack-plugin/-/terser-webpack-plugin-5.6.1.tgz 0ms (cache hit)
5581 http cache md5@https://registry.npmjs.org/md5/-/md5-2.3.0.tgz 0ms (cache hit)
5582 http cache mini-css-extract-plugin@https://registry.npmjs.org/mini-css-extract-plugin/-/mini-css-extract-plugin-1.6.2.tgz 0ms (cache hit)
5583 http cache img-loader@https://registry.npmjs.org/img-loader/-/img-loader-4.0.0.tgz 0ms (cache hit)
5584 http cache html-loader@https://registry.npmjs.org/html-loader/-/html-loader-1.3.2.tgz 0ms (cache hit)
5585 http cache fs-extra@https://registry.npmjs.org/fs-extra/-/fs-extra-10.1.0.tgz 0ms (cache hit)
5586 http cache imagemin@https://registry.npmjs.org/imagemin/-/imagemin-7.0.1.tgz 0ms (cache hit)
5587 http cache dotenv-expand@https://registry.npmjs.org/dotenv-expand/-/dotenv-expand-5.1.0.tgz 0ms (cache hit)
5588 http cache file-loader@https://registry.npmjs.org/file-loader/-/file-loader-6.2.0.tgz 0ms (cache hit)
5589 http cache glob@https://registry.npmjs.org/glob/-/glob-7.2.3.tgz 0ms (cache hit)
5590 http cache dotenv@https://registry.npmjs.org/dotenv/-/dotenv-10.0.0.tgz 0ms (cache hit)
5591 http cache cssnano@https://registry.npmjs.org/cssnano/-/cssnano-5.1.15.tgz 0ms (cache hit)
5592 http cache css-loader@https://registry.npmjs.org/css-loader/-/css-loader-5.2.7.tgz 0ms (cache hit)
5593 http cache commander@https://registry.npmjs.org/commander/-/commander-7.2.0.tgz 0ms (cache hit)
5594 http cache collect.js@https://registry.npmjs.org/collect.js/-/collect.js-4.36.1.tgz 0ms (cache hit)
5595 http cache concat@https://registry.npmjs.org/concat/-/concat-1.0.3.tgz 0ms (cache hit)
5596 http cache @types/imagemin-svgo@https://registry.npmjs.org/@types/imagemin-svgo/-/imagemin-svgo-8.0.1.tgz 0ms (cache hit)
5597 http cache cli-table3@https://registry.npmjs.org/cli-table3/-/cli-table3-0.6.5.tgz 0ms (cache hit)
5598 http cache clean-css@https://registry.npmjs.org/clean-css/-/clean-css-5.3.3.tgz 0ms (cache hit)
5599 http cache @types/imagemin-optipng@https://registry.npmjs.org/@types/imagemin-optipng/-/imagemin-optipng-5.2.4.tgz 0ms (cache hit)
5600 http cache babel-loader@https://registry.npmjs.org/babel-loader/-/babel-loader-8.4.1.tgz 0ms (cache hit)
5601 http cache webpack@https://registry.npmjs.org/webpack/-/webpack-5.109.2.tgz 0ms (cache hit)
5602 http cache @types/imagemin-mozjpeg@https://registry.npmjs.org/@types/imagemin-mozjpeg/-/imagemin-mozjpeg-8.0.4.tgz 0ms (cache hit)
5603 http cache chalk@https://registry.npmjs.org/chalk/-/chalk-4.1.2.tgz 0ms (cache hit)
5604 http cache @types/imagemin-gifsicle@https://registry.npmjs.org/@types/imagemin-gifsicle/-/imagemin-gifsicle-7.0.4.tgz 0ms (cache hit)
5605 http cache @types/clean-css@https://registry.npmjs.org/@types/clean-css/-/clean-css-4.2.11.tgz 0ms (cache hit)
5606 http cache @babel/plugin-transform-runtime@https://registry.npmjs.org/@babel/plugin-transform-runtime/-/plugin-transform-runtime-7.29.7.tgz 0ms (cache hit)
5607 http cache css-line-break@https://registry.npmjs.org/css-line-break/-/css-line-break-2.1.0.tgz 0ms (cache hit)
5608 http cache text-segmentation@https://registry.npmjs.org/text-segmentation/-/text-segmentation-1.0.3.tgz 0ms (cache hit)
5609 http cache @babel/preset-env@https://registry.npmjs.org/@babel/preset-env/-/preset-env-7.29.7.tgz 0ms (cache hit)
5610 http cache @babel/plugin-syntax-dynamic-import@https://registry.npmjs.org/@babel/plugin-syntax-dynamic-import/-/plugin-syntax-dynamic-import-7.8.3.tgz 0ms (cache hit)
5611 http cache chokidar@https://registry.npmjs.org/chokidar/-/chokidar-3.6.0.tgz 0ms (cache hit)
5612 http cache utrie@https://registry.npmjs.org/utrie/-/utrie-1.0.2.tgz 0ms (cache hit)
5613 http cache pako@https://registry.npmjs.org/pako/-/pako-2.2.0.tgz 0ms (cache hit)
5614 http cache @types/pako@https://registry.npmjs.org/@types/pako/-/pako-2.0.4.tgz 0ms (cache hit)
5615 http cache @babel/plugin-proposal-object-rest-spread@https://registry.npmjs.org/@babel/plugin-proposal-object-rest-spread/-/plugin-proposal-object-rest-spread-7.20.7.tgz 0ms (cache hit)
5616 http cache @types/trusted-types@https://registry.npmjs.org/@types/trusted-types/-/trusted-types-2.0.7.tgz 0ms (cache hit)
5617 http cache iobuffer@https://registry.npmjs.org/iobuffer/-/iobuffer-5.4.0.tgz 0ms (cache hit)
5618 http cache @types/raf@https://registry.npmjs.org/@types/raf/-/raf-3.4.3.tgz 0ms (cache hit)
5619 http cache svg-pathdata@https://registry.npmjs.org/svg-pathdata/-/svg-pathdata-6.0.3.tgz 0ms (cache hit)
5620 http cache stackblur-canvas@https://registry.npmjs.org/stackblur-canvas/-/stackblur-canvas-2.7.0.tgz 0ms (cache hit)
5621 http cache rgbcolor@https://registry.npmjs.org/rgbcolor/-/rgbcolor-1.0.1.tgz 0ms (cache hit)
5622 http cache regenerator-runtime@https://registry.npmjs.org/regenerator-runtime/-/regenerator-runtime-0.13.11.tgz 0ms (cache hit)
5623 http cache raf@https://registry.npmjs.org/raf/-/raf-3.4.1.tgz 0ms (cache hit)
5624 http cache html2canvas@https://registry.npmjs.org/html2canvas/-/html2canvas-1.4.1.tgz 0ms (cache hit)
5625 http cache fflate@https://registry.npmjs.org/fflate/-/fflate-0.8.3.tgz 0ms (cache hit)
5626 http cache @babel/runtime@https://registry.npmjs.org/@babel/runtime/-/runtime-7.29.7.tgz 0ms (cache hit)
5627 http cache canvg@https://registry.npmjs.org/canvg/-/canvg-3.0.11.tgz 0ms (cache hit)
5628 http cache fast-png@https://registry.npmjs.org/fast-png/-/fast-png-6.4.0.tgz 0ms (cache hit)
5629 http cache dompurify@https://registry.npmjs.org/dompurify/-/dompurify-3.4.12.tgz 0ms (cache hit)
5630 http cache dunder-proto@https://registry.npmjs.org/dunder-proto/-/dunder-proto-1.0.1.tgz 0ms (cache hit)
5631 http cache agent-base@https://registry.npmjs.org/agent-base/-/agent-base-6.0.2.tgz 0ms (cache hit)
5632 http cache core-js@https://registry.npmjs.org/core-js/-/core-js-3.49.0.tgz 0ms (cache hit)
5633 http cache math-intrinsics@https://registry.npmjs.org/math-intrinsics/-/math-intrinsics-1.1.0.tgz 0ms (cache hit)
5634 http cache gopd@https://registry.npmjs.org/gopd/-/gopd-1.2.0.tgz 0ms (cache hit)
5635 http cache has-symbols@https://registry.npmjs.org/has-symbols/-/has-symbols-1.1.0.tgz 0ms (cache hit)
5636 http cache function-bind@https://registry.npmjs.org/function-bind/-/function-bind-1.1.2.tgz 0ms (cache hit)
5637 http cache get-proto@https://registry.npmjs.org/get-proto/-/get-proto-1.0.1.tgz 0ms (cache hit)
5638 http cache es-object-atoms@https://registry.npmjs.org/es-object-atoms/-/es-object-atoms-1.1.2.tgz 0ms (cache hit)
5639 http cache call-bind-apply-helpers@https://registry.npmjs.org/call-bind-apply-helpers/-/call-bind-apply-helpers-1.0.2.tgz 0ms (cache hit)
5640 http cache es-define-property@https://registry.npmjs.org/es-define-property/-/es-define-property-1.0.1.tgz 0ms (cache hit)
5641 http cache delayed-stream@https://registry.npmjs.org/delayed-stream/-/delayed-stream-1.0.0.tgz 0ms (cache hit)
5642 http cache has-tostringtag@https://registry.npmjs.org/has-tostringtag/-/has-tostringtag-1.0.2.tgz 0ms (cache hit)
5643 http cache get-intrinsic@https://registry.npmjs.org/get-intrinsic/-/get-intrinsic-1.3.0.tgz 0ms (cache hit)
5644 http cache es-errors@https://registry.npmjs.org/es-errors/-/es-errors-1.3.0.tgz 0ms (cache hit)
5645 http cache mime-types@https://registry.npmjs.org/mime-types/-/mime-types-2.1.35.tgz 0ms (cache hit)
5646 http cache es-set-tostringtag@https://registry.npmjs.org/es-set-tostringtag/-/es-set-tostringtag-2.1.0.tgz 0ms (cache hit)
5647 http cache hasown@https://registry.npmjs.org/hasown/-/hasown-2.0.4.tgz 0ms (cache hit)
5648 http cache asynckit@https://registry.npmjs.org/asynckit/-/asynckit-0.4.0.tgz 0ms (cache hit)
5649 http cache ms@https://registry.npmjs.org/ms/-/ms-2.1.3.tgz 0ms (cache hit)
5650 http cache combined-stream@https://registry.npmjs.org/combined-stream/-/combined-stream-1.0.8.tgz 1ms (cache hit)
5651 http cache @kurkle/color@https://registry.npmjs.org/@kurkle/color/-/color-0.3.4.tgz 0ms (cache hit)
5652 http cache node-releases@https://registry.npmjs.org/node-releases/-/node-releases-2.0.51.tgz 0ms (cache hit)
5653 http cache electron-to-chromium@https://registry.npmjs.org/electron-to-chromium/-/electron-to-chromium-1.5.399.tgz 0ms (cache hit)
5654 http cache update-browserslist-db@https://registry.npmjs.org/update-browserslist-db/-/update-browserslist-db-1.2.3.tgz 0ms (cache hit)
5655 http cache baseline-browser-mapping@https://registry.npmjs.org/baseline-browser-mapping/-/baseline-browser-mapping-2.11.8.tgz 0ms (cache hit)
5656 http cache form-data@https://registry.npmjs.org/form-data/-/form-data-4.0.6.tgz 0ms (cache hit)
5657 http cache https-proxy-agent@https://registry.npmjs.org/https-proxy-agent/-/https-proxy-agent-5.0.1.tgz 0ms (cache hit)
5658 http cache follow-redirects@https://registry.npmjs.org/follow-redirects/-/follow-redirects-1.16.0.tgz 0ms (cache hit)
5659 http cache proxy-from-env@https://registry.npmjs.org/proxy-from-env/-/proxy-from-env-2.1.0.tgz 0ms (cache hit)
5660 http cache @types/babel__traverse@https://registry.npmjs.org/@types/babel__traverse/-/babel__traverse-7.28.0.tgz 0ms (cache hit)
5661 http cache postcss-value-parser@https://registry.npmjs.org/postcss-value-parser/-/postcss-value-parser-4.2.0.tgz 0ms (cache hit)
5662 http cache @types/babel__template@https://registry.npmjs.org/@types/babel__template/-/babel__template-7.4.4.tgz 0ms (cache hit)
5663 http cache fraction.js@https://registry.npmjs.org/fraction.js/-/fraction.js-5.3.4.tgz 0ms (cache hit)
5664 http cache caniuse-lite@https://registry.npmjs.org/caniuse-lite/-/caniuse-lite-1.0.30001806.tgz 0ms (cache hit)
5665 http cache @types/babel__generator@https://registry.npmjs.org/@types/babel__generator/-/babel__generator-7.27.0.tgz 0ms (cache hit)
5666 http cache @jridgewell/resolve-uri@https://registry.npmjs.org/@jridgewell/resolve-uri/-/resolve-uri-3.1.2.tgz 0ms (cache hit)
5667 http cache @babel/helper-string-parser@https://registry.npmjs.org/@babel/helper-string-parser/-/helper-string-parser-7.29.7.tgz 0ms (cache hit)
5668 http cache lru-cache@https://registry.npmjs.org/lru-cache/-/lru-cache-5.1.1.tgz 0ms (cache hit)
5669 http cache @babel/helper-globals@https://registry.npmjs.org/@babel/helper-globals/-/helper-globals-7.29.7.tgz 0ms (cache hit)
5670 http cache browserslist@https://registry.npmjs.org/browserslist/-/browserslist-4.28.7.tgz 0ms (cache hit)
5671 http cache @babel/helper-plugin-utils@https://registry.npmjs.org/@babel/helper-plugin-utils/-/helper-plugin-utils-7.29.7.tgz 0ms (cache hit)
5672 http cache @jridgewell/sourcemap-codec@https://registry.npmjs.org/@jridgewell/sourcemap-codec/-/sourcemap-codec-1.5.5.tgz 0ms (cache hit)
5673 http cache @babel/helper-module-imports@https://registry.npmjs.org/@babel/helper-module-imports/-/helper-module-imports-7.29.7.tgz 0ms (cache hit)
5674 http cache jsesc@https://registry.npmjs.org/jsesc/-/jsesc-3.1.0.tgz 0ms (cache hit)
5675 http cache @babel/helper-validator-option@https://registry.npmjs.org/@babel/helper-validator-option/-/helper-validator-option-7.29.7.tgz 0ms (cache hit)
5676 http cache @jridgewell/trace-mapping@https://registry.npmjs.org/@jridgewell/trace-mapping/-/trace-mapping-0.3.31.tgz 0ms (cache hit)
5677 http cache @jridgewell/gen-mapping@https://registry.npmjs.org/@jridgewell/gen-mapping/-/gen-mapping-0.3.13.tgz 0ms (cache hit)
5678 http cache @babel/compat-data@https://registry.npmjs.org/@babel/compat-data/-/compat-data-7.29.7.tgz 0ms (cache hit)
5679 http cache picocolors@https://registry.npmjs.org/picocolors/-/picocolors-1.1.1.tgz 0ms (cache hit)
5680 http cache semver@https://registry.npmjs.org/semver/-/semver-6.3.1.tgz 0ms (cache hit)
5681 http cache js-tokens@https://registry.npmjs.org/js-tokens/-/js-tokens-4.0.0.tgz 0ms (cache hit)
5682 http cache @babel/helper-validator-identifier@https://registry.npmjs.org/@babel/helper-validator-identifier/-/helper-validator-identifier-7.29.7.tgz 0ms (cache hit)
5683 http cache @jridgewell/remapping@https://registry.npmjs.org/@jridgewell/remapping/-/remapping-2.3.5.tgz 0ms (cache hit)
5684 http cache json5@https://registry.npmjs.org/json5/-/json5-2.2.3.tgz 0ms (cache hit)
5685 http cache debug@https://registry.npmjs.org/debug/-/debug-4.4.3.tgz 0ms (cache hit)
5686 http cache gensync@https://registry.npmjs.org/gensync/-/gensync-1.0.0-beta.2.tgz 0ms (cache hit)
5687 http cache convert-source-map@https://registry.npmjs.org/convert-source-map/-/convert-source-map-2.0.0.tgz 0ms (cache hit)
5688 http cache @babel/types@https://registry.npmjs.org/@babel/types/-/types-7.29.8.tgz 0ms (cache hit)
5689 http cache @babel/traverse@https://registry.npmjs.org/@babel/traverse/-/traverse-7.29.8.tgz 0ms (cache hit)
5690 http cache @babel/helpers@https://registry.npmjs.org/@babel/helpers/-/helpers-7.29.7.tgz 0ms (cache hit)
5691 http cache @babel/template@https://registry.npmjs.org/@babel/template/-/template-7.29.7.tgz 0ms (cache hit)
5692 http cache @babel/parser@https://registry.npmjs.org/@babel/parser/-/parser-7.29.8.tgz 0ms (cache hit)
5693 http cache @babel/helper-compilation-targets@https://registry.npmjs.org/@babel/helper-compilation-targets/-/helper-compilation-targets-7.29.7.tgz 0ms (cache hit)
5694 http cache @babel/helper-module-transforms@https://registry.npmjs.org/@babel/helper-module-transforms/-/helper-module-transforms-7.29.7.tgz 0ms (cache hit)
5695 http cache react-refresh@https://registry.npmjs.org/react-refresh/-/react-refresh-0.17.0.tgz 0ms (cache hit)
5696 http cache @types/babel__core@https://registry.npmjs.org/@types/babel__core/-/babel__core-7.20.5.tgz 0ms (cache hit)
5697 http cache @babel/generator@https://registry.npmjs.org/@babel/generator/-/generator-7.29.8.tgz 0ms (cache hit)
5698 http cache @babel/code-frame@https://registry.npmjs.org/@babel/code-frame/-/code-frame-7.29.7.tgz 0ms (cache hit)
5699 http cache @babel/plugin-transform-react-jsx-source@https://registry.npmjs.org/@babel/plugin-transform-react-jsx-source/-/plugin-transform-react-jsx-source-7.29.7.tgz 0ms (cache hit)
5700 http cache @babel/plugin-transform-react-jsx-self@https://registry.npmjs.org/@babel/plugin-transform-react-jsx-self/-/plugin-transform-react-jsx-self-7.29.7.tgz 0ms (cache hit)
5701 http cache @babel/core@https://registry.npmjs.org/@babel/core/-/core-7.29.7.tgz 0ms (cache hit)
5702 http cache tippy.js@https://registry.npmjs.org/tippy.js/-/tippy.js-6.3.7.tgz 0ms (cache hit)
5703 http cache lodash.isequal@https://registry.npmjs.org/lodash.isequal/-/lodash.isequal-4.5.0.tgz 0ms (cache hit)
5704 http cache @rolldown/pluginutils@https://registry.npmjs.org/@rolldown/pluginutils/-/pluginutils-1.0.0-beta.27.tgz 0ms (cache hit)
5705 http cache nprogress@https://registry.npmjs.org/nprogress/-/nprogress-0.2.0.tgz 0ms (cache hit)
5706 http cache qs@https://registry.npmjs.org/qs/-/qs-6.15.3.tgz 0ms (cache hit)
5707 http cache deepmerge@https://registry.npmjs.org/deepmerge/-/deepmerge-4.3.1.tgz 0ms (cache hit)
5708 http cache tailwindcss@https://registry.npmjs.org/tailwindcss/-/tailwindcss-3.4.19.tgz 0ms (cache hit)
5709 http cache @inertiajs/core@https://registry.npmjs.org/@inertiajs/core/-/core-1.3.0.tgz 0ms (cache hit)
5710 http cache swiper@https://registry.npmjs.org/swiper/-/swiper-11.2.10.tgz 0ms (cache hit)
5711 http cache tailwindcss-animated@https://registry.npmjs.org/tailwindcss-animated/-/tailwindcss-animated-1.1.2.tgz 0ms (cache hit)
5712 http cache sode-extend-react@https://registry.npmjs.org/sode-extend-react/-/sode-extend-react-1.2.11.tgz 0ms (cache hit)
5713 http cache sonner@https://registry.npmjs.org/sonner/-/sonner-2.0.7.tgz 0ms (cache hit)
5714 http cache socket.io-client@https://registry.npmjs.org/socket.io-client/-/socket.io-client-4.8.3.tgz 0ms (cache hit)
5715 http cache sweetalert2@https://registry.npmjs.org/sweetalert2/-/sweetalert2-11.26.25.tgz 0ms (cache hit)
5716 http cache slick-carousel@https://registry.npmjs.org/slick-carousel/-/slick-carousel-1.8.1.tgz 0ms (cache hit)
5717 http cache rollup@https://registry.npmjs.org/rollup/-/rollup-4.62.3.tgz 0ms (cache hit)
5718 http cache react-modal@https://registry.npmjs.org/react-modal/-/react-modal-3.16.3.tgz 0ms (cache hit)
5719 http cache moment-timezone@https://registry.npmjs.org/moment-timezone/-/moment-timezone-0.5.48.tgz 0ms (cache hit)
5720 http cache react-chartjs-2@https://registry.npmjs.org/react-chartjs-2/-/react-chartjs-2-5.3.1.tgz 0ms (cache hit)
5721 http cache react-google-recaptcha@https://registry.npmjs.org/react-google-recaptcha/-/react-google-recaptcha-3.1.0.tgz 0ms (cache hit)
5722 http cache moment@https://registry.npmjs.org/moment/-/moment-2.30.1.tgz 0ms (cache hit)
5723 http cache lucide-react@https://registry.npmjs.org/lucide-react/-/lucide-react-0.577.0.tgz 0ms (cache hit)
5724 http cache laravel-vite-plugin@https://registry.npmjs.org/laravel-vite-plugin/-/laravel-vite-plugin-1.3.0.tgz 0ms (cache hit)
5725 http cache laravel-mix@https://registry.npmjs.org/laravel-mix/-/laravel-mix-6.0.49.tgz 0ms (cache hit)
5726 http cache jspdf@https://registry.npmjs.org/jspdf/-/jspdf-4.2.1.tgz 0ms (cache hit)
5727 http cache jsencrypt@https://registry.npmjs.org/jsencrypt/-/jsencrypt-3.5.4.tgz 0ms (cache hit)
5728 http cache jspdf-autotable@https://registry.npmjs.org/jspdf-autotable/-/jspdf-autotable-5.0.8.tgz 0ms (cache hit)
5729 http cache chart.js@https://registry.npmjs.org/chart.js/-/chart.js-4.5.1.tgz 0ms (cache hit)
5730 http cache jquery@https://registry.npmjs.org/jquery/-/jquery-3.7.1.tgz 0ms (cache hit)
5731 http cache bootstrap@https://registry.npmjs.org/bootstrap/-/bootstrap-5.3.8.tgz 0ms (cache hit)
5732 http cache postcss@https://registry.npmjs.org/postcss/-/postcss-8.5.25.tgz 0ms (cache hit)
5733 http cache axios@https://registry.npmjs.org/axios/-/axios-1.19.0.tgz 0ms (cache hit)
5734 http cache autoprefixer@https://registry.npmjs.org/autoprefixer/-/autoprefixer-10.5.4.tgz 0ms (cache hit)
5735 http cache vite@https://registry.npmjs.org/vite/-/vite-5.4.21.tgz 0ms (cache hit)
5736 http cache @inertiajs/react@https://registry.npmjs.org/@inertiajs/react/-/react-1.3.0.tgz 0ms (cache hit)
5737 http cache @vitejs/plugin-react@https://registry.npmjs.org/@vitejs/plugin-react/-/plugin-react-4.7.0.tgz 0ms (cache hit)
5738 http cache react-dom@https://registry.npmjs.org/react-dom/-/react-dom-18.3.1.tgz 0ms (cache hit)
5739 http cache @popperjs/core@https://registry.npmjs.org/@popperjs/core/-/core-2.11.8.tgz 0ms (cache hit)
5740 http cache gsap@https://registry.npmjs.org/gsap/-/gsap-3.15.0.tgz 0ms (cache hit)
5741 http cache react@https://registry.npmjs.org/react/-/react-18.3.1.tgz 0ms (cache hit)
5742 http cache @tippyjs/react@https://registry.npmjs.org/@tippyjs/react/-/react-4.2.6.tgz 0ms (cache hit)
5743 http cache json-schema-traverse@https://registry.npmjs.org/json-schema-traverse/-/json-schema-traverse-1.0.0.tgz 0ms (cache hit)
5744 http cache @gsap/react@https://registry.npmjs.org/@gsap/react/-/react-2.1.2.tgz 0ms (cache hit)
5745 http cache ajv@https://registry.npmjs.org/ajv/-/ajv-8.20.0.tgz 0ms (cache hit)
5746 http cache semver@https://registry.npmjs.org/semver/-/semver-7.8.5.tgz 0ms (cache hit)
5747 http cache debug@https://registry.npmjs.org/debug/-/debug-2.6.9.tgz 0ms (cache hit)
5748 http cache debug@https://registry.npmjs.org/debug/-/debug-2.6.9.tgz 0ms (cache hit)
5749 http cache ms@https://registry.npmjs.org/ms/-/ms-2.0.0.tgz 0ms (cache hit)
5750 http cache json-schema-traverse@https://registry.npmjs.org/json-schema-traverse/-/json-schema-traverse-1.0.0.tgz 0ms (cache hit)
5751 http cache ipaddr.js@https://registry.npmjs.org/ipaddr.js/-/ipaddr.js-1.9.1.tgz 0ms (cache hit)
5752 http cache ms@https://registry.npmjs.org/ms/-/ms-2.0.0.tgz 0ms (cache hit)
5753 http cache readable-stream@https://registry.npmjs.org/readable-stream/-/readable-stream-3.6.2.tgz 0ms (cache hit)
5754 http cache ajv@https://registry.npmjs.org/ajv/-/ajv-8.20.0.tgz 1ms (cache hit)
5755 http cache debug@https://registry.npmjs.org/debug/-/debug-2.6.9.tgz 0ms (cache hit)
5756 http cache ms@https://registry.npmjs.org/ms/-/ms-2.0.0.tgz 0ms (cache hit)
5757 http cache statuses@https://registry.npmjs.org/statuses/-/statuses-1.5.0.tgz 0ms (cache hit)
5758 http cache schema-utils@https://registry.npmjs.org/schema-utils/-/schema-utils-4.3.3.tgz 0ms (cache hit)
5759 http cache depd@https://registry.npmjs.org/depd/-/depd-1.1.2.tgz 0ms (cache hit)
5760 http cache ajv-keywords@https://registry.npmjs.org/ajv-keywords/-/ajv-keywords-5.1.0.tgz 0ms (cache hit)
5761 http cache ms@https://registry.npmjs.org/ms/-/ms-2.0.0.tgz 0ms (cache hit)
5762 http cache http-errors@https://registry.npmjs.org/http-errors/-/http-errors-1.8.1.tgz 0ms (cache hit)
5763 http cache debug@https://registry.npmjs.org/debug/-/debug-2.6.9.tgz 0ms (cache hit)
5764 http cache negotiator@https://registry.npmjs.org/negotiator/-/negotiator-0.6.3.tgz 0ms (cache hit)
5765 http cache resolve-from@https://registry.npmjs.org/resolve-from/-/resolve-from-5.0.0.tgz 0ms (cache hit)
5766 http cache ms@https://registry.npmjs.org/ms/-/ms-2.0.0.tgz 0ms (cache hit)
5767 http cache debug@https://registry.npmjs.org/debug/-/debug-2.6.9.tgz 0ms (cache hit)
5768 http cache ajv@https://registry.npmjs.org/ajv/-/ajv-8.20.0.tgz 0ms (cache hit)
5769 http cache ms@https://registry.npmjs.org/ms/-/ms-2.0.0.tgz 0ms (cache hit)
5770 http cache debug@https://registry.npmjs.org/debug/-/debug-2.6.9.tgz 0ms (cache hit)
5771 http cache json-schema-traverse@https://registry.npmjs.org/json-schema-traverse/-/json-schema-traverse-1.0.0.tgz 0ms (cache hit)
5772 http cache @types/send@https://registry.npmjs.org/@types/send/-/send-0.17.6.tgz 0ms (cache hit)
5773 http cache schema-utils@https://registry.npmjs.org/schema-utils/-/schema-utils-4.3.3.tgz 0ms (cache hit)
5774 http cache estraverse@https://registry.npmjs.org/estraverse/-/estraverse-5.3.0.tgz 0ms (cache hit)
5775 http cache ajv-keywords@https://registry.npmjs.org/ajv-keywords/-/ajv-keywords-5.1.0.tgz 0ms (cache hit)
5776 http cache @types/express-serve-static-core@https://registry.npmjs.org/@types/express-serve-static-core/-/express-serve-static-core-4.19.9.tgz 0ms (cache hit)
5777 http cache picomatch@https://registry.npmjs.org/picomatch/-/picomatch-4.0.5.tgz 0ms (cache hit)
5778 http cache fdir@https://registry.npmjs.org/fdir/-/fdir-6.5.0.tgz 0ms (cache hit)
5779 http cache domhandler@https://registry.npmjs.org/domhandler/-/domhandler-4.3.1.tgz 0ms (cache hit)
5780 http cache supports-color@https://registry.npmjs.org/supports-color/-/supports-color-8.1.1.tgz 0ms (cache hit)
5781 http cache punycode@https://registry.npmjs.org/punycode/-/punycode-2.3.1.tgz 0ms (cache hit)
5782 http cache commander@https://registry.npmjs.org/commander/-/commander-4.1.1.tgz 0ms (cache hit)
5783 http cache bn.js@https://registry.npmjs.org/bn.js/-/bn.js-4.12.5.tgz 0ms (cache hit)
5784 http cache hash-base@https://registry.npmjs.org/hash-base/-/hash-base-3.1.2.tgz 0ms (cache hit)
5785 http cache bn.js@https://registry.npmjs.org/bn.js/-/bn.js-4.12.5.tgz 0ms (cache hit)
5786 http cache isarray@https://registry.npmjs.org/isarray/-/isarray-2.0.5.tgz 0ms (cache hit)
5787 http cache bn.js@https://registry.npmjs.org/bn.js/-/bn.js-4.12.5.tgz 0ms (cache hit)
5788 http cache bn.js@https://registry.npmjs.org/bn.js/-/bn.js-4.12.5.tgz 0ms (cache hit)
5789 http cache bn.js@https://registry.npmjs.org/bn.js/-/bn.js-4.12.5.tgz 0ms (cache hit)
5790 http cache inherits@https://registry.npmjs.org/inherits/-/inherits-2.0.3.tgz 0ms (cache hit)
5791 http cache string_decoder@https://registry.npmjs.org/string_decoder/-/string_decoder-1.1.1.tgz 0ms (cache hit)
5792 http cache bn.js@https://registry.npmjs.org/bn.js/-/bn.js-4.12.5.tgz 0ms (cache hit)
5793 http cache safe-buffer@https://registry.npmjs.org/safe-buffer/-/safe-buffer-5.1.2.tgz 0ms (cache hit)
5794 http cache clean-css@https://registry.npmjs.org/clean-css/-/clean-css-4.2.4.tgz 0ms (cache hit)
5795 http cache pako@https://registry.npmjs.org/pako/-/pako-1.0.11.tgz 0ms (cache hit)
5796 http cache inherits@https://registry.npmjs.org/inherits/-/inherits-2.0.3.tgz 0ms (cache hit)
5797 http cache util@https://registry.npmjs.org/util/-/util-0.10.4.tgz 0ms (cache hit)
5798 http cache commander@https://registry.npmjs.org/commander/-/commander-4.1.1.tgz 0ms (cache hit)
5799 http cache terser@https://registry.npmjs.org/terser/-/terser-4.8.1.tgz 0ms (cache hit)
5800 http cache domhandler@https://registry.npmjs.org/domhandler/-/domhandler-4.3.1.tgz 0ms (cache hit)
5801 http cache json-schema-traverse@https://registry.npmjs.org/json-schema-traverse/-/json-schema-traverse-1.0.0.tgz 0ms (cache hit)
5802 http cache ajv@https://registry.npmjs.org/ajv/-/ajv-8.20.0.tgz 0ms (cache hit)
5803 http cache schema-utils@https://registry.npmjs.org/schema-utils/-/schema-utils-4.3.3.tgz 0ms (cache hit)
5804 http cache domhandler@https://registry.npmjs.org/domhandler/-/domhandler-4.3.1.tgz 0ms (cache hit)
5805 http cache commander@https://registry.npmjs.org/commander/-/commander-2.20.3.tgz 0ms (cache hit)
5806 http cache ajv-keywords@https://registry.npmjs.org/ajv-keywords/-/ajv-keywords-5.1.0.tgz 0ms (cache hit)
5807 http cache postcss-selector-parser@https://registry.npmjs.org/postcss-selector-parser/-/postcss-selector-parser-7.1.4.tgz 0ms (cache hit)
5808 http cache ajv@https://registry.npmjs.org/ajv/-/ajv-8.20.0.tgz 0ms (cache hit)
5809 http cache json-schema-traverse@https://registry.npmjs.org/json-schema-traverse/-/json-schema-traverse-1.0.0.tgz 0ms (cache hit)
5810 http cache postcss-selector-parser@https://registry.npmjs.org/postcss-selector-parser/-/postcss-selector-parser-7.1.4.tgz 0ms (cache hit)
5811 http cache ajv-keywords@https://registry.npmjs.org/ajv-keywords/-/ajv-keywords-5.1.0.tgz 0ms (cache hit)
5812 http cache loader-utils@https://registry.npmjs.org/loader-utils/-/loader-utils-1.4.2.tgz 0ms (cache hit)
5813 http cache schema-utils@https://registry.npmjs.org/schema-utils/-/schema-utils-4.3.3.tgz 0ms (cache hit)
5814 http cache json5@https://registry.npmjs.org/json5/-/json5-1.0.2.tgz 0ms (cache hit)
5815 http cache semver@https://registry.npmjs.org/semver/-/semver-7.8.5.tgz 0ms (cache hit)
5816 http cache schema-utils@https://registry.npmjs.org/schema-utils/-/schema-utils-3.3.0.tgz 0ms (cache hit)
5817 http cache schema-utils@https://registry.npmjs.org/schema-utils/-/schema-utils-3.3.0.tgz 0ms (cache hit)
5818 http cache commander@https://registry.npmjs.org/commander/-/commander-2.20.3.tgz 0ms (cache hit)
5819 http cache schema-utils@https://registry.npmjs.org/schema-utils/-/schema-utils-3.3.0.tgz 0ms (cache hit)
5820 http cache json-schema-traverse@https://registry.npmjs.org/json-schema-traverse/-/json-schema-traverse-1.0.0.tgz 0ms (cache hit)
5821 http cache ajv-keywords@https://registry.npmjs.org/ajv-keywords/-/ajv-keywords-5.1.0.tgz 0ms (cache hit)
5822 http cache ajv@https://registry.npmjs.org/ajv/-/ajv-8.20.0.tgz 0ms (cache hit)
5823 http cache json5@https://registry.npmjs.org/json5/-/json5-1.0.2.tgz 0ms (cache hit)
5824 http cache loader-utils@https://registry.npmjs.org/loader-utils/-/loader-utils-1.4.2.tgz 0ms (cache hit)
5825 http cache schema-utils@https://registry.npmjs.org/schema-utils/-/schema-utils-3.3.0.tgz 0ms (cache hit)
5826 http cache schema-utils@https://registry.npmjs.org/schema-utils/-/schema-utils-4.3.3.tgz 0ms (cache hit)
5827 http cache postcss-load-config@https://registry.npmjs.org/postcss-load-config/-/postcss-load-config-6.0.1.tgz 0ms (cache hit)
5828 http cache mime-db@https://registry.npmjs.org/mime-db/-/mime-db-1.54.0.tgz 0ms (cache hit)
5829 http cache webpack-sources@https://registry.npmjs.org/webpack-sources/-/webpack-sources-3.5.1.tgz 0ms (cache hit)
5830 http cache schema-utils@https://registry.npmjs.org/schema-utils/-/schema-utils-3.3.0.tgz 0ms (cache hit)
5831 http cache semver@https://registry.npmjs.org/semver/-/semver-7.8.5.tgz 0ms (cache hit)
5832 http cache commander@https://registry.npmjs.org/commander/-/commander-2.20.3.tgz 0ms (cache hit)
5833 http cache yaml@https://registry.npmjs.org/yaml/-/yaml-2.9.0.tgz 0ms (cache hit)
5834 http cache lilconfig@https://registry.npmjs.org/lilconfig/-/lilconfig-3.1.3.tgz 0ms (cache hit)
5835 http cache babel-plugin-polyfill-corejs3@https://registry.npmjs.org/babel-plugin-polyfill-corejs3/-/babel-plugin-polyfill-corejs3-0.14.2.tgz 0ms (cache hit)
5836 silly tarball no local data for require-from-string@https://registry.npmjs.org/require-from-string/-/require-from-string-2.0.2.tgz. Extracting by manifest.
5837 silly tarball no local data for minimist@https://registry.npmjs.org/minimist/-/minimist-1.2.8.tgz. Extracting by manifest.
5838 http cache semver@https://registry.npmjs.org/semver/-/semver-7.8.5.tgz 0ms (cache hit)
5839 silly tarball no local data for @types/mime@https://registry.npmjs.org/@types/mime/-/mime-1.3.5.tgz. Extracting by manifest.
5840 http cache glob-parent@https://registry.npmjs.org/glob-parent/-/glob-parent-6.0.2.tgz 0ms (cache hit)
5841 silly tarball no local data for fast-uri@https://registry.npmjs.org/fast-uri/-/fast-uri-3.1.5.tgz. Extracting by manifest.
5842 silly tarball no local data for ajv-formats@https://registry.npmjs.org/ajv-formats/-/ajv-formats-2.1.1.tgz. Extracting by manifest.
5843 silly tarball no local data for wrap-ansi@https://registry.npmjs.org/wrap-ansi/-/wrap-ansi-7.0.0.tgz. Extracting by manifest.
5844 silly tarball no local data for get-caller-file@https://registry.npmjs.org/get-caller-file/-/get-caller-file-2.0.5.tgz. Extracting by manifest.
5845 silly tarball no local data for require-directory@https://registry.npmjs.org/require-directory/-/require-directory-2.1.1.tgz. Extracting by manifest.
5846 silly tarball no local data for yargs-parser@https://registry.npmjs.org/yargs-parser/-/yargs-parser-21.1.1.tgz. Extracting by manifest.
5847 silly tarball no local data for cliui@https://registry.npmjs.org/cliui/-/cliui-8.0.1.tgz. Extracting by manifest.
5848 silly tarball no local data for y18n@https://registry.npmjs.org/y18n/-/y18n-5.0.8.tgz. Extracting by manifest.
5849 silly tarball no local data for possible-typed-array-names@https://registry.npmjs.org/possible-typed-array-names/-/possible-typed-array-names-1.1.0.tgz. Extracting by manifest.
5850 silly tarball no local data for is-callable@https://registry.npmjs.org/is-callable/-/is-callable-1.2.7.tgz. Extracting by manifest.
5851 silly tarball no local data for isexe@https://registry.npmjs.org/isexe/-/isexe-2.0.0.tgz. Extracting by manifest.
5852 silly tarball no local data for websocket-extensions@https://registry.npmjs.org/websocket-extensions/-/websocket-extensions-0.1.4.tgz. Extracting by manifest.
5853 silly tarball no local data for for-each@https://registry.npmjs.org/for-each/-/for-each-0.3.5.tgz. Extracting by manifest.
5854 silly tarball no local data for available-typed-arrays@https://registry.npmjs.org/available-typed-arrays/-/available-typed-arrays-1.0.7.tgz. Extracting by manifest.
5855 silly tarball no local data for pretty-time@https://registry.npmjs.org/pretty-time/-/pretty-time-1.1.0.tgz. Extracting by manifest.
5856 silly tarball no local data for http-parser-js@https://registry.npmjs.org/http-parser-js/-/http-parser-js-0.5.10.tgz. Extracting by manifest.
5857 silly tarball no local data for std-env@https://registry.npmjs.org/std-env/-/std-env-3.10.0.tgz. Extracting by manifest.
5858 silly tarball no local data for source-list-map@https://registry.npmjs.org/source-list-map/-/source-list-map-2.0.1.tgz. Extracting by manifest.
5859 silly tarball no local data for consola@https://registry.npmjs.org/consola/-/consola-2.15.3.tgz. Extracting by manifest.
5860 silly tarball no local data for shellwords@https://registry.npmjs.org/shellwords/-/shellwords-0.1.1.tgz. Extracting by manifest.
5861 silly tarball no local data for growly@https://registry.npmjs.org/growly/-/growly-1.3.0.tgz. Extracting by manifest.
5862 silly tarball no local data for shallow-clone@https://registry.npmjs.org/shallow-clone/-/shallow-clone-3.0.1.tgz. Extracting by manifest.
5863 silly tarball no local data for node-notifier@https://registry.npmjs.org/node-notifier/-/node-notifier-9.0.1.tgz. Extracting by manifest.
5864 silly tarball no local data for wildcard@https://registry.npmjs.org/wildcard/-/wildcard-2.0.1.tgz. Extracting by manifest.
5865 silly tarball no local data for isobject@https://registry.npmjs.org/isobject/-/isobject-3.0.1.tgz. Extracting by manifest.
5866 silly tarball no local data for kind-of@https://registry.npmjs.org/kind-of/-/kind-of-6.0.3.tgz. Extracting by manifest.
5867 silly tarball no local data for clone-deep@https://registry.npmjs.org/clone-deep/-/clone-deep-4.0.1.tgz. Extracting by manifest.
5868 silly tarball no local data for is-plain-object@https://registry.npmjs.org/is-plain-object/-/is-plain-object-2.0.4.tgz. Extracting by manifest.
5869 silly tarball no local data for fs-monkey@https://registry.npmjs.org/fs-monkey/-/fs-monkey-1.1.0.tgz. Extracting by manifest.
5870 silly tarball no local data for memfs@https://registry.npmjs.org/memfs/-/memfs-3.5.3.tgz. Extracting by manifest.
5871 silly tarball no local data for wbuf@https://registry.npmjs.org/wbuf/-/wbuf-1.7.3.tgz. Extracting by manifest.
5872 silly tarball no local data for flat@https://registry.npmjs.org/flat/-/flat-5.0.2.tgz. Extracting by manifest.
5873 silly tarball no local data for detect-node@https://registry.npmjs.org/detect-node/-/detect-node-2.1.0.tgz. Extracting by manifest.
5874 silly tarball no local data for hpack.js@https://registry.npmjs.org/hpack.js/-/hpack.js-2.1.6.tgz. Extracting by manifest.
5875 silly tarball no local data for media-typer@https://registry.npmjs.org/media-typer/-/media-typer-0.3.0.tgz. Extracting by manifest.
5876 silly tarball no local data for spdy-transport@https://registry.npmjs.org/spdy-transport/-/spdy-transport-3.0.0.tgz. Extracting by manifest.
5877 silly tarball no local data for select-hose@https://registry.npmjs.org/select-hose/-/select-hose-2.0.0.tgz. Extracting by manifest.
5878 silly tarball no local data for obuf@https://registry.npmjs.org/obuf/-/obuf-1.1.2.tgz. Extracting by manifest.
5879 silly tarball no local data for handle-thing@https://registry.npmjs.org/handle-thing/-/handle-thing-2.0.1.tgz. Extracting by manifest.
5880 silly tarball no local data for websocket-driver@https://registry.npmjs.org/websocket-driver/-/websocket-driver-0.7.5.tgz. Extracting by manifest.
5881 silly tarball no local data for faye-websocket@https://registry.npmjs.org/faye-websocket/-/faye-websocket-0.11.4.tgz. Extracting by manifest.
5882 silly tarball no local data for http-deceiver@https://registry.npmjs.org/http-deceiver/-/http-deceiver-1.2.7.tgz. Extracting by manifest.
5883 silly tarball no local data for batch@https://registry.npmjs.org/batch/-/batch-0.6.1.tgz. Extracting by manifest.
5884 silly tarball no local data for @types/node-forge@https://registry.npmjs.org/@types/node-forge/-/node-forge-1.3.14.tgz. Extracting by manifest.
5885 silly tarball no local data for forwarded@https://registry.npmjs.org/forwarded/-/forwarded-0.2.0.tgz. Extracting by manifest.
5886 silly tarball no local data for uuid@https://registry.npmjs.org/uuid/-/uuid-8.3.2.tgz. Extracting by manifest.
5887 silly tarball no local data for @types/retry@https://registry.npmjs.org/@types/retry/-/retry-0.12.0.tgz. Extracting by manifest.
5888 silly tarball no local data for mime@https://registry.npmjs.org/mime/-/mime-1.6.0.tgz. Extracting by manifest.
5889 silly tarball no local data for node-forge@https://registry.npmjs.org/node-forge/-/node-forge-1.4.0.tgz. Extracting by manifest.
5890 silly tarball no local data for retry@https://registry.npmjs.org/retry/-/retry-0.13.1.tgz. Extracting by manifest.
5891 silly tarball no local data for is-wsl@https://registry.npmjs.org/is-wsl/-/is-wsl-2.2.0.tgz. Extracting by manifest.
5892 silly tarball no local data for is-docker@https://registry.npmjs.org/is-docker/-/is-docker-2.2.1.tgz. Extracting by manifest.
5893 silly tarball no local data for define-lazy-prop@https://registry.npmjs.org/define-lazy-prop/-/define-lazy-prop-2.0.0.tgz. Extracting by manifest.
5894 silly tarball no local data for ee-first@https://registry.npmjs.org/ee-first/-/ee-first-1.1.1.tgz. Extracting by manifest.
5895 silly tarball no local data for thunky@https://registry.npmjs.org/thunky/-/thunky-1.1.0.tgz. Extracting by manifest.
5896 silly tarball no local data for mimic-fn@https://registry.npmjs.org/mimic-fn/-/mimic-fn-2.1.0.tgz. Extracting by manifest.
5897 silly tarball no local data for @leichtgewicht/ip-codec@https://registry.npmjs.org/@leichtgewicht/ip-codec/-/ip-codec-2.0.5.tgz. Extracting by manifest.
5898 silly tarball no local data for requires-port@https://registry.npmjs.org/requires-port/-/requires-port-1.0.0.tgz. Extracting by manifest.
5899 silly tarball no local data for shell-quote@https://registry.npmjs.org/shell-quote/-/shell-quote-1.10.0.tgz. Extracting by manifest.
5900 silly tarball no local data for dns-packet@https://registry.npmjs.org/dns-packet/-/dns-packet-5.6.1.tgz. Extracting by manifest.
5901 silly tarball no local data for eventemitter3@https://registry.npmjs.org/eventemitter3/-/eventemitter3-4.0.7.tgz. Extracting by manifest.
5902 silly tarball no local data for is-plain-obj@https://registry.npmjs.org/is-plain-obj/-/is-plain-obj-3.0.0.tgz. Extracting by manifest.
5903 silly tarball no local data for http-proxy@https://registry.npmjs.org/http-proxy/-/http-proxy-1.18.1.tgz. Extracting by manifest.
5904 silly tarball no local data for safer-buffer@https://registry.npmjs.org/safer-buffer/-/safer-buffer-2.1.2.tgz. Extracting by manifest.
5905 silly tarball no local data for @types/http-proxy@https://registry.npmjs.org/@types/http-proxy/-/http-proxy-1.17.17.tgz. Extracting by manifest.
5906 silly tarball no local data for toidentifier@https://registry.npmjs.org/toidentifier/-/toidentifier-1.0.1.tgz. Extracting by manifest.
5907 silly tarball no local data for raw-body@https://registry.npmjs.org/raw-body/-/raw-body-2.5.3.tgz. Extracting by manifest.
5908 silly tarball no local data for destroy@https://registry.npmjs.org/destroy/-/destroy-1.2.0.tgz. Extracting by manifest.
5909 silly tarball no local data for unpipe@https://registry.npmjs.org/unpipe/-/unpipe-1.0.0.tgz. Extracting by manifest.
5910 silly tarball no local data for iconv-lite@https://registry.npmjs.org/iconv-lite/-/iconv-lite-0.4.24.tgz. Extracting by manifest.
5911 silly tarball no local data for type-is@https://registry.npmjs.org/type-is/-/type-is-1.6.18.tgz. Extracting by manifest.
5912 silly tarball no local data for utils-merge@https://registry.npmjs.org/utils-merge/-/utils-merge-1.0.1.tgz. Extracting by manifest.
5913 silly tarball no local data for serve-static@https://registry.npmjs.org/serve-static/-/serve-static-1.16.3.tgz. Extracting by manifest.
5914 silly tarball no local data for range-parser@https://registry.npmjs.org/range-parser/-/range-parser-1.2.1.tgz. Extracting by manifest.
5915 silly tarball no local data for setprototypeof@https://registry.npmjs.org/setprototypeof/-/setprototypeof-1.2.0.tgz. Extracting by manifest.
5916 silly tarball no local data for statuses@https://registry.npmjs.org/statuses/-/statuses-2.0.2.tgz. Extracting by manifest.
5917 silly tarball no local data for send@https://registry.npmjs.org/send/-/send-0.19.2.tgz. Extracting by manifest.
5918 silly tarball no local data for proxy-addr@https://registry.npmjs.org/proxy-addr/-/proxy-addr-2.0.7.tgz. Extracting by manifest.
5919 silly tarball no local data for on-finished@https://registry.npmjs.org/on-finished/-/on-finished-2.4.1.tgz. Extracting by manifest.
5920 silly tarball no local data for methods@https://registry.npmjs.org/methods/-/methods-1.1.2.tgz. Extracting by manifest.
5921 silly tarball no local data for path-to-regexp@https://registry.npmjs.org/path-to-regexp/-/path-to-regexp-0.1.13.tgz. Extracting by manifest.
5922 silly tarball no local data for parseurl@https://registry.npmjs.org/parseurl/-/parseurl-1.3.3.tgz. Extracting by manifest.
5923 silly tarball no local data for merge-descriptors@https://registry.npmjs.org/merge-descriptors/-/merge-descriptors-1.0.3.tgz. Extracting by manifest.
5924 silly tarball no local data for http-errors@https://registry.npmjs.org/http-errors/-/http-errors-2.0.1.tgz. Extracting by manifest.
5925 silly tarball no local data for finalhandler@https://registry.npmjs.org/finalhandler/-/finalhandler-1.3.2.tgz. Extracting by manifest.
5926 silly tarball no local data for etag@https://registry.npmjs.org/etag/-/etag-1.8.1.tgz. Extracting by manifest.
5927 silly tarball no local data for fresh@https://registry.npmjs.org/fresh/-/fresh-0.5.2.tgz. Extracting by manifest.
5928 silly tarball no local data for escape-html@https://registry.npmjs.org/escape-html/-/escape-html-1.0.3.tgz. Extracting by manifest.
5929 silly tarball no local data for encodeurl@https://registry.npmjs.org/encodeurl/-/encodeurl-2.0.0.tgz. Extracting by manifest.
5930 silly tarball no local data for cookie@https://registry.npmjs.org/cookie/-/cookie-0.7.2.tgz. Extracting by manifest.
5931 silly tarball no local data for content-type@https://registry.npmjs.org/content-type/-/content-type-1.0.5.tgz. Extracting by manifest.
5932 silly tarball no local data for depd@https://registry.npmjs.org/depd/-/depd-2.0.0.tgz. Extracting by manifest.
5933 silly tarball no local data for cookie-signature@https://registry.npmjs.org/cookie-signature/-/cookie-signature-1.0.7.tgz. Extracting by manifest.
5934 silly tarball no local data for array-flatten@https://registry.npmjs.org/array-flatten/-/array-flatten-1.1.1.tgz. Extracting by manifest.
5935 silly tarball no local data for body-parser@https://registry.npmjs.org/body-parser/-/body-parser-1.20.6.tgz. Extracting by manifest.
5936 silly tarball no local data for accepts@https://registry.npmjs.org/accepts/-/accepts-1.3.8.tgz. Extracting by manifest.
5937 silly tarball no local data for signal-exit@https://registry.npmjs.org/signal-exit/-/signal-exit-3.0.7.tgz. Extracting by manifest.
5938 silly tarball no local data for content-disposition@https://registry.npmjs.org/content-disposition/-/content-disposition-0.5.4.tgz. Extracting by manifest.
5939 silly tarball no local data for strip-final-newline@https://registry.npmjs.org/strip-final-newline/-/strip-final-newline-2.0.0.tgz. Extracting by manifest.
5940 silly tarball no local data for get-stream@https://registry.npmjs.org/get-stream/-/get-stream-6.0.1.tgz. Extracting by manifest.
5941 silly tarball no local data for npm-run-path@https://registry.npmjs.org/npm-run-path/-/npm-run-path-4.0.1.tgz. Extracting by manifest.
5942 silly tarball no local data for onetime@https://registry.npmjs.org/onetime/-/onetime-5.1.2.tgz. Extracting by manifest.
5943 silly tarball no local data for is-stream@https://registry.npmjs.org/is-stream/-/is-stream-2.0.1.tgz. Extracting by manifest.
5944 silly tarball no local data for human-signals@https://registry.npmjs.org/human-signals/-/human-signals-2.1.0.tgz. Extracting by manifest.
5945 silly tarball no local data for execa@https://registry.npmjs.org/execa/-/execa-5.1.1.tgz. Extracting by manifest.
5946 silly tarball no local data for negotiator@https://registry.npmjs.org/negotiator/-/negotiator-0.6.4.tgz. Extracting by manifest.
5947 silly tarball no local data for vary@https://registry.npmjs.org/vary/-/vary-1.1.2.tgz. Extracting by manifest.
5948 silly tarball no local data for @types/http-errors@https://registry.npmjs.org/@types/http-errors/-/http-errors-2.0.5.tgz. Extracting by manifest.
5949 silly tarball no local data for on-headers@https://registry.npmjs.org/on-headers/-/on-headers-1.1.0.tgz. Extracting by manifest.
5950 silly tarball no local data for compressible@https://registry.npmjs.org/compressible/-/compressible-2.0.18.tgz. Extracting by manifest.
5951 silly tarball no local data for multicast-dns@https://registry.npmjs.org/multicast-dns/-/multicast-dns-7.2.5.tgz. Extracting by manifest.
5952 silly tarball no local data for @types/range-parser@https://registry.npmjs.org/@types/range-parser/-/range-parser-1.2.7.tgz. Extracting by manifest.
5953 silly tarball no local data for @types/connect@https://registry.npmjs.org/@types/connect/-/connect-3.4.38.tgz. Extracting by manifest.
5954 silly tarball no local data for bytes@https://registry.npmjs.org/bytes/-/bytes-3.1.2.tgz. Extracting by manifest.
5955 silly tarball no local data for @types/send@https://registry.npmjs.org/@types/send/-/send-1.2.1.tgz. Extracting by manifest.
5956 silly tarball no local data for @types/qs@https://registry.npmjs.org/@types/qs/-/qs-6.15.1.tgz. Extracting by manifest.
5957 silly tarball no local data for webpack-dev-middleware@https://registry.npmjs.org/webpack-dev-middleware/-/webpack-dev-middleware-5.3.4.tgz. Extracting by manifest.
5958 silly tarball no local data for spdy@https://registry.npmjs.org/spdy/-/spdy-4.0.2.tgz. Extracting by manifest.
5959 silly tarball no local data for @types/body-parser@https://registry.npmjs.org/@types/body-parser/-/body-parser-1.19.6.tgz. Extracting by manifest.
5960 silly tarball no local data for serve-index@https://registry.npmjs.org/serve-index/-/serve-index-1.9.2.tgz. Extracting by manifest.
5961 silly tarball no local data for rimraf@https://registry.npmjs.org/rimraf/-/rimraf-3.0.2.tgz. Extracting by manifest.
5962 silly tarball no local data for sockjs@https://registry.npmjs.org/sockjs/-/sockjs-0.3.24.tgz. Extracting by manifest.
5963 silly tarball no local data for p-retry@https://registry.npmjs.org/p-retry/-/p-retry-4.6.2.tgz. Extracting by manifest.
5964 silly tarball no local data for @types/express-serve-static-core@https://registry.npmjs.org/@types/express-serve-static-core/-/express-serve-static-core-5.1.2.tgz. Extracting by manifest.
5965 silly tarball no local data for open@https://registry.npmjs.org/open/-/open-8.4.2.tgz. Extracting by manifest.
5966 silly tarball no local data for launch-editor@https://registry.npmjs.org/launch-editor/-/launch-editor-2.14.1.tgz. Extracting by manifest.
5967 silly tarball no local data for html-entities@https://registry.npmjs.org/html-entities/-/html-entities-2.6.0.tgz. Extracting by manifest.
5968 silly tarball no local data for ipaddr.js@https://registry.npmjs.org/ipaddr.js/-/ipaddr.js-2.4.0.tgz. Extracting by manifest.
5969 silly tarball no local data for http-proxy-middleware@https://registry.npmjs.org/http-proxy-middleware/-/http-proxy-middleware-2.0.10.tgz. Extracting by manifest.
5970 silly tarball no local data for compression@https://registry.npmjs.org/compression/-/compression-1.8.1.tgz. Extracting by manifest.
5971 silly tarball no local data for default-gateway@https://registry.npmjs.org/default-gateway/-/default-gateway-6.0.3.tgz. Extracting by manifest.
5972 silly tarball no local data for express@https://registry.npmjs.org/express/-/express-4.22.2.tgz. Extracting by manifest.
5973 silly tarball no local data for connect-history-api-fallback@https://registry.npmjs.org/connect-history-api-fallback/-/connect-history-api-fallback-2.0.0.tgz. Extracting by manifest.
5974 silly tarball no local data for selfsigned@https://registry.npmjs.org/selfsigned/-/selfsigned-2.4.1.tgz. Extracting by manifest.
5975 silly tarball no local data for @types/ws@https://registry.npmjs.org/@types/ws/-/ws-8.18.1.tgz. Extracting by manifest.
5976 silly tarball no local data for bonjour-service@https://registry.npmjs.org/bonjour-service/-/bonjour-service-1.4.4.tgz. Extracting by manifest.
5977 silly tarball no local data for @types/sockjs@https://registry.npmjs.org/@types/sockjs/-/sockjs-0.3.36.tgz. Extracting by manifest.
5978 silly tarball no local data for ansi-html-community@https://registry.npmjs.org/ansi-html-community/-/ansi-html-community-0.0.8.tgz. Extracting by manifest.
5979 silly tarball no local data for @types/serve-index@https://registry.npmjs.org/@types/serve-index/-/serve-index-1.9.4.tgz. Extracting by manifest.
5980 silly tarball no local data for @types/serve-static@https://registry.npmjs.org/@types/serve-static/-/serve-static-1.15.10.tgz. Extracting by manifest.
5981 silly tarball no local data for @types/express@https://registry.npmjs.org/@types/express/-/express-4.17.25.tgz. Extracting by manifest.
5982 silly tarball no local data for shebang-regex@https://registry.npmjs.org/shebang-regex/-/shebang-regex-3.0.0.tgz. Extracting by manifest.
5983 silly tarball no local data for @types/bonjour@https://registry.npmjs.org/@types/bonjour/-/bonjour-3.5.13.tgz. Extracting by manifest.
5984 silly tarball no local data for envinfo@https://registry.npmjs.org/envinfo/-/envinfo-7.21.0.tgz. Extracting by manifest.
5985 silly tarball no local data for @types/connect-history-api-fallback@https://registry.npmjs.org/@types/connect-history-api-fallback/-/connect-history-api-fallback-1.5.4.tgz. Extracting by manifest.
5986 silly tarball no local data for which@https://registry.npmjs.org/which/-/which-2.0.2.tgz. Extracting by manifest.
5987 silly tarball no local data for resolve-cwd@https://registry.npmjs.org/resolve-cwd/-/resolve-cwd-3.0.0.tgz. Extracting by manifest.
5988 silly tarball no local data for interpret@https://registry.npmjs.org/interpret/-/interpret-2.2.0.tgz. Extracting by manifest.
5989 silly tarball no local data for shebang-command@https://registry.npmjs.org/shebang-command/-/shebang-command-2.0.0.tgz. Extracting by manifest.
5990 silly tarball no local data for path-key@https://registry.npmjs.org/path-key/-/path-key-3.1.1.tgz. Extracting by manifest.
5991 silly tarball no local data for rechoir@https://registry.npmjs.org/rechoir/-/rechoir-0.7.1.tgz. Extracting by manifest.
5992 silly tarball no local data for import-local@https://registry.npmjs.org/import-local/-/import-local-3.2.0.tgz. Extracting by manifest.
5993 silly tarball no local data for fastest-levenshtein@https://registry.npmjs.org/fastest-levenshtein/-/fastest-levenshtein-1.0.16.tgz. Extracting by manifest.
5994 silly tarball no local data for cross-spawn@https://registry.npmjs.org/cross-spawn/-/cross-spawn-7.0.6.tgz. Extracting by manifest.
5995 silly tarball no local data for estraverse@https://registry.npmjs.org/estraverse/-/estraverse-4.3.0.tgz. Extracting by manifest.
5996 silly tarball no local data for colorette@https://registry.npmjs.org/colorette/-/colorette-2.0.20.tgz. Extracting by manifest.
5997 silly tarball no local data for esrecurse@https://registry.npmjs.org/esrecurse/-/esrecurse-4.3.0.tgz. Extracting by manifest.
5998 silly tarball no local data for @discoveryjs/json-ext@https://registry.npmjs.org/@discoveryjs/json-ext/-/json-ext-0.5.7.tgz. Extracting by manifest.
5999 silly tarball no local data for @webpack-cli/serve@https://registry.npmjs.org/@webpack-cli/serve/-/serve-1.7.0.tgz. Extracting by manifest.
6000 silly tarball no local data for @webassemblyjs/utf8@https://registry.npmjs.org/@webassemblyjs/utf8/-/utf8-1.13.2.tgz. Extracting by manifest.
6001 silly tarball no local data for @webpack-cli/info@https://registry.npmjs.org/@webpack-cli/info/-/info-1.5.0.tgz. Extracting by manifest.
6002 silly tarball no local data for @webassemblyjs/leb128@https://registry.npmjs.org/@webassemblyjs/leb128/-/leb128-1.13.2.tgz. Extracting by manifest.
6003 silly tarball no local data for @webpack-cli/configtest@https://registry.npmjs.org/@webpack-cli/configtest/-/configtest-1.2.0.tgz. Extracting by manifest.
6004 silly tarball no local data for @webassemblyjs/ieee754@https://registry.npmjs.org/@webassemblyjs/ieee754/-/ieee754-1.13.2.tgz. Extracting by manifest.
6005 silly tarball no local data for @webassemblyjs/wast-printer@https://registry.npmjs.org/@webassemblyjs/wast-printer/-/wast-printer-1.14.1.tgz. Extracting by manifest.
6006 silly tarball no local data for @webassemblyjs/wasm-gen@https://registry.npmjs.org/@webassemblyjs/wasm-gen/-/wasm-gen-1.14.1.tgz. Extracting by manifest.
6007 silly tarball no local data for @xtuc/ieee754@https://registry.npmjs.org/@xtuc/ieee754/-/ieee754-1.2.0.tgz. Extracting by manifest.
6008 silly tarball no local data for @webassemblyjs/wasm-opt@https://registry.npmjs.org/@webassemblyjs/wasm-opt/-/wasm-opt-1.14.1.tgz. Extracting by manifest.
6009 silly tarball no local data for @webassemblyjs/helper-wasm-section@https://registry.npmjs.org/@webassemblyjs/helper-wasm-section/-/helper-wasm-section-1.14.1.tgz. Extracting by manifest.
6010 silly tarball no local data for @xtuc/long@https://registry.npmjs.org/@xtuc/long/-/long-4.2.2.tgz. Extracting by manifest.
6011 silly tarball no local data for @webassemblyjs/helper-api-error@https://registry.npmjs.org/@webassemblyjs/helper-api-error/-/helper-api-error-1.13.2.tgz. Extracting by manifest.
6012 silly tarball no local data for @webassemblyjs/helper-buffer@https://registry.npmjs.org/@webassemblyjs/helper-buffer/-/helper-buffer-1.14.1.tgz. Extracting by manifest.
6013 silly tarball no local data for @webassemblyjs/helper-wasm-bytecode@https://registry.npmjs.org/@webassemblyjs/helper-wasm-bytecode/-/helper-wasm-bytecode-1.13.2.tgz. Extracting by manifest.
6014 silly tarball no local data for @webassemblyjs/helper-numbers@https://registry.npmjs.org/@webassemblyjs/helper-numbers/-/helper-numbers-1.13.2.tgz. Extracting by manifest.
6015 silly tarball no local data for @webassemblyjs/floating-point-hex-parser@https://registry.npmjs.org/@webassemblyjs/floating-point-hex-parser/-/floating-point-hex-parser-1.13.2.tgz. Extracting by manifest.
6016 silly tarball no local data for watchpack@https://registry.npmjs.org/watchpack/-/watchpack-2.5.2.tgz. Extracting by manifest.
6017 silly tarball no local data for tapable@https://registry.npmjs.org/tapable/-/tapable-2.3.3.tgz. Extracting by manifest.
6018 silly tarball no local data for minimizer-webpack-plugin@https://registry.npmjs.org/minimizer-webpack-plugin/-/minimizer-webpack-plugin-5.6.1.tgz. Extracting by manifest.
6019 silly tarball no local data for neo-async@https://registry.npmjs.org/neo-async/-/neo-async-2.6.2.tgz. Extracting by manifest.
6020 silly tarball no local data for @webassemblyjs/wasm-parser@https://registry.npmjs.org/@webassemblyjs/wasm-parser/-/wasm-parser-1.14.1.tgz. Extracting by manifest.
6021 silly tarball no local data for eslint-scope@https://registry.npmjs.org/eslint-scope/-/eslint-scope-5.1.1.tgz. Extracting by manifest.
6022 silly tarball no local data for @webassemblyjs/ast@https://registry.npmjs.org/@webassemblyjs/ast/-/ast-1.14.1.tgz. Extracting by manifest.
6023 silly tarball no local data for es-module-lexer@https://registry.npmjs.org/es-module-lexer/-/es-module-lexer-2.3.1.tgz. Extracting by manifest.
6024 silly tarball no local data for enhanced-resolve@https://registry.npmjs.org/enhanced-resolve/-/enhanced-resolve-5.24.5.tgz. Extracting by manifest.
6025 silly tarball no local data for chrome-trace-event@https://registry.npmjs.org/chrome-trace-event/-/chrome-trace-event-1.0.4.tgz. Extracting by manifest.
6026 silly tarball no local data for @webassemblyjs/wasm-edit@https://registry.npmjs.org/@webassemblyjs/wasm-edit/-/wasm-edit-1.14.1.tgz. Extracting by manifest.
6027 silly tarball no local data for hash-sum@https://registry.npmjs.org/hash-sum/-/hash-sum-1.0.2.tgz. Extracting by manifest.
6028 silly tarball no local data for unicode-property-aliases-ecmascript@https://registry.npmjs.org/unicode-property-aliases-ecmascript/-/unicode-property-aliases-ecmascript-2.2.0.tgz. Extracting by manifest.
6029 silly tarball no local data for escalade@https://registry.npmjs.org/escalade/-/escalade-3.2.0.tgz. Extracting by manifest.
6030 silly tarball no local data for base64-arraybuffer@https://registry.npmjs.org/base64-arraybuffer/-/base64-arraybuffer-1.0.2.tgz. Extracting by manifest.
6031 silly tarball no local data for which-typed-array@https://registry.npmjs.org/which-typed-array/-/which-typed-array-1.1.22.tgz. Extracting by manifest.
6032 silly tarball no local data for unicode-canonical-property-names-ecmascript@https://registry.npmjs.org/unicode-canonical-property-names-ecmascript/-/unicode-canonical-property-names-ecmascript-2.0.1.tgz. Extracting by manifest.
6033 silly tarball no local data for is-typed-array@https://registry.npmjs.org/is-typed-array/-/is-typed-array-1.1.15.tgz. Extracting by manifest.
6034 silly tarball no local data for is-number@https://registry.npmjs.org/is-number/-/is-number-7.0.0.tgz. Extracting by manifest.
6035 silly tarball no local data for typed-array-buffer@https://registry.npmjs.org/typed-array-buffer/-/typed-array-buffer-1.0.3.tgz. Extracting by manifest.
6036 silly tarball no local data for setimmediate@https://registry.npmjs.org/setimmediate/-/setimmediate-1.0.5.tgz. Extracting by manifest.
6037 silly tarball no local data for thenify@https://registry.npmjs.org/thenify/-/thenify-3.3.1.tgz. Extracting by manifest.
6038 silly tarball no local data for merge-stream@https://registry.npmjs.org/merge-stream/-/merge-stream-2.0.0.tgz. Extracting by manifest.
6039 silly tarball no local data for jest-worker@https://registry.npmjs.org/jest-worker/-/jest-worker-27.5.1.tgz. Extracting by manifest.
6040 silly tarball no local data for buffer-from@https://registry.npmjs.org/buffer-from/-/buffer-from-1.1.2.tgz. Extracting by manifest.
6041 silly tarball no local data for acorn@https://registry.npmjs.org/acorn/-/acorn-8.18.0.tgz. Extracting by manifest.
6042 silly tarball no local data for @jridgewell/source-map@https://registry.npmjs.org/@jridgewell/source-map/-/source-map-0.3.11.tgz. Extracting by manifest.
6043 silly tarball no local data for source-map-support@https://registry.npmjs.org/source-map-support/-/source-map-support-0.5.21.tgz. Extracting by manifest.
6044 silly tarball no local data for thenify-all@https://registry.npmjs.org/thenify-all/-/thenify-all-1.6.0.tgz. Extracting by manifest.
6045 silly tarball no local data for any-promise@https://registry.npmjs.org/any-promise/-/any-promise-1.3.0.tgz. Extracting by manifest.
6046 silly tarball no local data for ts-interface-checker@https://registry.npmjs.org/ts-interface-checker/-/ts-interface-checker-0.1.13.tgz. Extracting by manifest.
6047 silly tarball no local data for tinyglobby@https://registry.npmjs.org/tinyglobby/-/tinyglobby-0.2.17.tgz. Extracting by manifest.
6048 silly tarball no local data for mz@https://registry.npmjs.org/mz/-/mz-2.7.0.tgz. Extracting by manifest.
6049 silly tarball no local data for pirates@https://registry.npmjs.org/pirates/-/pirates-4.0.7.tgz. Extracting by manifest.
6050 silly tarball no local data for camelcase-css@https://registry.npmjs.org/camelcase-css/-/camelcase-css-2.0.1.tgz. Extracting by manifest.
6051 silly tarball no local data for read-cache@https://registry.npmjs.org/read-cache/-/read-cache-1.0.0.tgz. Extracting by manifest.
6052 silly tarball no local data for pify@https://registry.npmjs.org/pify/-/pify-2.3.0.tgz. Extracting by manifest.
6053 silly tarball no local data for sucrase@https://registry.npmjs.org/sucrase/-/sucrase-3.35.1.tgz. Extracting by manifest.
6054 silly tarball no local data for postcss-nested@https://registry.npmjs.org/postcss-nested/-/postcss-nested-6.2.0.tgz. Extracting by manifest.
6055 silly tarball no local data for postcss-js@https://registry.npmjs.org/postcss-js/-/postcss-js-4.1.0.tgz. Extracting by manifest.
6056 silly tarball no local data for postcss-import@https://registry.npmjs.org/postcss-import/-/postcss-import-15.1.0.tgz. Extracting by manifest.
6057 silly tarball no local data for jiti@https://registry.npmjs.org/jiti/-/jiti-1.21.7.tgz. Extracting by manifest.
6058 silly tarball no local data for object-hash@https://registry.npmjs.org/object-hash/-/object-hash-3.0.0.tgz. Extracting by manifest.
6059 silly tarball no local data for dlv@https://registry.npmjs.org/dlv/-/dlv-1.1.3.tgz. Extracting by manifest.
6060 silly tarball no local data for didyoumean@https://registry.npmjs.org/didyoumean/-/didyoumean-1.2.2.tgz. Extracting by manifest.
6061 silly tarball no local data for @alloc/quick-lru@https://registry.npmjs.org/@alloc/quick-lru/-/quick-lru-5.2.0.tgz. Extracting by manifest.
6062 silly tarball no local data for arg@https://registry.npmjs.org/arg/-/arg-5.0.2.tgz. Extracting by manifest.
6063 silly tarball no local data for mdn-data@https://registry.npmjs.org/mdn-data/-/mdn-data-2.0.14.tgz. Extracting by manifest.
6064 silly tarball no local data for nth-check@https://registry.npmjs.org/nth-check/-/nth-check-2.1.1.tgz. Extracting by manifest.
6065 silly tarball no local data for css-what@https://registry.npmjs.org/css-what/-/css-what-6.2.2.tgz. Extracting by manifest.
6066 silly tarball no local data for boolbase@https://registry.npmjs.org/boolbase/-/boolbase-1.0.0.tgz. Extracting by manifest.
6067 silly tarball no local data for stable@https://registry.npmjs.org/stable/-/stable-0.1.8.tgz. Extracting by manifest.
6068 silly tarball no local data for csso@https://registry.npmjs.org/csso/-/csso-4.2.0.tgz. Extracting by manifest.
6069 silly tarball no local data for sax@https://registry.npmjs.org/sax/-/sax-1.6.1.tgz. Extracting by manifest.
6070 silly tarball no local data for css-tree@https://registry.npmjs.org/css-tree/-/css-tree-1.1.3.tgz. Extracting by manifest.
6071 silly tarball no local data for css-select@https://registry.npmjs.org/css-select/-/css-select-4.3.0.tgz. Extracting by manifest.
6072 silly tarball no local data for has-flag@https://registry.npmjs.org/has-flag/-/has-flag-4.0.0.tgz. Extracting by manifest.
6073 silly tarball no local data for is-fullwidth-code-point@https://registry.npmjs.org/is-fullwidth-code-point/-/is-fullwidth-code-point-3.0.0.tgz. Extracting by manifest.
6074 silly tarball no local data for emoji-regex@https://registry.npmjs.org/emoji-regex/-/emoji-regex-8.0.0.tgz. Extracting by manifest.
6075 silly tarball no local data for xtend@https://registry.npmjs.org/xtend/-/xtend-4.0.2.tgz. Extracting by manifest.
6076 silly tarball no local data for to-arraybuffer@https://registry.npmjs.org/to-arraybuffer/-/to-arraybuffer-1.0.1.tgz. Extracting by manifest.
6077 silly tarball no local data for ansi-regex@https://registry.npmjs.org/ansi-regex/-/ansi-regex-5.0.1.tgz. Extracting by manifest.
6078 silly tarball no local data for crypto-js@https://registry.npmjs.org/crypto-js/-/crypto-js-4.2.0.tgz. Extracting by manifest.
6079 silly tarball no local data for builtin-status-codes@https://registry.npmjs.org/builtin-status-codes/-/builtin-status-codes-3.0.0.tgz. Extracting by manifest.
6080 silly tarball no local data for string-similarity@https://registry.npmjs.org/string-similarity/-/string-similarity-4.0.4.tgz. Extracting by manifest.
6081 silly tarball no local data for engine.io-parser@https://registry.npmjs.org/engine.io-parser/-/engine.io-parser-5.2.3.tgz. Extracting by manifest.
6082 silly tarball no local data for xmlhttprequest-ssl@https://registry.npmjs.org/xmlhttprequest-ssl/-/xmlhttprequest-ssl-2.1.2.tgz. Extracting by manifest.
6083 silly tarball no local data for socket.io-parser@https://registry.npmjs.org/socket.io-parser/-/socket.io-parser-4.2.7.tgz. Extracting by manifest.
6084 silly tarball no local data for ws@https://registry.npmjs.org/ws/-/ws-8.21.1.tgz. Extracting by manifest.
6085 silly tarball no local data for @socket.io/component-emitter@https://registry.npmjs.org/@socket.io/component-emitter/-/component-emitter-3.1.2.tgz. Extracting by manifest.
6086 silly tarball no local data for side-channel-list@https://registry.npmjs.org/side-channel-list/-/side-channel-list-1.0.1.tgz. Extracting by manifest.
6087 silly tarball no local data for engine.io-client@https://registry.npmjs.org/engine.io-client/-/engine.io-client-6.6.6.tgz. Extracting by manifest.
6088 silly tarball no local data for side-channel-weakmap@https://registry.npmjs.org/side-channel-weakmap/-/side-channel-weakmap-1.0.2.tgz. Extracting by manifest.
6089 silly tarball no local data for object-inspect@https://registry.npmjs.org/object-inspect/-/object-inspect-1.13.4.tgz. Extracting by manifest.
6090 silly tarball no local data for side-channel-map@https://registry.npmjs.org/side-channel-map/-/side-channel-map-1.0.1.tgz. Extracting by manifest.
6091 silly tarball no local data for json-schema-traverse@https://registry.npmjs.org/json-schema-traverse/-/json-schema-traverse-0.4.1.tgz. Extracting by manifest.
6092 silly tarball no local data for uri-js@https://registry.npmjs.org/uri-js/-/uri-js-4.4.1.tgz. Extracting by manifest.
6093 silly tarball no local data for fast-deep-equal@https://registry.npmjs.org/fast-deep-equal/-/fast-deep-equal-3.1.3.tgz. Extracting by manifest.
6094 silly tarball no local data for fast-json-stable-stringify@https://registry.npmjs.org/fast-json-stable-stringify/-/fast-json-stable-stringify-2.1.0.tgz. Extracting by manifest.
6095 silly tarball no local data for ajv-keywords@https://registry.npmjs.org/ajv-keywords/-/ajv-keywords-3.5.2.tgz. Extracting by manifest.
6096 silly tarball no local data for queue-microtask@https://registry.npmjs.org/queue-microtask/-/queue-microtask-1.2.3.tgz. Extracting by manifest.
6097 silly tarball no local data for @types/estree@https://registry.npmjs.org/@types/estree/-/estree-1.0.9.tgz. Extracting by manifest.
6098 silly tarball no local data for ajv@https://registry.npmjs.org/ajv/-/ajv-6.15.0.tgz. Extracting by manifest.
6099 silly tarball no local data for @types/json-schema@https://registry.npmjs.org/@types/json-schema/-/json-schema-7.0.15.tgz. Extracting by manifest.
6100 silly tarball no local data for supports-preserve-symlinks-flag@https://registry.npmjs.org/supports-preserve-symlinks-flag/-/supports-preserve-symlinks-flag-1.0.0.tgz. Extracting by manifest.
6101 silly tarball no local data for @rollup/rollup-win32-x64-gnu@https://registry.npmjs.org/@rollup/rollup-win32-x64-gnu/-/rollup-win32-x64-gnu-4.62.3.tgz. Extracting by manifest.
6102 silly tarball no local data for is-core-module@https://registry.npmjs.org/is-core-module/-/is-core-module-2.16.2.tgz. Extracting by manifest.
6103 silly tarball no local data for path-parse@https://registry.npmjs.org/path-parse/-/path-parse-1.0.7.tgz. Extracting by manifest.
6104 silly tarball no local data for unicode-match-property-value-ecmascript@https://registry.npmjs.org/unicode-match-property-value-ecmascript/-/unicode-match-property-value-ecmascript-2.2.1.tgz. Extracting by manifest.
6105 silly tarball no local data for @rollup/rollup-win32-x64-msvc@https://registry.npmjs.org/@rollup/rollup-win32-x64-msvc/-/rollup-win32-x64-msvc-4.62.3.tgz. Extracting by manifest.
6106 silly tarball no local data for unicode-match-property-ecmascript@https://registry.npmjs.org/unicode-match-property-ecmascript/-/unicode-match-property-ecmascript-2.0.0.tgz. Extracting by manifest.
6107 silly tarball no local data for regenerate@https://registry.npmjs.org/regenerate/-/regenerate-1.4.2.tgz. Extracting by manifest.
6108 silly tarball no local data for regjsgen@https://registry.npmjs.org/regjsgen/-/regjsgen-0.8.0.tgz. Extracting by manifest.
6109 silly tarball no local data for regjsparser@https://registry.npmjs.org/regjsparser/-/regjsparser-0.13.2.tgz. Extracting by manifest.
6110 silly tarball no local data for process-nextick-args@https://registry.npmjs.org/process-nextick-args/-/process-nextick-args-2.0.1.tgz. Extracting by manifest.
6111 silly tarball no local data for core-util-is@https://registry.npmjs.org/core-util-is/-/core-util-is-1.0.3.tgz. Extracting by manifest.
6112 silly tarball no local data for regenerate-unicode-properties@https://registry.npmjs.org/regenerate-unicode-properties/-/regenerate-unicode-properties-10.2.2.tgz. Extracting by manifest.
6113 silly tarball no local data for react-lifecycles-compat@https://registry.npmjs.org/react-lifecycles-compat/-/react-lifecycles-compat-3.0.4.tgz. Extracting by manifest.
6114 silly tarball no local data for warning@https://registry.npmjs.org/warning/-/warning-4.0.3.tgz. Extracting by manifest.
6115 silly tarball no local data for react-is@https://registry.npmjs.org/react-is/-/react-is-16.13.1.tgz. Extracting by manifest.
6116 silly tarball no local data for exenv@https://registry.npmjs.org/exenv/-/exenv-1.2.2.tgz. Extracting by manifest.
6117 silly tarball no local data for react-async-script@https://registry.npmjs.org/react-async-script/-/react-async-script-1.2.0.tgz. Extracting by manifest.
6118 silly tarball no local data for hoist-non-react-statics@https://registry.npmjs.org/hoist-non-react-statics/-/hoist-non-react-statics-3.3.2.tgz. Extracting by manifest.
6119 silly tarball no local data for scheduler@https://registry.npmjs.org/scheduler/-/scheduler-0.23.2.tgz. Extracting by manifest.
6120 silly tarball no local data for prop-types@https://registry.npmjs.org/prop-types/-/prop-types-15.8.1.tgz. Extracting by manifest.
6121 silly tarball no local data for object-assign@https://registry.npmjs.org/object-assign/-/object-assign-4.1.1.tgz. Extracting by manifest.
6122 silly tarball no local data for side-channel@https://registry.npmjs.org/side-channel/-/side-channel-1.1.1.tgz. Extracting by manifest.
6123 silly tarball no local data for performance-now@https://registry.npmjs.org/performance-now/-/performance-now-2.1.0.tgz. Extracting by manifest.
6124 silly tarball no local data for util-deprecate@https://registry.npmjs.org/util-deprecate/-/util-deprecate-1.0.2.tgz. Extracting by manifest.
6125 silly tarball no local data for loose-envify@https://registry.npmjs.org/loose-envify/-/loose-envify-1.4.0.tgz. Extracting by manifest.
6126 silly tarball no local data for svgo@https://registry.npmjs.org/svgo/-/svgo-2.8.3.tgz. Extracting by manifest.
6127 silly tarball no local data for normalize-url@https://registry.npmjs.org/normalize-url/-/normalize-url-6.1.0.tgz. Extracting by manifest.
6128 silly tarball no local data for cssesc@https://registry.npmjs.org/cssesc/-/cssesc-3.0.0.tgz. Extracting by manifest.
6129 silly tarball no local data for lines-and-columns@https://registry.npmjs.org/lines-and-columns/-/lines-and-columns-1.2.4.tgz. Extracting by manifest.
6130 silly tarball no local data for json-parse-even-better-errors@https://registry.npmjs.org/json-parse-even-better-errors/-/json-parse-even-better-errors-2.3.1.tgz. Extracting by manifest.
6131 silly tarball no local data for stylehacks@https://registry.npmjs.org/stylehacks/-/stylehacks-5.1.1.tgz. Extracting by manifest.
6132 silly tarball no local data for error-ex@https://registry.npmjs.org/error-ex/-/error-ex-1.3.4.tgz. Extracting by manifest.
6133 silly tarball no local data for is-arrayish@https://registry.npmjs.org/is-arrayish/-/is-arrayish-0.2.1.tgz. Extracting by manifest.
6134 silly tarball no local data for callsites@https://registry.npmjs.org/callsites/-/callsites-3.1.0.tgz. Extracting by manifest.
6135 silly tarball no local data for parent-module@https://registry.npmjs.org/parent-module/-/parent-module-1.0.1.tgz. Extracting by manifest.
6136 silly tarball no local data for import-fresh@https://registry.npmjs.org/import-fresh/-/import-fresh-3.3.1.tgz. Extracting by manifest.
6137 silly tarball no local data for resolve-from@https://registry.npmjs.org/resolve-from/-/resolve-from-4.0.0.tgz. Extracting by manifest.
6138 silly tarball no local data for @types/parse-json@https://registry.npmjs.org/@types/parse-json/-/parse-json-4.0.2.tgz. Extracting by manifest.
6139 silly tarball no local data for parse-json@https://registry.npmjs.org/parse-json/-/parse-json-5.2.0.tgz. Extracting by manifest.
6140 silly tarball no local data for klona@https://registry.npmjs.org/klona/-/klona-2.0.6.tgz. Extracting by manifest.
6141 silly tarball no local data for lodash.uniq@https://registry.npmjs.org/lodash.uniq/-/lodash.uniq-4.5.0.tgz. Extracting by manifest.
6142 silly tarball no local data for colord@https://registry.npmjs.org/colord/-/colord-2.9.3.tgz. Extracting by manifest.
6143 silly tarball no local data for cosmiconfig@https://registry.npmjs.org/cosmiconfig/-/cosmiconfig-7.1.0.tgz. Extracting by manifest.
6144 silly tarball no local data for lodash.memoize@https://registry.npmjs.org/lodash.memoize/-/lodash.memoize-4.1.2.tgz. Extracting by manifest.
6145 silly tarball no local data for postcss-selector-parser@https://registry.npmjs.org/postcss-selector-parser/-/postcss-selector-parser-6.1.4.tgz. Extracting by manifest.
6146 silly tarball no local data for caniuse-api@https://registry.npmjs.org/caniuse-api/-/caniuse-api-3.0.0.tgz. Extracting by manifest.
6147 silly tarball no local data for p-limit@https://registry.npmjs.org/p-limit/-/p-limit-2.3.0.tgz. Extracting by manifest.
6148 silly tarball no local data for path-exists@https://registry.npmjs.org/path-exists/-/path-exists-4.0.0.tgz. Extracting by manifest.
6149 silly tarball no local data for p-locate@https://registry.npmjs.org/p-locate/-/p-locate-4.1.0.tgz. Extracting by manifest.
6150 silly tarball no local data for p-try@https://registry.npmjs.org/p-try/-/p-try-2.2.0.tgz. Extracting by manifest.
6151 silly tarball no local data for nanoid@https://registry.npmjs.org/nanoid/-/nanoid-3.3.16.tgz. Extracting by manifest.
6152 silly tarball no local data for locate-path@https://registry.npmjs.org/locate-path/-/locate-path-5.0.0.tgz. Extracting by manifest.
6153 silly tarball no local data for source-map-js@https://registry.npmjs.org/source-map-js/-/source-map-js-1.2.1.tgz. Extracting by manifest.
6154 silly tarball no local data for lower-case@https://registry.npmjs.org/lower-case/-/lower-case-2.0.2.tgz. Extracting by manifest.
6155 silly tarball no local data for no-case@https://registry.npmjs.org/no-case/-/no-case-3.0.4.tgz. Extracting by manifest.
6156 silly tarball no local data for dot-case@https://registry.npmjs.org/dot-case/-/dot-case-3.0.4.tgz. Extracting by manifest.
6157 silly tarball no local data for find-up@https://registry.npmjs.org/find-up/-/find-up-4.1.0.tgz. Extracting by manifest.
6158 silly tarball no local data for asn1.js@https://registry.npmjs.org/asn1.js/-/asn1.js-4.10.1.tgz. Extracting by manifest.
6159 silly tarball no local data for define-data-property@https://registry.npmjs.org/define-data-property/-/define-data-property-1.1.4.tgz. Extracting by manifest.
6160 silly tarball no local data for has-property-descriptors@https://registry.npmjs.org/has-property-descriptors/-/has-property-descriptors-1.0.2.tgz. Extracting by manifest.
6161 silly tarball no local data for define-properties@https://registry.npmjs.org/define-properties/-/define-properties-1.2.1.tgz. Extracting by manifest.
6162 silly tarball no local data for set-function-length@https://registry.npmjs.org/set-function-length/-/set-function-length-1.2.2.tgz. Extracting by manifest.
6163 silly tarball no local data for object-keys@https://registry.npmjs.org/object-keys/-/object-keys-1.1.1.tgz. Extracting by manifest.
6164 silly tarball no local data for call-bound@https://registry.npmjs.org/call-bound/-/call-bound-1.0.4.tgz. Extracting by manifest.
6165 silly tarball no local data for call-bind@https://registry.npmjs.org/call-bind/-/call-bind-1.0.9.tgz. Extracting by manifest.
6166 silly tarball no local data for brorand@https://registry.npmjs.org/brorand/-/brorand-1.1.0.tgz. Extracting by manifest.
6167 silly tarball no local data for hmac-drbg@https://registry.npmjs.org/hmac-drbg/-/hmac-drbg-1.0.1.tgz. Extracting by manifest.
6168 silly tarball no local data for miller-rabin@https://registry.npmjs.org/miller-rabin/-/miller-rabin-4.0.1.tgz. Extracting by manifest.
6169 silly tarball no local data for hash.js@https://registry.npmjs.org/hash.js/-/hash.js-1.1.7.tgz. Extracting by manifest.
6170 silly tarball no local data for minimalistic-crypto-utils@https://registry.npmjs.org/minimalistic-crypto-utils/-/minimalistic-crypto-utils-1.0.1.tgz. Extracting by manifest.
6171 silly tarball no local data for sha.js@https://registry.npmjs.org/sha.js/-/sha.js-2.4.12.tgz. Extracting by manifest.
6172 silly tarball no local data for minimalistic-assert@https://registry.npmjs.org/minimalistic-assert/-/minimalistic-assert-1.0.1.tgz. Extracting by manifest.
6173 silly tarball no local data for to-buffer@https://registry.npmjs.org/to-buffer/-/to-buffer-1.2.2.tgz. Extracting by manifest.
6174 silly tarball no local data for parse-asn1@https://registry.npmjs.org/parse-asn1/-/parse-asn1-5.1.9.tgz. Extracting by manifest.
6175 silly tarball no local data for elliptic@https://registry.npmjs.org/elliptic/-/elliptic-6.6.1.tgz. Extracting by manifest.
6176 silly tarball no local data for ripemd160@https://registry.npmjs.org/ripemd160/-/ripemd160-2.0.3.tgz. Extracting by manifest.
6177 silly tarball no local data for md5.js@https://registry.npmjs.org/md5.js/-/md5.js-1.3.5.tgz. Extracting by manifest.
6178 silly tarball no local data for bn.js@https://registry.npmjs.org/bn.js/-/bn.js-5.2.5.tgz. Extracting by manifest.
6179 silly tarball no local data for browserify-rsa@https://registry.npmjs.org/browserify-rsa/-/browserify-rsa-4.1.1.tgz. Extracting by manifest.
6180 silly tarball no local data for safe-buffer@https://registry.npmjs.org/safe-buffer/-/safe-buffer-5.2.1.tgz. Extracting by manifest.
6181 silly tarball no local data for buffer-xor@https://registry.npmjs.org/buffer-xor/-/buffer-xor-1.0.3.tgz. Extracting by manifest.
6182 silly tarball no local data for cipher-base@https://registry.npmjs.org/cipher-base/-/cipher-base-1.0.7.tgz. Extracting by manifest.
6183 silly tarball no local data for des.js@https://registry.npmjs.org/des.js/-/des.js-1.1.0.tgz. Extracting by manifest.
6184 silly tarball no local data for browserify-des@https://registry.npmjs.org/browserify-des/-/browserify-des-1.0.2.tgz. Extracting by manifest.
6185 silly tarball no local data for evp_bytestokey@https://registry.npmjs.org/evp_bytestokey/-/evp_bytestokey-1.0.3.tgz. Extracting by manifest.
6186 silly tarball no local data for randombytes@https://registry.npmjs.org/randombytes/-/randombytes-2.1.0.tgz. Extracting by manifest.
6187 silly tarball no local data for hash-base@https://registry.npmjs.org/hash-base/-/hash-base-3.0.5.tgz. Extracting by manifest.
6188 silly tarball no local data for public-encrypt@https://registry.npmjs.org/public-encrypt/-/public-encrypt-4.0.3.tgz. Extracting by manifest.
6189 silly tarball no local data for browserify-aes@https://registry.npmjs.org/browserify-aes/-/browserify-aes-1.2.0.tgz. Extracting by manifest.
6190 silly tarball no local data for randomfill@https://registry.npmjs.org/randomfill/-/randomfill-1.0.4.tgz. Extracting by manifest.
6191 silly tarball no local data for pbkdf2@https://registry.npmjs.org/pbkdf2/-/pbkdf2-3.1.6.tgz. Extracting by manifest.
6192 silly tarball no local data for diffie-hellman@https://registry.npmjs.org/diffie-hellman/-/diffie-hellman-5.0.3.tgz. Extracting by manifest.
6193 silly tarball no local data for create-ecdh@https://registry.npmjs.org/create-ecdh/-/create-ecdh-4.0.4.tgz. Extracting by manifest.
6194 silly tarball no local data for isarray@https://registry.npmjs.org/isarray/-/isarray-1.0.0.tgz. Extracting by manifest.
6195 silly tarball no local data for create-hmac@https://registry.npmjs.org/create-hmac/-/create-hmac-1.1.7.tgz. Extracting by manifest.
6196 silly tarball no local data for create-hash@https://registry.npmjs.org/create-hash/-/create-hash-1.2.0.tgz. Extracting by manifest.
6197 silly tarball no local data for browserify-sign@https://registry.npmjs.org/browserify-sign/-/browserify-sign-4.2.6.tgz. Extracting by manifest.
6198 silly tarball no local data for browserify-cipher@https://registry.npmjs.org/browserify-cipher/-/browserify-cipher-1.0.1.tgz. Extracting by manifest.
6199 silly tarball no local data for vm-browserify@https://registry.npmjs.org/vm-browserify/-/vm-browserify-1.1.2.tgz. Extracting by manifest.
6200 silly tarball no local data for object.assign@https://registry.npmjs.org/object.assign/-/object.assign-4.1.7.tgz. Extracting by manifest.
6201 silly tarball no local data for util@https://registry.npmjs.org/util/-/util-0.11.1.tgz. Extracting by manifest.
6202 silly tarball no local data for ieee754@https://registry.npmjs.org/ieee754/-/ieee754-1.2.1.tgz. Extracting by manifest.
6203 silly tarball no local data for base64-js@https://registry.npmjs.org/base64-js/-/base64-js-1.5.1.tgz. Extracting by manifest.
6204 silly tarball no local data for url@https://registry.npmjs.org/url/-/url-0.11.4.tgz. Extracting by manifest.
6205 silly tarball no local data for string_decoder@https://registry.npmjs.org/string_decoder/-/string_decoder-1.3.0.tgz. Extracting by manifest.
6206 silly tarball no local data for readable-stream@https://registry.npmjs.org/readable-stream/-/readable-stream-2.3.8.tgz. Extracting by manifest.
6207 silly tarball no local data for stream-browserify@https://registry.npmjs.org/stream-browserify/-/stream-browserify-2.0.2.tgz. Extracting by manifest.
6208 silly tarball no local data for stream-http@https://registry.npmjs.org/stream-http/-/stream-http-2.8.3.tgz. Extracting by manifest.
6209 silly tarball no local data for tty-browserify@https://registry.npmjs.org/tty-browserify/-/tty-browserify-0.0.0.tgz. Extracting by manifest.
6210 silly tarball no local data for timers-browserify@https://registry.npmjs.org/timers-browserify/-/timers-browserify-2.0.12.tgz. Extracting by manifest.
6211 silly tarball no local data for punycode@https://registry.npmjs.org/punycode/-/punycode-1.4.1.tgz. Extracting by manifest.
6212 silly tarball no local data for querystring-es3@https://registry.npmjs.org/querystring-es3/-/querystring-es3-0.2.1.tgz. Extracting by manifest.
6213 silly tarball no local data for os-browserify@https://registry.npmjs.org/os-browserify/-/os-browserify-0.3.0.tgz. Extracting by manifest.
6214 silly tarball no local data for https-browserify@https://registry.npmjs.org/https-browserify/-/https-browserify-1.0.0.tgz. Extracting by manifest.
6215 silly tarball no local data for path-browserify@https://registry.npmjs.org/path-browserify/-/path-browserify-0.0.1.tgz. Extracting by manifest.
6216 silly tarball no local data for process@https://registry.npmjs.org/process/-/process-0.11.10.tgz. Extracting by manifest.
6217 silly tarball no local data for domain-browser@https://registry.npmjs.org/domain-browser/-/domain-browser-1.2.0.tgz. Extracting by manifest.
6218 silly tarball no local data for events@https://registry.npmjs.org/events/-/events-3.3.0.tgz. Extracting by manifest.
6219 silly tarball no local data for console-browserify@https://registry.npmjs.org/console-browserify/-/console-browserify-1.2.0.tgz. Extracting by manifest.
6220 silly tarball no local data for browserify-zlib@https://registry.npmjs.org/browserify-zlib/-/browserify-zlib-0.2.0.tgz. Extracting by manifest.
6221 silly tarball no local data for buffer@https://registry.npmjs.org/buffer/-/buffer-4.9.2.tgz. Extracting by manifest.
6222 silly tarball no local data for crypto-browserify@https://registry.npmjs.org/crypto-browserify/-/crypto-browserify-3.12.1.tgz. Extracting by manifest.
6223 silly tarball no local data for constants-browserify@https://registry.npmjs.org/constants-browserify/-/constants-browserify-1.0.0.tgz. Extracting by manifest.
6224 silly tarball no local data for assert@https://registry.npmjs.org/assert/-/assert-1.5.1.tgz. Extracting by manifest.
6225 silly tarball no local data for concat-map@https://registry.npmjs.org/concat-map/-/concat-map-0.0.1.tgz. Extracting by manifest.
6226 silly tarball no local data for webpack-sources@https://registry.npmjs.org/webpack-sources/-/webpack-sources-1.4.3.tgz. Extracting by manifest.
6227 silly tarball no local data for mime-db@https://registry.npmjs.org/mime-db/-/mime-db-1.52.0.tgz. Extracting by manifest.
6228 silly tarball no local data for balanced-match@https://registry.npmjs.org/balanced-match/-/balanced-match-1.0.2.tgz. Extracting by manifest.
6229 silly tarball no local data for is-buffer@https://registry.npmjs.org/is-buffer/-/is-buffer-1.1.6.tgz. Extracting by manifest.
6230 silly tarball no local data for brace-expansion@https://registry.npmjs.org/brace-expansion/-/brace-expansion-1.1.18.tgz. Extracting by manifest.
6231 silly tarball no local data for charenc@https://registry.npmjs.org/charenc/-/charenc-0.0.2.tgz. Extracting by manifest.
6232 silly tarball no local data for yallist@https://registry.npmjs.org/yallist/-/yallist-3.1.1.tgz. Extracting by manifest.
6233 silly tarball no local data for big.js@https://registry.npmjs.org/big.js/-/big.js-5.2.2.tgz. Extracting by manifest.
6234 silly tarball no local data for crypt@https://registry.npmjs.org/crypt/-/crypt-0.0.2.tgz. Extracting by manifest.
6235 silly tarball no local data for emojis-list@https://registry.npmjs.org/emojis-list/-/emojis-list-3.0.0.tgz. Extracting by manifest.
6236 silly tarball no local data for is-extglob@https://registry.npmjs.org/is-extglob/-/is-extglob-2.1.1.tgz. Extracting by manifest.
6237 silly tarball no local data for vite-plugin-full-reload@https://registry.npmjs.org/vite-plugin-full-reload/-/vite-plugin-full-reload-1.2.0.tgz. Extracting by manifest.
6238 silly tarball no local data for reusify@https://registry.npmjs.org/reusify/-/reusify-1.1.0.tgz. Extracting by manifest.
6239 silly tarball no local data for run-parallel@https://registry.npmjs.org/run-parallel/-/run-parallel-1.2.0.tgz. Extracting by manifest.
6240 silly tarball no local data for fastq@https://registry.npmjs.org/fastq/-/fastq-1.20.1.tgz. Extracting by manifest.
6241 silly tarball no local data for wrappy@https://registry.npmjs.org/wrappy/-/wrappy-1.0.2.tgz. Extracting by manifest.
6242 silly tarball no local data for binary-extensions@https://registry.npmjs.org/binary-extensions/-/binary-extensions-2.3.0.tgz. Extracting by manifest.
6243 silly tarball no local data for micromatch@https://registry.npmjs.org/micromatch/-/micromatch-4.0.8.tgz. Extracting by manifest.
6244 silly tarball no local data for path-type@https://registry.npmjs.org/path-type/-/path-type-4.0.0.tgz. Extracting by manifest.
6245 silly tarball no local data for @types/minimatch@https://registry.npmjs.org/@types/minimatch/-/minimatch-5.1.2.tgz. Extracting by manifest.
6246 silly tarball no local data for slash@https://registry.npmjs.org/slash/-/slash-3.0.0.tgz. Extracting by manifest.
6247 silly tarball no local data for @nodelib/fs.walk@https://registry.npmjs.org/@nodelib/fs.walk/-/fs.walk-1.2.8.tgz. Extracting by manifest.
6248 silly tarball no local data for @nodelib/fs.stat@https://registry.npmjs.org/@nodelib/fs.stat/-/fs.stat-2.0.5.tgz. Extracting by manifest.
6249 silly tarball no local data for ignore@https://registry.npmjs.org/ignore/-/ignore-5.3.2.tgz. Extracting by manifest.
6250 silly tarball no local data for @nodelib/fs.scandir@https://registry.npmjs.org/@nodelib/fs.scandir/-/fs.scandir-2.1.5.tgz. Extracting by manifest.
6251 silly tarball no local data for @types/glob@https://registry.npmjs.org/@types/glob/-/glob-7.2.0.tgz. Extracting by manifest.
6252 silly tarball no local data for dir-glob@https://registry.npmjs.org/dir-glob/-/dir-glob-3.0.1.tgz. Extracting by manifest.
6253 silly tarball no local data for fast-glob@https://registry.npmjs.org/fast-glob/-/fast-glob-3.3.3.tgz. Extracting by manifest.
6254 silly tarball no local data for merge2@https://registry.npmjs.org/merge2/-/merge2-1.4.1.tgz. Extracting by manifest.
6255 silly tarball no local data for array-union@https://registry.npmjs.org/array-union/-/array-union-2.1.0.tgz. Extracting by manifest.
6256 silly tarball no local data for replace-ext@https://registry.npmjs.org/replace-ext/-/replace-ext-1.0.1.tgz. Extracting by manifest.
6257 silly tarball no local data for p-pipe@https://registry.npmjs.org/p-pipe/-/p-pipe-3.1.0.tgz. Extracting by manifest.
6258 silly tarball no local data for dom-serializer@https://registry.npmjs.org/dom-serializer/-/dom-serializer-1.4.1.tgz. Extracting by manifest.
6259 silly tarball no local data for junk@https://registry.npmjs.org/junk/-/junk-3.1.0.tgz. Extracting by manifest.
6260 silly tarball no local data for globby@https://registry.npmjs.org/globby/-/globby-10.0.2.tgz. Extracting by manifest.
6261 silly tarball no local data for file-type@https://registry.npmjs.org/file-type/-/file-type-12.4.2.tgz. Extracting by manifest.
6262 silly tarball no local data for entities@https://registry.npmjs.org/entities/-/entities-2.2.0.tgz. Extracting by manifest.
6263 silly tarball no local data for domelementtype@https://registry.npmjs.org/domelementtype/-/domelementtype-2.3.0.tgz. Extracting by manifest.
6264 silly tarball no local data for domutils@https://registry.npmjs.org/domutils/-/domutils-2.8.0.tgz. Extracting by manifest.
6265 silly tarball no local data for pascal-case@https://registry.npmjs.org/pascal-case/-/pascal-case-3.1.2.tgz. Extracting by manifest.
6266 silly tarball no local data for domhandler@https://registry.npmjs.org/domhandler/-/domhandler-3.3.0.tgz. Extracting by manifest.
6267 silly tarball no local data for tslib@https://registry.npmjs.org/tslib/-/tslib-2.8.1.tgz. Extracting by manifest.
6268 silly tarball no local data for he@https://registry.npmjs.org/he/-/he-1.2.0.tgz. Extracting by manifest.
6269 silly tarball no local data for param-case@https://registry.npmjs.org/param-case/-/param-case-3.0.4.tgz. Extracting by manifest.
6270 silly tarball no local data for htmlparser2@https://registry.npmjs.org/htmlparser2/-/htmlparser2-4.1.0.tgz. Extracting by manifest.
6271 silly tarball no local data for relateurl@https://registry.npmjs.org/relateurl/-/relateurl-0.2.7.tgz. Extracting by manifest.
6272 silly tarball no local data for camel-case@https://registry.npmjs.org/camel-case/-/camel-case-4.1.2.tgz. Extracting by manifest.
6273 silly tarball no local data for once@https://registry.npmjs.org/once/-/once-1.4.0.tgz. Extracting by manifest.
6274 silly tarball no local data for inherits@https://registry.npmjs.org/inherits/-/inherits-2.0.4.tgz. Extracting by manifest.
6275 silly tarball no local data for path-is-absolute@https://registry.npmjs.org/path-is-absolute/-/path-is-absolute-1.0.1.tgz. Extracting by manifest.
6276 silly tarball no local data for html-minifier-terser@https://registry.npmjs.org/html-minifier-terser/-/html-minifier-terser-5.1.1.tgz. Extracting by manifest.
6277 silly tarball no local data for minimatch@https://registry.npmjs.org/minimatch/-/minimatch-3.1.5.tgz. Extracting by manifest.
6278 silly tarball no local data for universalify@https://registry.npmjs.org/universalify/-/universalify-2.0.1.tgz. Extracting by manifest.
6279 silly tarball no local data for jsonfile@https://registry.npmjs.org/jsonfile/-/jsonfile-6.2.1.tgz. Extracting by manifest.
6280 silly tarball no local data for fs.realpath@https://registry.npmjs.org/fs.realpath/-/fs.realpath-1.0.0.tgz. Extracting by manifest.
6281 silly tarball no local data for graceful-fs@https://registry.npmjs.org/graceful-fs/-/graceful-fs-4.2.11.tgz. Extracting by manifest.
6282 silly tarball no local data for inflight@https://registry.npmjs.org/inflight/-/inflight-1.0.6.tgz. Extracting by manifest.
6283 silly tarball no local data for commondir@https://registry.npmjs.org/commondir/-/commondir-1.0.1.tgz. Extracting by manifest.
6284 silly tarball no local data for pkg-dir@https://registry.npmjs.org/pkg-dir/-/pkg-dir-4.2.0.tgz. Extracting by manifest.
6285 silly tarball no local data for postcss-svgo@https://registry.npmjs.org/postcss-svgo/-/postcss-svgo-5.1.0.tgz. Extracting by manifest.
6286 silly tarball no local data for to-regex-range@https://registry.npmjs.org/to-regex-range/-/to-regex-range-5.0.1.tgz. Extracting by manifest.
6287 silly tarball no local data for postcss-unique-selectors@https://registry.npmjs.org/postcss-unique-selectors/-/postcss-unique-selectors-5.1.1.tgz. Extracting by manifest.
6288 silly tarball no local data for postcss-ordered-values@https://registry.npmjs.org/postcss-ordered-values/-/postcss-ordered-values-5.1.3.tgz. Extracting by manifest.
6289 silly tarball no local data for postcss-reduce-initial@https://registry.npmjs.org/postcss-reduce-initial/-/postcss-reduce-initial-5.1.2.tgz. Extracting by manifest.
6290 silly tarball no local data for postcss-normalize-url@https://registry.npmjs.org/postcss-normalize-url/-/postcss-normalize-url-5.1.0.tgz. Extracting by manifest.
6291 silly tarball no local data for postcss-reduce-transforms@https://registry.npmjs.org/postcss-reduce-transforms/-/postcss-reduce-transforms-5.1.0.tgz. Extracting by manifest.
6292 silly tarball no local data for postcss-normalize-unicode@https://registry.npmjs.org/postcss-normalize-unicode/-/postcss-normalize-unicode-5.1.1.tgz. Extracting by manifest.
6293 silly tarball no local data for postcss-normalize-charset@https://registry.npmjs.org/postcss-normalize-charset/-/postcss-normalize-charset-5.1.0.tgz. Extracting by manifest.
6294 silly tarball no local data for postcss-normalize-string@https://registry.npmjs.org/postcss-normalize-string/-/postcss-normalize-string-5.1.0.tgz. Extracting by manifest.
6295 silly tarball no local data for postcss-normalize-whitespace@https://registry.npmjs.org/postcss-normalize-whitespace/-/postcss-normalize-whitespace-5.1.1.tgz. Extracting by manifest.
6296 silly tarball no local data for postcss-normalize-timing-functions@https://registry.npmjs.org/postcss-normalize-timing-functions/-/postcss-normalize-timing-functions-5.1.0.tgz. Extracting by manifest.
6297 silly tarball no local data for postcss-normalize-display-values@https://registry.npmjs.org/postcss-normalize-display-values/-/postcss-normalize-display-values-5.1.0.tgz. Extracting by manifest.
6298 silly tarball no local data for postcss-normalize-repeat-style@https://registry.npmjs.org/postcss-normalize-repeat-style/-/postcss-normalize-repeat-style-5.1.1.tgz. Extracting by manifest.
6299 silly tarball no local data for postcss-minify-font-values@https://registry.npmjs.org/postcss-minify-font-values/-/postcss-minify-font-values-5.1.0.tgz. Extracting by manifest.
6300 silly tarball no local data for postcss-merge-rules@https://registry.npmjs.org/postcss-merge-rules/-/postcss-merge-rules-5.1.4.tgz. Extracting by manifest.
6301 silly tarball no local data for postcss-minify-selectors@https://registry.npmjs.org/postcss-minify-selectors/-/postcss-minify-selectors-5.2.1.tgz. Extracting by manifest.
6302 silly tarball no local data for postcss-normalize-positions@https://registry.npmjs.org/postcss-normalize-positions/-/postcss-normalize-positions-5.1.1.tgz. Extracting by manifest.
6303 silly tarball no local data for postcss-merge-longhand@https://registry.npmjs.org/postcss-merge-longhand/-/postcss-merge-longhand-5.1.7.tgz. Extracting by manifest.
6304 silly tarball no local data for postcss-minify-params@https://registry.npmjs.org/postcss-minify-params/-/postcss-minify-params-5.1.4.tgz. Extracting by manifest.
6305 silly tarball no local data for postcss-minify-gradients@https://registry.npmjs.org/postcss-minify-gradients/-/postcss-minify-gradients-5.1.1.tgz. Extracting by manifest.
6306 silly tarball no local data for postcss-discard-empty@https://registry.npmjs.org/postcss-discard-empty/-/postcss-discard-empty-5.1.1.tgz. Extracting by manifest.
6307 silly tarball no local data for postcss-discard-duplicates@https://registry.npmjs.org/postcss-discard-duplicates/-/postcss-discard-duplicates-5.1.0.tgz. Extracting by manifest.
6308 silly tarball no local data for postcss-discard-overridden@https://registry.npmjs.org/postcss-discard-overridden/-/postcss-discard-overridden-5.1.0.tgz. Extracting by manifest.
6309 silly tarball no local data for cssnano-utils@https://registry.npmjs.org/cssnano-utils/-/cssnano-utils-3.1.0.tgz. Extracting by manifest.
6310 silly tarball no local data for postcss-colormin@https://registry.npmjs.org/postcss-colormin/-/postcss-colormin-5.3.1.tgz. Extracting by manifest.
6311 silly tarball no local data for postcss-convert-values@https://registry.npmjs.org/postcss-convert-values/-/postcss-convert-values-5.1.3.tgz. Extracting by manifest.
6312 silly tarball no local data for postcss-discard-comments@https://registry.npmjs.org/postcss-discard-comments/-/postcss-discard-comments-5.1.2.tgz. Extracting by manifest.
6313 silly tarball no local data for css-declaration-sorter@https://registry.npmjs.org/css-declaration-sorter/-/css-declaration-sorter-6.4.1.tgz. Extracting by manifest.
6314 silly tarball no local data for postcss-calc@https://registry.npmjs.org/postcss-calc/-/postcss-calc-8.2.4.tgz. Extracting by manifest.
6315 silly tarball no local data for yaml@https://registry.npmjs.org/yaml/-/yaml-1.10.3.tgz. Extracting by manifest.
6316 silly tarball no local data for cssnano-preset-default@https://registry.npmjs.org/cssnano-preset-default/-/cssnano-preset-default-5.2.14.tgz. Extracting by manifest.
6317 silly tarball no local data for lilconfig@https://registry.npmjs.org/lilconfig/-/lilconfig-2.1.0.tgz. Extracting by manifest.
6318 silly tarball no local data for postcss-modules-scope@https://registry.npmjs.org/postcss-modules-scope/-/postcss-modules-scope-3.2.1.tgz. Extracting by manifest.
6319 silly tarball no local data for postcss-modules-local-by-default@https://registry.npmjs.org/postcss-modules-local-by-default/-/postcss-modules-local-by-default-4.2.0.tgz. Extracting by manifest.
6320 silly tarball no local data for postcss-modules-values@https://registry.npmjs.org/postcss-modules-values/-/postcss-modules-values-4.0.0.tgz. Extracting by manifest.
6321 silly tarball no local data for color-name@https://registry.npmjs.org/color-name/-/color-name-1.1.4.tgz. Extracting by manifest.
6322 silly tarball no local data for @colors/colors@https://registry.npmjs.org/@colors/colors/-/colors-1.5.0.tgz. Extracting by manifest.
6323 silly tarball no local data for string-width@https://registry.npmjs.org/string-width/-/string-width-4.2.3.tgz. Extracting by manifest.
6324 silly tarball no local data for icss-utils@https://registry.npmjs.org/icss-utils/-/icss-utils-5.1.0.tgz. Extracting by manifest.
6325 silly tarball no local data for fill-range@https://registry.npmjs.org/fill-range/-/fill-range-7.1.1.tgz. Extracting by manifest.
6326 silly tarball no local data for postcss-modules-extract-imports@https://registry.npmjs.org/postcss-modules-extract-imports/-/postcss-modules-extract-imports-3.1.0.tgz. Extracting by manifest.
6327 silly tarball no local data for picomatch@https://registry.npmjs.org/picomatch/-/picomatch-2.3.2.tgz. Extracting by manifest.
6328 silly tarball no local data for is-glob@https://registry.npmjs.org/is-glob/-/is-glob-4.0.3.tgz. Extracting by manifest.
6329 silly tarball no local data for readdirp@https://registry.npmjs.org/readdirp/-/readdirp-3.6.0.tgz. Extracting by manifest.
6330 silly tarball no local data for normalize-path@https://registry.npmjs.org/normalize-path/-/normalize-path-3.0.0.tgz. Extracting by manifest.
6331 silly tarball no local data for is-binary-path@https://registry.npmjs.org/is-binary-path/-/is-binary-path-2.1.0.tgz. Extracting by manifest.
6332 silly tarball no local data for supports-color@https://registry.npmjs.org/supports-color/-/supports-color-7.2.0.tgz. Extracting by manifest.
6333 silly tarball no local data for glob-parent@https://registry.npmjs.org/glob-parent/-/glob-parent-5.1.2.tgz. Extracting by manifest.
6334 silly tarball no local data for ansi-styles@https://registry.npmjs.org/ansi-styles/-/ansi-styles-4.3.0.tgz. Extracting by manifest.
6335 silly tarball no local data for anymatch@https://registry.npmjs.org/anymatch/-/anymatch-3.1.3.tgz. Extracting by manifest.
6336 silly tarball no local data for color-convert@https://registry.npmjs.org/color-convert/-/color-convert-2.0.1.tgz. Extracting by manifest.
6337 silly tarball no local data for resolve@https://registry.npmjs.org/resolve/-/resolve-1.22.12.tgz. Extracting by manifest.
6338 silly tarball no local data for braces@https://registry.npmjs.org/braces/-/braces-3.0.3.tgz. Extracting by manifest.
6339 silly tarball no local data for make-dir@https://registry.npmjs.org/make-dir/-/make-dir-3.1.0.tgz. Extracting by manifest.
6340 silly tarball no local data for find-cache-dir@https://registry.npmjs.org/find-cache-dir/-/find-cache-dir-3.3.2.tgz. Extracting by manifest.
6341 silly tarball no local data for loader-utils@https://registry.npmjs.org/loader-utils/-/loader-utils-2.0.4.tgz. Extracting by manifest.
6342 silly tarball no local data for schema-utils@https://registry.npmjs.org/schema-utils/-/schema-utils-2.7.1.tgz. Extracting by manifest.
6343 silly tarball no local data for lodash.debounce@https://registry.npmjs.org/lodash.debounce/-/lodash.debounce-4.0.8.tgz. Extracting by manifest.
6344 silly tarball no local data for @types/svgo@https://registry.npmjs.org/@types/svgo/-/svgo-1.3.6.tgz. Extracting by manifest.
6345 silly tarball no local data for @babel/helper-define-polyfill-provider@https://registry.npmjs.org/@babel/helper-define-polyfill-provider/-/helper-define-polyfill-provider-0.6.8.tgz. Extracting by manifest.
6346 silly tarball no local data for @types/imagemin@https://registry.npmjs.org/@types/imagemin/-/imagemin-9.0.1.tgz. Extracting by manifest.
6347 silly tarball no local data for @types/node@https://registry.npmjs.org/@types/node/-/node-26.1.2.tgz. Extracting by manifest.
6348 silly tarball no local data for undici-types@https://registry.npmjs.org/undici-types/-/undici-types-8.3.0.tgz. Extracting by manifest.
6349 silly tarball no local data for source-map@https://registry.npmjs.org/source-map/-/source-map-0.6.1.tgz. Extracting by manifest.
6350 silly tarball no local data for esutils@https://registry.npmjs.org/esutils/-/esutils-2.0.3.tgz. Extracting by manifest.
6351 silly tarball no local data for @babel/helper-remap-async-to-generator@https://registry.npmjs.org/@babel/helper-remap-async-to-generator/-/helper-remap-async-to-generator-7.29.7.tgz. Extracting by manifest.
6352 silly tarball no local data for @babel/helper-replace-supers@https://registry.npmjs.org/@babel/helper-replace-supers/-/helper-replace-supers-7.29.7.tgz. Extracting by manifest.
6353 silly tarball no local data for @babel/helper-create-class-features-plugin@https://registry.npmjs.org/@babel/helper-create-class-features-plugin/-/helper-create-class-features-plugin-7.29.7.tgz. Extracting by manifest.
6354 silly tarball no local data for regexpu-core@https://registry.npmjs.org/regexpu-core/-/regexpu-core-6.4.0.tgz. Extracting by manifest.
6355 silly tarball no local data for @babel/helper-member-expression-to-functions@https://registry.npmjs.org/@babel/helper-member-expression-to-functions/-/helper-member-expression-to-functions-7.29.7.tgz. Extracting by manifest.
6356 silly tarball no local data for @babel/helper-optimise-call-expression@https://registry.npmjs.org/@babel/helper-optimise-call-expression/-/helper-optimise-call-expression-7.29.7.tgz. Extracting by manifest.
6357 silly tarball no local data for @babel/helper-wrap-function@https://registry.npmjs.org/@babel/helper-wrap-function/-/helper-wrap-function-7.29.7.tgz. Extracting by manifest.
6358 silly tarball no local data for @babel/helper-annotate-as-pure@https://registry.npmjs.org/@babel/helper-annotate-as-pure/-/helper-annotate-as-pure-7.29.7.tgz. Extracting by manifest.
6359 silly tarball no local data for @babel/helper-skip-transparent-expression-wrappers@https://registry.npmjs.org/@babel/helper-skip-transparent-expression-wrappers/-/helper-skip-transparent-expression-wrappers-7.29.7.tgz. Extracting by manifest.
6360 silly tarball no local data for @babel/preset-modules@https://registry.npmjs.org/@babel/preset-modules/-/preset-modules-0.1.6-no-external-plugins.tgz. Extracting by manifest.
6361 silly tarball no local data for @babel/plugin-transform-unicode-sets-regex@https://registry.npmjs.org/@babel/plugin-transform-unicode-sets-regex/-/plugin-transform-unicode-sets-regex-7.29.7.tgz. Extracting by manifest.
6362 silly tarball no local data for @babel/plugin-transform-unicode-regex@https://registry.npmjs.org/@babel/plugin-transform-unicode-regex/-/plugin-transform-unicode-regex-7.29.7.tgz. Extracting by manifest.
6363 silly tarball no local data for @babel/helper-create-regexp-features-plugin@https://registry.npmjs.org/@babel/helper-create-regexp-features-plugin/-/helper-create-regexp-features-plugin-7.29.7.tgz. Extracting by manifest.
6364 silly tarball no local data for core-js-compat@https://registry.npmjs.org/core-js-compat/-/core-js-compat-3.49.0.tgz. Extracting by manifest.
6365 silly tarball no local data for @babel/plugin-transform-unicode-escapes@https://registry.npmjs.org/@babel/plugin-transform-unicode-escapes/-/plugin-transform-unicode-escapes-7.29.7.tgz. Extracting by manifest.
6366 silly tarball no local data for @babel/plugin-transform-unicode-property-regex@https://registry.npmjs.org/@babel/plugin-transform-unicode-property-regex/-/plugin-transform-unicode-property-regex-7.29.7.tgz. Extracting by manifest.
6367 silly tarball no local data for @babel/plugin-transform-sticky-regex@https://registry.npmjs.org/@babel/plugin-transform-sticky-regex/-/plugin-transform-sticky-regex-7.29.7.tgz. Extracting by manifest.
6368 silly tarball no local data for @babel/plugin-transform-spread@https://registry.npmjs.org/@babel/plugin-transform-spread/-/plugin-transform-spread-7.29.8.tgz. Extracting by manifest.
6369 silly tarball no local data for @babel/plugin-transform-shorthand-properties@https://registry.npmjs.org/@babel/plugin-transform-shorthand-properties/-/plugin-transform-shorthand-properties-7.29.7.tgz. Extracting by manifest.
6370 silly tarball no local data for @babel/plugin-transform-template-literals@https://registry.npmjs.org/@babel/plugin-transform-template-literals/-/plugin-transform-template-literals-7.29.7.tgz. Extracting by manifest.
6371 silly tarball no local data for @babel/plugin-transform-typeof-symbol@https://registry.npmjs.org/@babel/plugin-transform-typeof-symbol/-/plugin-transform-typeof-symbol-7.29.7.tgz. Extracting by manifest.
6372 silly tarball no local data for @babel/plugin-transform-reserved-words@https://registry.npmjs.org/@babel/plugin-transform-reserved-words/-/plugin-transform-reserved-words-7.29.7.tgz. Extracting by manifest.
6373 silly tarball no local data for @babel/plugin-transform-regexp-modifiers@https://registry.npmjs.org/@babel/plugin-transform-regexp-modifiers/-/plugin-transform-regexp-modifiers-7.29.7.tgz. Extracting by manifest.
6374 silly tarball no local data for @babel/plugin-transform-property-literals@https://registry.npmjs.org/@babel/plugin-transform-property-literals/-/plugin-transform-property-literals-7.29.7.tgz. Extracting by manifest.
6375 silly tarball no local data for @babel/plugin-transform-private-methods@https://registry.npmjs.org/@babel/plugin-transform-private-methods/-/plugin-transform-private-methods-7.29.7.tgz. Extracting by manifest.
6376 silly tarball no local data for @babel/plugin-transform-regenerator@https://registry.npmjs.org/@babel/plugin-transform-regenerator/-/plugin-transform-regenerator-7.29.8.tgz. Extracting by manifest.
6377 silly tarball no local data for @babel/plugin-transform-optional-catch-binding@https://registry.npmjs.org/@babel/plugin-transform-optional-catch-binding/-/plugin-transform-optional-catch-binding-7.29.7.tgz. Extracting by manifest.
6378 silly tarball no local data for @babel/plugin-transform-optional-chaining@https://registry.npmjs.org/@babel/plugin-transform-optional-chaining/-/plugin-transform-optional-chaining-7.29.7.tgz. Extracting by manifest.
6379 silly tarball no local data for @babel/plugin-transform-private-property-in-object@https://registry.npmjs.org/@babel/plugin-transform-private-property-in-object/-/plugin-transform-private-property-in-object-7.29.7.tgz. Extracting by manifest.
6380 silly tarball no local data for @babel/plugin-transform-object-rest-spread@https://registry.npmjs.org/@babel/plugin-transform-object-rest-spread/-/plugin-transform-object-rest-spread-7.29.7.tgz. Extracting by manifest.
6381 silly tarball no local data for @babel/plugin-transform-numeric-separator@https://registry.npmjs.org/@babel/plugin-transform-numeric-separator/-/plugin-transform-numeric-separator-7.29.7.tgz. Extracting by manifest.
6382 silly tarball no local data for @babel/plugin-transform-new-target@https://registry.npmjs.org/@babel/plugin-transform-new-target/-/plugin-transform-new-target-7.29.7.tgz. Extracting by manifest.
6383 silly tarball no local data for @babel/plugin-transform-named-capturing-groups-regex@https://registry.npmjs.org/@babel/plugin-transform-named-capturing-groups-regex/-/plugin-transform-named-capturing-groups-regex-7.29.7.tgz. Extracting by manifest.
6384 silly tarball no local data for @babel/plugin-transform-object-super@https://registry.npmjs.org/@babel/plugin-transform-object-super/-/plugin-transform-object-super-7.29.7.tgz. Extracting by manifest.
6385 silly tarball no local data for @babel/plugin-transform-nullish-coalescing-operator@https://registry.npmjs.org/@babel/plugin-transform-nullish-coalescing-operator/-/plugin-transform-nullish-coalescing-operator-7.29.7.tgz. Extracting by manifest.
6386 silly tarball no local data for @babel/plugin-transform-modules-umd@https://registry.npmjs.org/@babel/plugin-transform-modules-umd/-/plugin-transform-modules-umd-7.29.7.tgz. Extracting by manifest.
6387 silly tarball no local data for @babel/plugin-transform-modules-systemjs@https://registry.npmjs.org/@babel/plugin-transform-modules-systemjs/-/plugin-transform-modules-systemjs-7.29.8.tgz. Extracting by manifest.
6388 silly tarball no local data for @babel/plugin-transform-logical-assignment-operators@https://registry.npmjs.org/@babel/plugin-transform-logical-assignment-operators/-/plugin-transform-logical-assignment-operators-7.29.7.tgz. Extracting by manifest.
6389 silly tarball no local data for @babel/plugin-transform-modules-amd@https://registry.npmjs.org/@babel/plugin-transform-modules-amd/-/plugin-transform-modules-amd-7.29.7.tgz. Extracting by manifest.
6390 silly tarball no local data for @babel/plugin-transform-export-namespace-from@https://registry.npmjs.org/@babel/plugin-transform-export-namespace-from/-/plugin-transform-export-namespace-from-7.29.7.tgz. Extracting by manifest.
6391 silly tarball no local data for @babel/plugin-transform-modules-commonjs@https://registry.npmjs.org/@babel/plugin-transform-modules-commonjs/-/plugin-transform-modules-commonjs-7.29.7.tgz. Extracting by manifest.
6392 silly tarball no local data for @babel/plugin-transform-member-expression-literals@https://registry.npmjs.org/@babel/plugin-transform-member-expression-literals/-/plugin-transform-member-expression-literals-7.29.7.tgz. Extracting by manifest.
6393 silly tarball no local data for @babel/plugin-transform-json-strings@https://registry.npmjs.org/@babel/plugin-transform-json-strings/-/plugin-transform-json-strings-7.29.7.tgz. Extracting by manifest.
6394 silly tarball no local data for @babel/plugin-transform-literals@https://registry.npmjs.org/@babel/plugin-transform-literals/-/plugin-transform-literals-7.29.7.tgz. Extracting by manifest.
6395 silly tarball no local data for @babel/plugin-transform-explicit-resource-management@https://registry.npmjs.org/@babel/plugin-transform-explicit-resource-management/-/plugin-transform-explicit-resource-management-7.29.7.tgz. Extracting by manifest.
6396 silly tarball no local data for @babel/plugin-transform-dynamic-import@https://registry.npmjs.org/@babel/plugin-transform-dynamic-import/-/plugin-transform-dynamic-import-7.29.7.tgz. Extracting by manifest.
6397 silly tarball no local data for @babel/plugin-transform-for-of@https://registry.npmjs.org/@babel/plugin-transform-for-of/-/plugin-transform-for-of-7.29.7.tgz. Extracting by manifest.
6398 silly tarball no local data for @babel/plugin-transform-duplicate-named-capturing-groups-regex@https://registry.npmjs.org/@babel/plugin-transform-duplicate-named-capturing-groups-regex/-/plugin-transform-duplicate-named-capturing-groups-regex-7.29.7.tgz. Extracting by manifest.
6399 silly tarball no local data for @babel/plugin-transform-exponentiation-operator@https://registry.npmjs.org/@babel/plugin-transform-exponentiation-operator/-/plugin-transform-exponentiation-operator-7.29.7.tgz. Extracting by manifest.
6400 silly tarball no local data for @babel/plugin-transform-duplicate-keys@https://registry.npmjs.org/@babel/plugin-transform-duplicate-keys/-/plugin-transform-duplicate-keys-7.29.7.tgz. Extracting by manifest.
6401 silly tarball no local data for @babel/plugin-transform-function-name@https://registry.npmjs.org/@babel/plugin-transform-function-name/-/plugin-transform-function-name-7.29.7.tgz. Extracting by manifest.
6402 silly tarball no local data for @babel/plugin-transform-dotall-regex@https://registry.npmjs.org/@babel/plugin-transform-dotall-regex/-/plugin-transform-dotall-regex-7.29.7.tgz. Extracting by manifest.
6403 silly tarball no local data for @babel/plugin-transform-destructuring@https://registry.npmjs.org/@babel/plugin-transform-destructuring/-/plugin-transform-destructuring-7.29.7.tgz. Extracting by manifest.
6404 silly tarball no local data for @babel/plugin-transform-computed-properties@https://registry.npmjs.org/@babel/plugin-transform-computed-properties/-/plugin-transform-computed-properties-7.29.7.tgz. Extracting by manifest.
6405 silly tarball no local data for @babel/plugin-transform-class-static-block@https://registry.npmjs.org/@babel/plugin-transform-class-static-block/-/plugin-transform-class-static-block-7.29.7.tgz. Extracting by manifest.
6406 silly tarball no local data for @babel/plugin-transform-class-properties@https://registry.npmjs.org/@babel/plugin-transform-class-properties/-/plugin-transform-class-properties-7.29.7.tgz. Extracting by manifest.
6407 silly tarball no local data for @babel/plugin-transform-classes@https://registry.npmjs.org/@babel/plugin-transform-classes/-/plugin-transform-classes-7.29.7.tgz. Extracting by manifest.
6408 silly tarball no local data for @babel/plugin-transform-async-to-generator@https://registry.npmjs.org/@babel/plugin-transform-async-to-generator/-/plugin-transform-async-to-generator-7.29.7.tgz. Extracting by manifest.
6409 silly tarball no local data for @babel/plugin-transform-block-scoping@https://registry.npmjs.org/@babel/plugin-transform-block-scoping/-/plugin-transform-block-scoping-7.29.7.tgz. Extracting by manifest.
6410 silly tarball no local data for @babel/plugin-transform-block-scoped-functions@https://registry.npmjs.org/@babel/plugin-transform-block-scoped-functions/-/plugin-transform-block-scoped-functions-7.29.7.tgz. Extracting by manifest.
6411 silly tarball no local data for @babel/plugin-transform-async-generator-functions@https://registry.npmjs.org/@babel/plugin-transform-async-generator-functions/-/plugin-transform-async-generator-functions-7.29.7.tgz. Extracting by manifest.
6412 silly tarball no local data for @babel/plugin-syntax-unicode-sets-regex@https://registry.npmjs.org/@babel/plugin-syntax-unicode-sets-regex/-/plugin-syntax-unicode-sets-regex-7.18.6.tgz. Extracting by manifest.
6413 silly tarball no local data for @babel/plugin-transform-arrow-functions@https://registry.npmjs.org/@babel/plugin-transform-arrow-functions/-/plugin-transform-arrow-functions-7.29.7.tgz. Extracting by manifest.
6414 silly tarball no local data for @babel/plugin-syntax-import-assertions@https://registry.npmjs.org/@babel/plugin-syntax-import-assertions/-/plugin-syntax-import-assertions-7.29.7.tgz. Extracting by manifest.
6415 silly tarball no local data for @babel/plugin-proposal-private-property-in-object@https://registry.npmjs.org/@babel/plugin-proposal-private-property-in-object/-/plugin-proposal-private-property-in-object-7.21.0-placeholder-for-preset-env.2.tgz. Extracting by manifest.
6416 silly tarball no local data for @babel/plugin-syntax-import-attributes@https://registry.npmjs.org/@babel/plugin-syntax-import-attributes/-/plugin-syntax-import-attributes-7.29.7.tgz. Extracting by manifest.
6417 silly tarball no local data for @babel/plugin-bugfix-v8-spread-parameters-in-optional-chaining@https://registry.npmjs.org/@babel/plugin-bugfix-v8-spread-parameters-in-optional-chaining/-/plugin-bugfix-v8-spread-parameters-in-optional-chaining-7.29.7.tgz. Extracting by manifest.
6418 silly tarball no local data for @babel/plugin-bugfix-v8-static-class-fields-redefine-readonly@https://registry.npmjs.org/@babel/plugin-bugfix-v8-static-class-fields-redefine-readonly/-/plugin-bugfix-v8-static-class-fields-redefine-readonly-7.29.7.tgz. Extracting by manifest.
6419 silly tarball no local data for @babel/plugin-bugfix-safari-class-field-initializer-scope@https://registry.npmjs.org/@babel/plugin-bugfix-safari-class-field-initializer-scope/-/plugin-bugfix-safari-class-field-initializer-scope-7.29.7.tgz. Extracting by manifest.
6420 silly tarball no local data for @babel/plugin-bugfix-safari-id-destructuring-collision-in-function-expression@https://registry.npmjs.org/@babel/plugin-bugfix-safari-id-destructuring-collision-in-function-expression/-/plugin-bugfix-safari-id-destructuring-collision-in-function-expression-7.29.7.tgz. Extracting by manifest.
6421 silly tarball no local data for @babel/plugin-bugfix-safari-rest-destructuring-rhs-array@https://registry.npmjs.org/@babel/plugin-bugfix-safari-rest-destructuring-rhs-array/-/plugin-bugfix-safari-rest-destructuring-rhs-array-7.29.7.tgz. Extracting by manifest.
6422 silly tarball no local data for babel-plugin-polyfill-corejs2@https://registry.npmjs.org/babel-plugin-polyfill-corejs2/-/babel-plugin-polyfill-corejs2-0.4.17.tgz. Extracting by manifest.
6423 silly tarball no local data for @babel/plugin-bugfix-firefox-class-in-computed-class-key@https://registry.npmjs.org/@babel/plugin-bugfix-firefox-class-in-computed-class-key/-/plugin-bugfix-firefox-class-in-computed-class-key-7.29.7.tgz. Extracting by manifest.
6424 silly tarball no local data for babel-plugin-polyfill-regenerator@https://registry.npmjs.org/babel-plugin-polyfill-regenerator/-/babel-plugin-polyfill-regenerator-0.6.8.tgz. Extracting by manifest.
6425 silly tarball no local data for @babel/plugin-transform-parameters@https://registry.npmjs.org/@babel/plugin-transform-parameters/-/plugin-transform-parameters-7.29.7.tgz. Extracting by manifest.
6426 silly tarball no local data for @babel/plugin-syntax-object-rest-spread@https://registry.npmjs.org/@babel/plugin-syntax-object-rest-spread/-/plugin-syntax-object-rest-spread-7.8.3.tgz. Extracting by manifest.
6427 silly tarball no local data for babel-plugin-polyfill-corejs3@https://registry.npmjs.org/babel-plugin-polyfill-corejs3/-/babel-plugin-polyfill-corejs3-0.13.0.tgz. Extracting by manifest.
6428 silly tarball no local data for webpackbar@https://registry.npmjs.org/webpackbar/-/webpackbar-5.0.2.tgz. Extracting by manifest.
6429 silly tarball no local data for webpack-merge@https://registry.npmjs.org/webpack-merge/-/webpack-merge-5.10.0.tgz. Extracting by manifest.
6430 silly tarball no local data for webpack-cli@https://registry.npmjs.org/webpack-cli/-/webpack-cli-4.10.0.tgz. Extracting by manifest.
6431 silly tarball no local data for webpack-notifier@https://registry.npmjs.org/webpack-notifier/-/webpack-notifier-1.15.0.tgz. Extracting by manifest.
6432 silly tarball no local data for webpack-dev-server@https://registry.npmjs.org/webpack-dev-server/-/webpack-dev-server-4.15.2.tgz. Extracting by manifest.
6433 silly tarball no local data for yargs@https://registry.npmjs.org/yargs/-/yargs-17.7.3.tgz. Extracting by manifest.
6434 silly tarball no local data for strip-ansi@https://registry.npmjs.org/strip-ansi/-/strip-ansi-6.0.1.tgz. Extracting by manifest.
6435 silly tarball no local data for terser@https://registry.npmjs.org/terser/-/terser-5.49.0.tgz. Extracting by manifest.
6436 silly tarball no local data for postcss-load-config@https://registry.npmjs.org/postcss-load-config/-/postcss-load-config-3.1.4.tgz. Extracting by manifest.
6437 silly tarball no local data for postcss-loader@https://registry.npmjs.org/postcss-loader/-/postcss-loader-6.2.1.tgz. Extracting by manifest.
6438 silly tarball no local data for style-loader@https://registry.npmjs.org/style-loader/-/style-loader-2.0.0.tgz. Extracting by manifest.
6439 silly tarball no local data for vue-style-loader@https://registry.npmjs.org/vue-style-loader/-/vue-style-loader-4.1.3.tgz. Extracting by manifest.
6440 silly tarball no local data for lodash@https://registry.npmjs.org/lodash/-/lodash-4.18.1.tgz. Extracting by manifest.
6441 silly tarball no local data for node-libs-browser@https://registry.npmjs.org/node-libs-browser/-/node-libs-browser-2.2.1.tgz. Extracting by manifest.
6442 silly tarball no local data for terser-webpack-plugin@https://registry.npmjs.org/terser-webpack-plugin/-/terser-webpack-plugin-5.6.1.tgz. Extracting by manifest.
6443 silly tarball no local data for md5@https://registry.npmjs.org/md5/-/md5-2.3.0.tgz. Extracting by manifest.
6444 silly tarball no local data for mini-css-extract-plugin@https://registry.npmjs.org/mini-css-extract-plugin/-/mini-css-extract-plugin-1.6.2.tgz. Extracting by manifest.
6445 silly tarball no local data for img-loader@https://registry.npmjs.org/img-loader/-/img-loader-4.0.0.tgz. Extracting by manifest.
6446 silly tarball no local data for html-loader@https://registry.npmjs.org/html-loader/-/html-loader-1.3.2.tgz. Extracting by manifest.
6447 silly tarball no local data for fs-extra@https://registry.npmjs.org/fs-extra/-/fs-extra-10.1.0.tgz. Extracting by manifest.
6448 silly tarball no local data for imagemin@https://registry.npmjs.org/imagemin/-/imagemin-7.0.1.tgz. Extracting by manifest.
6449 silly tarball no local data for dotenv-expand@https://registry.npmjs.org/dotenv-expand/-/dotenv-expand-5.1.0.tgz. Extracting by manifest.
6450 silly tarball no local data for file-loader@https://registry.npmjs.org/file-loader/-/file-loader-6.2.0.tgz. Extracting by manifest.
6451 silly tarball no local data for glob@https://registry.npmjs.org/glob/-/glob-7.2.3.tgz. Extracting by manifest.
6452 silly tarball no local data for dotenv@https://registry.npmjs.org/dotenv/-/dotenv-10.0.0.tgz. Extracting by manifest.
6453 silly tarball no local data for cssnano@https://registry.npmjs.org/cssnano/-/cssnano-5.1.15.tgz. Extracting by manifest.
6454 silly tarball no local data for css-loader@https://registry.npmjs.org/css-loader/-/css-loader-5.2.7.tgz. Extracting by manifest.
6455 silly tarball no local data for commander@https://registry.npmjs.org/commander/-/commander-7.2.0.tgz. Extracting by manifest.
6456 silly tarball no local data for collect.js@https://registry.npmjs.org/collect.js/-/collect.js-4.36.1.tgz. Extracting by manifest.
6457 silly tarball no local data for concat@https://registry.npmjs.org/concat/-/concat-1.0.3.tgz. Extracting by manifest.
6458 silly tarball no local data for @types/imagemin-svgo@https://registry.npmjs.org/@types/imagemin-svgo/-/imagemin-svgo-8.0.1.tgz. Extracting by manifest.
6459 silly tarball no local data for cli-table3@https://registry.npmjs.org/cli-table3/-/cli-table3-0.6.5.tgz. Extracting by manifest.
6460 silly tarball no local data for clean-css@https://registry.npmjs.org/clean-css/-/clean-css-5.3.3.tgz. Extracting by manifest.
6461 silly tarball no local data for @types/imagemin-optipng@https://registry.npmjs.org/@types/imagemin-optipng/-/imagemin-optipng-5.2.4.tgz. Extracting by manifest.
6462 silly tarball no local data for babel-loader@https://registry.npmjs.org/babel-loader/-/babel-loader-8.4.1.tgz. Extracting by manifest.
6463 silly tarball no local data for webpack@https://registry.npmjs.org/webpack/-/webpack-5.109.2.tgz. Extracting by manifest.
6464 silly tarball no local data for @types/imagemin-mozjpeg@https://registry.npmjs.org/@types/imagemin-mozjpeg/-/imagemin-mozjpeg-8.0.4.tgz. Extracting by manifest.
6465 silly tarball no local data for chalk@https://registry.npmjs.org/chalk/-/chalk-4.1.2.tgz. Extracting by manifest.
6466 silly tarball no local data for @types/imagemin-gifsicle@https://registry.npmjs.org/@types/imagemin-gifsicle/-/imagemin-gifsicle-7.0.4.tgz. Extracting by manifest.
6467 silly tarball no local data for @types/clean-css@https://registry.npmjs.org/@types/clean-css/-/clean-css-4.2.11.tgz. Extracting by manifest.
6468 silly tarball no local data for @babel/plugin-transform-runtime@https://registry.npmjs.org/@babel/plugin-transform-runtime/-/plugin-transform-runtime-7.29.7.tgz. Extracting by manifest.
6469 silly tarball no local data for css-line-break@https://registry.npmjs.org/css-line-break/-/css-line-break-2.1.0.tgz. Extracting by manifest.
6470 silly tarball no local data for text-segmentation@https://registry.npmjs.org/text-segmentation/-/text-segmentation-1.0.3.tgz. Extracting by manifest.
6471 silly tarball no local data for @babel/preset-env@https://registry.npmjs.org/@babel/preset-env/-/preset-env-7.29.7.tgz. Extracting by manifest.
6472 silly tarball no local data for @babel/plugin-syntax-dynamic-import@https://registry.npmjs.org/@babel/plugin-syntax-dynamic-import/-/plugin-syntax-dynamic-import-7.8.3.tgz. Extracting by manifest.
6473 silly tarball no local data for chokidar@https://registry.npmjs.org/chokidar/-/chokidar-3.6.0.tgz. Extracting by manifest.
6474 silly tarball no local data for utrie@https://registry.npmjs.org/utrie/-/utrie-1.0.2.tgz. Extracting by manifest.
6475 silly tarball no local data for pako@https://registry.npmjs.org/pako/-/pako-2.2.0.tgz. Extracting by manifest.
6476 silly tarball no local data for @types/pako@https://registry.npmjs.org/@types/pako/-/pako-2.0.4.tgz. Extracting by manifest.
6477 silly tarball no local data for @babel/plugin-proposal-object-rest-spread@https://registry.npmjs.org/@babel/plugin-proposal-object-rest-spread/-/plugin-proposal-object-rest-spread-7.20.7.tgz. Extracting by manifest.
6478 silly tarball no local data for @types/trusted-types@https://registry.npmjs.org/@types/trusted-types/-/trusted-types-2.0.7.tgz. Extracting by manifest.
6479 silly tarball no local data for iobuffer@https://registry.npmjs.org/iobuffer/-/iobuffer-5.4.0.tgz. Extracting by manifest.
6480 silly tarball no local data for @types/raf@https://registry.npmjs.org/@types/raf/-/raf-3.4.3.tgz. Extracting by manifest.
6481 silly tarball no local data for svg-pathdata@https://registry.npmjs.org/svg-pathdata/-/svg-pathdata-6.0.3.tgz. Extracting by manifest.
6482 silly tarball no local data for stackblur-canvas@https://registry.npmjs.org/stackblur-canvas/-/stackblur-canvas-2.7.0.tgz. Extracting by manifest.
6483 silly tarball no local data for rgbcolor@https://registry.npmjs.org/rgbcolor/-/rgbcolor-1.0.1.tgz. Extracting by manifest.
6484 silly tarball no local data for regenerator-runtime@https://registry.npmjs.org/regenerator-runtime/-/regenerator-runtime-0.13.11.tgz. Extracting by manifest.
6485 silly tarball no local data for raf@https://registry.npmjs.org/raf/-/raf-3.4.1.tgz. Extracting by manifest.
6486 silly tarball no local data for html2canvas@https://registry.npmjs.org/html2canvas/-/html2canvas-1.4.1.tgz. Extracting by manifest.
6487 silly tarball no local data for fflate@https://registry.npmjs.org/fflate/-/fflate-0.8.3.tgz. Extracting by manifest.
6488 silly tarball no local data for @babel/runtime@https://registry.npmjs.org/@babel/runtime/-/runtime-7.29.7.tgz. Extracting by manifest.
6489 silly tarball no local data for canvg@https://registry.npmjs.org/canvg/-/canvg-3.0.11.tgz. Extracting by manifest.
6490 silly tarball no local data for fast-png@https://registry.npmjs.org/fast-png/-/fast-png-6.4.0.tgz. Extracting by manifest.
6491 silly tarball no local data for dompurify@https://registry.npmjs.org/dompurify/-/dompurify-3.4.12.tgz. Extracting by manifest.
6492 silly tarball no local data for dunder-proto@https://registry.npmjs.org/dunder-proto/-/dunder-proto-1.0.1.tgz. Extracting by manifest.
6493 silly tarball no local data for agent-base@https://registry.npmjs.org/agent-base/-/agent-base-6.0.2.tgz. Extracting by manifest.
6494 silly tarball no local data for core-js@https://registry.npmjs.org/core-js/-/core-js-3.49.0.tgz. Extracting by manifest.
6495 silly tarball no local data for math-intrinsics@https://registry.npmjs.org/math-intrinsics/-/math-intrinsics-1.1.0.tgz. Extracting by manifest.
6496 silly tarball no local data for gopd@https://registry.npmjs.org/gopd/-/gopd-1.2.0.tgz. Extracting by manifest.
6497 silly tarball no local data for has-symbols@https://registry.npmjs.org/has-symbols/-/has-symbols-1.1.0.tgz. Extracting by manifest.
6498 silly tarball no local data for function-bind@https://registry.npmjs.org/function-bind/-/function-bind-1.1.2.tgz. Extracting by manifest.
6499 silly tarball no local data for get-proto@https://registry.npmjs.org/get-proto/-/get-proto-1.0.1.tgz. Extracting by manifest.
6500 silly tarball no local data for es-object-atoms@https://registry.npmjs.org/es-object-atoms/-/es-object-atoms-1.1.2.tgz. Extracting by manifest.
6501 silly tarball no local data for call-bind-apply-helpers@https://registry.npmjs.org/call-bind-apply-helpers/-/call-bind-apply-helpers-1.0.2.tgz. Extracting by manifest.
6502 silly tarball no local data for es-define-property@https://registry.npmjs.org/es-define-property/-/es-define-property-1.0.1.tgz. Extracting by manifest.
6503 silly tarball no local data for delayed-stream@https://registry.npmjs.org/delayed-stream/-/delayed-stream-1.0.0.tgz. Extracting by manifest.
6504 silly tarball no local data for has-tostringtag@https://registry.npmjs.org/has-tostringtag/-/has-tostringtag-1.0.2.tgz. Extracting by manifest.
6505 silly tarball no local data for get-intrinsic@https://registry.npmjs.org/get-intrinsic/-/get-intrinsic-1.3.0.tgz. Extracting by manifest.
6506 silly tarball no local data for es-errors@https://registry.npmjs.org/es-errors/-/es-errors-1.3.0.tgz. Extracting by manifest.
6507 silly tarball no local data for mime-types@https://registry.npmjs.org/mime-types/-/mime-types-2.1.35.tgz. Extracting by manifest.
6508 silly tarball no local data for es-set-tostringtag@https://registry.npmjs.org/es-set-tostringtag/-/es-set-tostringtag-2.1.0.tgz. Extracting by manifest.
6509 silly tarball no local data for hasown@https://registry.npmjs.org/hasown/-/hasown-2.0.4.tgz. Extracting by manifest.
6510 silly tarball no local data for asynckit@https://registry.npmjs.org/asynckit/-/asynckit-0.4.0.tgz. Extracting by manifest.
6511 silly tarball no local data for ms@https://registry.npmjs.org/ms/-/ms-2.1.3.tgz. Extracting by manifest.
6512 silly tarball no local data for combined-stream@https://registry.npmjs.org/combined-stream/-/combined-stream-1.0.8.tgz. Extracting by manifest.
6513 silly tarball no local data for @kurkle/color@https://registry.npmjs.org/@kurkle/color/-/color-0.3.4.tgz. Extracting by manifest.
6514 silly tarball no local data for node-releases@https://registry.npmjs.org/node-releases/-/node-releases-2.0.51.tgz. Extracting by manifest.
6515 silly tarball no local data for electron-to-chromium@https://registry.npmjs.org/electron-to-chromium/-/electron-to-chromium-1.5.399.tgz. Extracting by manifest.
6516 silly tarball no local data for update-browserslist-db@https://registry.npmjs.org/update-browserslist-db/-/update-browserslist-db-1.2.3.tgz. Extracting by manifest.
6517 silly tarball no local data for baseline-browser-mapping@https://registry.npmjs.org/baseline-browser-mapping/-/baseline-browser-mapping-2.11.8.tgz. Extracting by manifest.
6518 silly tarball no local data for form-data@https://registry.npmjs.org/form-data/-/form-data-4.0.6.tgz. Extracting by manifest.
6519 silly tarball no local data for https-proxy-agent@https://registry.npmjs.org/https-proxy-agent/-/https-proxy-agent-5.0.1.tgz. Extracting by manifest.
6520 silly tarball no local data for follow-redirects@https://registry.npmjs.org/follow-redirects/-/follow-redirects-1.16.0.tgz. Extracting by manifest.
6521 silly tarball no local data for proxy-from-env@https://registry.npmjs.org/proxy-from-env/-/proxy-from-env-2.1.0.tgz. Extracting by manifest.
6522 silly tarball no local data for @types/babel__traverse@https://registry.npmjs.org/@types/babel__traverse/-/babel__traverse-7.28.0.tgz. Extracting by manifest.
6523 silly tarball no local data for postcss-value-parser@https://registry.npmjs.org/postcss-value-parser/-/postcss-value-parser-4.2.0.tgz. Extracting by manifest.
6524 silly tarball no local data for @types/babel__template@https://registry.npmjs.org/@types/babel__template/-/babel__template-7.4.4.tgz. Extracting by manifest.
6525 silly tarball no local data for fraction.js@https://registry.npmjs.org/fraction.js/-/fraction.js-5.3.4.tgz. Extracting by manifest.
6526 silly tarball no local data for caniuse-lite@https://registry.npmjs.org/caniuse-lite/-/caniuse-lite-1.0.30001806.tgz. Extracting by manifest.
6527 silly tarball no local data for @types/babel__generator@https://registry.npmjs.org/@types/babel__generator/-/babel__generator-7.27.0.tgz. Extracting by manifest.
6528 silly tarball no local data for @jridgewell/resolve-uri@https://registry.npmjs.org/@jridgewell/resolve-uri/-/resolve-uri-3.1.2.tgz. Extracting by manifest.
6529 silly tarball no local data for @babel/helper-string-parser@https://registry.npmjs.org/@babel/helper-string-parser/-/helper-string-parser-7.29.7.tgz. Extracting by manifest.
6530 silly tarball no local data for lru-cache@https://registry.npmjs.org/lru-cache/-/lru-cache-5.1.1.tgz. Extracting by manifest.
6531 silly tarball no local data for @babel/helper-globals@https://registry.npmjs.org/@babel/helper-globals/-/helper-globals-7.29.7.tgz. Extracting by manifest.
6532 silly tarball no local data for browserslist@https://registry.npmjs.org/browserslist/-/browserslist-4.28.7.tgz. Extracting by manifest.
6533 silly tarball no local data for @babel/helper-plugin-utils@https://registry.npmjs.org/@babel/helper-plugin-utils/-/helper-plugin-utils-7.29.7.tgz. Extracting by manifest.
6534 silly tarball no local data for @jridgewell/sourcemap-codec@https://registry.npmjs.org/@jridgewell/sourcemap-codec/-/sourcemap-codec-1.5.5.tgz. Extracting by manifest.
6535 silly tarball no local data for @babel/helper-module-imports@https://registry.npmjs.org/@babel/helper-module-imports/-/helper-module-imports-7.29.7.tgz. Extracting by manifest.
6536 silly tarball no local data for jsesc@https://registry.npmjs.org/jsesc/-/jsesc-3.1.0.tgz. Extracting by manifest.
6537 silly tarball no local data for @babel/helper-validator-option@https://registry.npmjs.org/@babel/helper-validator-option/-/helper-validator-option-7.29.7.tgz. Extracting by manifest.
6538 silly tarball no local data for @jridgewell/trace-mapping@https://registry.npmjs.org/@jridgewell/trace-mapping/-/trace-mapping-0.3.31.tgz. Extracting by manifest.
6539 silly tarball no local data for @jridgewell/gen-mapping@https://registry.npmjs.org/@jridgewell/gen-mapping/-/gen-mapping-0.3.13.tgz. Extracting by manifest.
6540 silly tarball no local data for @babel/compat-data@https://registry.npmjs.org/@babel/compat-data/-/compat-data-7.29.7.tgz. Extracting by manifest.
6541 silly tarball no local data for picocolors@https://registry.npmjs.org/picocolors/-/picocolors-1.1.1.tgz. Extracting by manifest.
6542 silly tarball no local data for semver@https://registry.npmjs.org/semver/-/semver-6.3.1.tgz. Extracting by manifest.
6543 silly tarball no local data for js-tokens@https://registry.npmjs.org/js-tokens/-/js-tokens-4.0.0.tgz. Extracting by manifest.
6544 silly tarball no local data for @babel/helper-validator-identifier@https://registry.npmjs.org/@babel/helper-validator-identifier/-/helper-validator-identifier-7.29.7.tgz. Extracting by manifest.
6545 silly tarball no local data for @jridgewell/remapping@https://registry.npmjs.org/@jridgewell/remapping/-/remapping-2.3.5.tgz. Extracting by manifest.
6546 silly tarball no local data for json5@https://registry.npmjs.org/json5/-/json5-2.2.3.tgz. Extracting by manifest.
6547 silly tarball no local data for debug@https://registry.npmjs.org/debug/-/debug-4.4.3.tgz. Extracting by manifest.
6548 silly tarball no local data for gensync@https://registry.npmjs.org/gensync/-/gensync-1.0.0-beta.2.tgz. Extracting by manifest.
6549 silly tarball no local data for convert-source-map@https://registry.npmjs.org/convert-source-map/-/convert-source-map-2.0.0.tgz. Extracting by manifest.
6550 silly tarball no local data for @babel/types@https://registry.npmjs.org/@babel/types/-/types-7.29.8.tgz. Extracting by manifest.
6551 silly tarball no local data for @babel/traverse@https://registry.npmjs.org/@babel/traverse/-/traverse-7.29.8.tgz. Extracting by manifest.
6552 silly tarball no local data for @babel/helpers@https://registry.npmjs.org/@babel/helpers/-/helpers-7.29.7.tgz. Extracting by manifest.
6553 silly tarball no local data for @babel/template@https://registry.npmjs.org/@babel/template/-/template-7.29.7.tgz. Extracting by manifest.
6554 silly tarball no local data for @babel/parser@https://registry.npmjs.org/@babel/parser/-/parser-7.29.8.tgz. Extracting by manifest.
6555 silly tarball no local data for @babel/helper-compilation-targets@https://registry.npmjs.org/@babel/helper-compilation-targets/-/helper-compilation-targets-7.29.7.tgz. Extracting by manifest.
6556 silly tarball no local data for @babel/helper-module-transforms@https://registry.npmjs.org/@babel/helper-module-transforms/-/helper-module-transforms-7.29.7.tgz. Extracting by manifest.
6557 silly tarball no local data for react-refresh@https://registry.npmjs.org/react-refresh/-/react-refresh-0.17.0.tgz. Extracting by manifest.
6558 silly tarball no local data for @types/babel__core@https://registry.npmjs.org/@types/babel__core/-/babel__core-7.20.5.tgz. Extracting by manifest.
6559 silly tarball no local data for @babel/generator@https://registry.npmjs.org/@babel/generator/-/generator-7.29.8.tgz. Extracting by manifest.
6560 silly tarball no local data for @babel/code-frame@https://registry.npmjs.org/@babel/code-frame/-/code-frame-7.29.7.tgz. Extracting by manifest.
6561 silly tarball no local data for @babel/plugin-transform-react-jsx-source@https://registry.npmjs.org/@babel/plugin-transform-react-jsx-source/-/plugin-transform-react-jsx-source-7.29.7.tgz. Extracting by manifest.
6562 silly tarball no local data for @babel/plugin-transform-react-jsx-self@https://registry.npmjs.org/@babel/plugin-transform-react-jsx-self/-/plugin-transform-react-jsx-self-7.29.7.tgz. Extracting by manifest.
6563 silly tarball no local data for @babel/core@https://registry.npmjs.org/@babel/core/-/core-7.29.7.tgz. Extracting by manifest.
6564 silly tarball no local data for tippy.js@https://registry.npmjs.org/tippy.js/-/tippy.js-6.3.7.tgz. Extracting by manifest.
6565 silly tarball no local data for lodash.isequal@https://registry.npmjs.org/lodash.isequal/-/lodash.isequal-4.5.0.tgz. Extracting by manifest.
6566 silly tarball no local data for @rolldown/pluginutils@https://registry.npmjs.org/@rolldown/pluginutils/-/pluginutils-1.0.0-beta.27.tgz. Extracting by manifest.
6567 silly tarball no local data for nprogress@https://registry.npmjs.org/nprogress/-/nprogress-0.2.0.tgz. Extracting by manifest.
6568 silly tarball no local data for qs@https://registry.npmjs.org/qs/-/qs-6.15.3.tgz. Extracting by manifest.
6569 silly tarball no local data for deepmerge@https://registry.npmjs.org/deepmerge/-/deepmerge-4.3.1.tgz. Extracting by manifest.
6570 silly tarball no local data for tailwindcss@https://registry.npmjs.org/tailwindcss/-/tailwindcss-3.4.19.tgz. Extracting by manifest.
6571 silly tarball no local data for @inertiajs/core@https://registry.npmjs.org/@inertiajs/core/-/core-1.3.0.tgz. Extracting by manifest.
6572 silly tarball no local data for swiper@https://registry.npmjs.org/swiper/-/swiper-11.2.10.tgz. Extracting by manifest.
6573 silly tarball no local data for tailwindcss-animated@https://registry.npmjs.org/tailwindcss-animated/-/tailwindcss-animated-1.1.2.tgz. Extracting by manifest.
6574 silly tarball no local data for sode-extend-react@https://registry.npmjs.org/sode-extend-react/-/sode-extend-react-1.2.11.tgz. Extracting by manifest.
6575 silly tarball no local data for sonner@https://registry.npmjs.org/sonner/-/sonner-2.0.7.tgz. Extracting by manifest.
6576 silly tarball no local data for socket.io-client@https://registry.npmjs.org/socket.io-client/-/socket.io-client-4.8.3.tgz. Extracting by manifest.
6577 silly tarball no local data for sweetalert2@https://registry.npmjs.org/sweetalert2/-/sweetalert2-11.26.25.tgz. Extracting by manifest.
6578 silly tarball no local data for slick-carousel@https://registry.npmjs.org/slick-carousel/-/slick-carousel-1.8.1.tgz. Extracting by manifest.
6579 silly tarball no local data for rollup@https://registry.npmjs.org/rollup/-/rollup-4.62.3.tgz. Extracting by manifest.
6580 silly tarball no local data for react-modal@https://registry.npmjs.org/react-modal/-/react-modal-3.16.3.tgz. Extracting by manifest.
6581 silly tarball no local data for moment-timezone@https://registry.npmjs.org/moment-timezone/-/moment-timezone-0.5.48.tgz. Extracting by manifest.
6582 silly tarball no local data for react-chartjs-2@https://registry.npmjs.org/react-chartjs-2/-/react-chartjs-2-5.3.1.tgz. Extracting by manifest.
6583 silly tarball no local data for react-google-recaptcha@https://registry.npmjs.org/react-google-recaptcha/-/react-google-recaptcha-3.1.0.tgz. Extracting by manifest.
6584 silly tarball no local data for moment@https://registry.npmjs.org/moment/-/moment-2.30.1.tgz. Extracting by manifest.
6585 silly tarball no local data for lucide-react@https://registry.npmjs.org/lucide-react/-/lucide-react-0.577.0.tgz. Extracting by manifest.
6586 silly tarball no local data for laravel-vite-plugin@https://registry.npmjs.org/laravel-vite-plugin/-/laravel-vite-plugin-1.3.0.tgz. Extracting by manifest.
6587 silly tarball no local data for laravel-mix@https://registry.npmjs.org/laravel-mix/-/laravel-mix-6.0.49.tgz. Extracting by manifest.
6588 silly tarball no local data for jspdf@https://registry.npmjs.org/jspdf/-/jspdf-4.2.1.tgz. Extracting by manifest.
6589 silly tarball no local data for jsencrypt@https://registry.npmjs.org/jsencrypt/-/jsencrypt-3.5.4.tgz. Extracting by manifest.
6590 silly tarball no local data for jspdf-autotable@https://registry.npmjs.org/jspdf-autotable/-/jspdf-autotable-5.0.8.tgz. Extracting by manifest.
6591 silly tarball no local data for chart.js@https://registry.npmjs.org/chart.js/-/chart.js-4.5.1.tgz. Extracting by manifest.
6592 silly tarball no local data for jquery@https://registry.npmjs.org/jquery/-/jquery-3.7.1.tgz. Extracting by manifest.
6593 silly tarball no local data for bootstrap@https://registry.npmjs.org/bootstrap/-/bootstrap-5.3.8.tgz. Extracting by manifest.
6594 silly tarball no local data for postcss@https://registry.npmjs.org/postcss/-/postcss-8.5.25.tgz. Extracting by manifest.
6595 silly tarball no local data for axios@https://registry.npmjs.org/axios/-/axios-1.19.0.tgz. Extracting by manifest.
6596 silly tarball no local data for autoprefixer@https://registry.npmjs.org/autoprefixer/-/autoprefixer-10.5.4.tgz. Extracting by manifest.
6597 silly tarball no local data for vite@https://registry.npmjs.org/vite/-/vite-5.4.21.tgz. Extracting by manifest.
6598 silly tarball no local data for @inertiajs/react@https://registry.npmjs.org/@inertiajs/react/-/react-1.3.0.tgz. Extracting by manifest.
6599 silly tarball no local data for @vitejs/plugin-react@https://registry.npmjs.org/@vitejs/plugin-react/-/plugin-react-4.7.0.tgz. Extracting by manifest.
6600 silly tarball no local data for react-dom@https://registry.npmjs.org/react-dom/-/react-dom-18.3.1.tgz. Extracting by manifest.
6601 silly tarball no local data for @popperjs/core@https://registry.npmjs.org/@popperjs/core/-/core-2.11.8.tgz. Extracting by manifest.
6602 silly tarball no local data for gsap@https://registry.npmjs.org/gsap/-/gsap-3.15.0.tgz. Extracting by manifest.
6603 silly tarball no local data for react@https://registry.npmjs.org/react/-/react-18.3.1.tgz. Extracting by manifest.
6604 silly tarball no local data for @tippyjs/react@https://registry.npmjs.org/@tippyjs/react/-/react-4.2.6.tgz. Extracting by manifest.
6605 silly tarball no local data for json-schema-traverse@https://registry.npmjs.org/json-schema-traverse/-/json-schema-traverse-1.0.0.tgz. Extracting by manifest.
6606 silly tarball no local data for @gsap/react@https://registry.npmjs.org/@gsap/react/-/react-2.1.2.tgz. Extracting by manifest.
6607 silly tarball no local data for ajv@https://registry.npmjs.org/ajv/-/ajv-8.20.0.tgz. Extracting by manifest.
6608 silly tarball no local data for semver@https://registry.npmjs.org/semver/-/semver-7.8.5.tgz. Extracting by manifest.
6609 silly tarball no local data for debug@https://registry.npmjs.org/debug/-/debug-2.6.9.tgz. Extracting by manifest.
6610 silly tarball no local data for debug@https://registry.npmjs.org/debug/-/debug-2.6.9.tgz. Extracting by manifest.
6611 silly tarball no local data for ms@https://registry.npmjs.org/ms/-/ms-2.0.0.tgz. Extracting by manifest.
6612 silly tarball no local data for json-schema-traverse@https://registry.npmjs.org/json-schema-traverse/-/json-schema-traverse-1.0.0.tgz. Extracting by manifest.
6613 silly tarball no local data for ipaddr.js@https://registry.npmjs.org/ipaddr.js/-/ipaddr.js-1.9.1.tgz. Extracting by manifest.
6614 silly tarball no local data for ms@https://registry.npmjs.org/ms/-/ms-2.0.0.tgz. Extracting by manifest.
6615 silly tarball no local data for readable-stream@https://registry.npmjs.org/readable-stream/-/readable-stream-3.6.2.tgz. Extracting by manifest.
6616 silly tarball no local data for ajv@https://registry.npmjs.org/ajv/-/ajv-8.20.0.tgz. Extracting by manifest.
6617 silly tarball no local data for debug@https://registry.npmjs.org/debug/-/debug-2.6.9.tgz. Extracting by manifest.
6618 silly tarball no local data for ms@https://registry.npmjs.org/ms/-/ms-2.0.0.tgz. Extracting by manifest.
6619 silly tarball no local data for statuses@https://registry.npmjs.org/statuses/-/statuses-1.5.0.tgz. Extracting by manifest.
6620 silly tarball no local data for schema-utils@https://registry.npmjs.org/schema-utils/-/schema-utils-4.3.3.tgz. Extracting by manifest.
6621 silly tarball no local data for depd@https://registry.npmjs.org/depd/-/depd-1.1.2.tgz. Extracting by manifest.
6622 silly tarball no local data for ajv-keywords@https://registry.npmjs.org/ajv-keywords/-/ajv-keywords-5.1.0.tgz. Extracting by manifest.
6623 silly tarball no local data for ms@https://registry.npmjs.org/ms/-/ms-2.0.0.tgz. Extracting by manifest.
6624 silly tarball no local data for http-errors@https://registry.npmjs.org/http-errors/-/http-errors-1.8.1.tgz. Extracting by manifest.
6625 silly tarball no local data for debug@https://registry.npmjs.org/debug/-/debug-2.6.9.tgz. Extracting by manifest.
6626 silly tarball no local data for negotiator@https://registry.npmjs.org/negotiator/-/negotiator-0.6.3.tgz. Extracting by manifest.
6627 silly tarball no local data for resolve-from@https://registry.npmjs.org/resolve-from/-/resolve-from-5.0.0.tgz. Extracting by manifest.
6628 silly tarball no local data for ms@https://registry.npmjs.org/ms/-/ms-2.0.0.tgz. Extracting by manifest.
6629 silly tarball no local data for debug@https://registry.npmjs.org/debug/-/debug-2.6.9.tgz. Extracting by manifest.
6630 silly tarball no local data for ajv@https://registry.npmjs.org/ajv/-/ajv-8.20.0.tgz. Extracting by manifest.
6631 silly tarball no local data for ms@https://registry.npmjs.org/ms/-/ms-2.0.0.tgz. Extracting by manifest.
6632 silly tarball no local data for debug@https://registry.npmjs.org/debug/-/debug-2.6.9.tgz. Extracting by manifest.
6633 silly tarball no local data for json-schema-traverse@https://registry.npmjs.org/json-schema-traverse/-/json-schema-traverse-1.0.0.tgz. Extracting by manifest.
6634 silly tarball no local data for @types/send@https://registry.npmjs.org/@types/send/-/send-0.17.6.tgz. Extracting by manifest.
6635 silly tarball no local data for schema-utils@https://registry.npmjs.org/schema-utils/-/schema-utils-4.3.3.tgz. Extracting by manifest.
6636 silly tarball no local data for estraverse@https://registry.npmjs.org/estraverse/-/estraverse-5.3.0.tgz. Extracting by manifest.
6637 silly tarball no local data for ajv-keywords@https://registry.npmjs.org/ajv-keywords/-/ajv-keywords-5.1.0.tgz. Extracting by manifest.
6638 silly tarball no local data for @types/express-serve-static-core@https://registry.npmjs.org/@types/express-serve-static-core/-/express-serve-static-core-4.19.9.tgz. Extracting by manifest.
6639 silly tarball no local data for picomatch@https://registry.npmjs.org/picomatch/-/picomatch-4.0.5.tgz. Extracting by manifest.
6640 silly tarball no local data for fdir@https://registry.npmjs.org/fdir/-/fdir-6.5.0.tgz. Extracting by manifest.
6641 silly tarball no local data for domhandler@https://registry.npmjs.org/domhandler/-/domhandler-4.3.1.tgz. Extracting by manifest.
6642 silly tarball no local data for supports-color@https://registry.npmjs.org/supports-color/-/supports-color-8.1.1.tgz. Extracting by manifest.
6643 silly tarball no local data for punycode@https://registry.npmjs.org/punycode/-/punycode-2.3.1.tgz. Extracting by manifest.
6644 silly tarball no local data for commander@https://registry.npmjs.org/commander/-/commander-4.1.1.tgz. Extracting by manifest.
6645 silly tarball no local data for bn.js@https://registry.npmjs.org/bn.js/-/bn.js-4.12.5.tgz. Extracting by manifest.
6646 silly tarball no local data for hash-base@https://registry.npmjs.org/hash-base/-/hash-base-3.1.2.tgz. Extracting by manifest.
6647 silly tarball no local data for bn.js@https://registry.npmjs.org/bn.js/-/bn.js-4.12.5.tgz. Extracting by manifest.
6648 silly tarball no local data for isarray@https://registry.npmjs.org/isarray/-/isarray-2.0.5.tgz. Extracting by manifest.
6649 silly tarball no local data for bn.js@https://registry.npmjs.org/bn.js/-/bn.js-4.12.5.tgz. Extracting by manifest.
6650 silly tarball no local data for bn.js@https://registry.npmjs.org/bn.js/-/bn.js-4.12.5.tgz. Extracting by manifest.
6651 silly tarball no local data for bn.js@https://registry.npmjs.org/bn.js/-/bn.js-4.12.5.tgz. Extracting by manifest.
6652 silly tarball no local data for inherits@https://registry.npmjs.org/inherits/-/inherits-2.0.3.tgz. Extracting by manifest.
6653 silly tarball no local data for string_decoder@https://registry.npmjs.org/string_decoder/-/string_decoder-1.1.1.tgz. Extracting by manifest.
6654 silly tarball no local data for bn.js@https://registry.npmjs.org/bn.js/-/bn.js-4.12.5.tgz. Extracting by manifest.
6655 silly tarball no local data for safe-buffer@https://registry.npmjs.org/safe-buffer/-/safe-buffer-5.1.2.tgz. Extracting by manifest.
6656 silly tarball no local data for clean-css@https://registry.npmjs.org/clean-css/-/clean-css-4.2.4.tgz. Extracting by manifest.
6657 silly tarball no local data for pako@https://registry.npmjs.org/pako/-/pako-1.0.11.tgz. Extracting by manifest.
6658 silly tarball no local data for inherits@https://registry.npmjs.org/inherits/-/inherits-2.0.3.tgz. Extracting by manifest.
6659 silly tarball no local data for util@https://registry.npmjs.org/util/-/util-0.10.4.tgz. Extracting by manifest.
6660 silly tarball no local data for commander@https://registry.npmjs.org/commander/-/commander-4.1.1.tgz. Extracting by manifest.
6661 silly tarball no local data for terser@https://registry.npmjs.org/terser/-/terser-4.8.1.tgz. Extracting by manifest.
6662 silly tarball no local data for domhandler@https://registry.npmjs.org/domhandler/-/domhandler-4.3.1.tgz. Extracting by manifest.
6663 silly tarball no local data for json-schema-traverse@https://registry.npmjs.org/json-schema-traverse/-/json-schema-traverse-1.0.0.tgz. Extracting by manifest.
6664 silly tarball no local data for ajv@https://registry.npmjs.org/ajv/-/ajv-8.20.0.tgz. Extracting by manifest.
6665 silly tarball no local data for schema-utils@https://registry.npmjs.org/schema-utils/-/schema-utils-4.3.3.tgz. Extracting by manifest.
6666 silly tarball no local data for domhandler@https://registry.npmjs.org/domhandler/-/domhandler-4.3.1.tgz. Extracting by manifest.
6667 silly tarball no local data for commander@https://registry.npmjs.org/commander/-/commander-2.20.3.tgz. Extracting by manifest.
6668 silly tarball no local data for ajv-keywords@https://registry.npmjs.org/ajv-keywords/-/ajv-keywords-5.1.0.tgz. Extracting by manifest.
6669 silly tarball no local data for postcss-selector-parser@https://registry.npmjs.org/postcss-selector-parser/-/postcss-selector-parser-7.1.4.tgz. Extracting by manifest.
6670 silly tarball no local data for ajv@https://registry.npmjs.org/ajv/-/ajv-8.20.0.tgz. Extracting by manifest.
6671 silly tarball no local data for json-schema-traverse@https://registry.npmjs.org/json-schema-traverse/-/json-schema-traverse-1.0.0.tgz. Extracting by manifest.
6672 silly tarball no local data for postcss-selector-parser@https://registry.npmjs.org/postcss-selector-parser/-/postcss-selector-parser-7.1.4.tgz. Extracting by manifest.
6673 silly tarball no local data for ajv-keywords@https://registry.npmjs.org/ajv-keywords/-/ajv-keywords-5.1.0.tgz. Extracting by manifest.
6674 silly tarball no local data for loader-utils@https://registry.npmjs.org/loader-utils/-/loader-utils-1.4.2.tgz. Extracting by manifest.
6675 silly tarball no local data for schema-utils@https://registry.npmjs.org/schema-utils/-/schema-utils-4.3.3.tgz. Extracting by manifest.
6676 silly tarball no local data for json5@https://registry.npmjs.org/json5/-/json5-1.0.2.tgz. Extracting by manifest.
6677 silly tarball no local data for semver@https://registry.npmjs.org/semver/-/semver-7.8.5.tgz. Extracting by manifest.
6678 silly tarball no local data for schema-utils@https://registry.npmjs.org/schema-utils/-/schema-utils-3.3.0.tgz. Extracting by manifest.
6679 silly tarball no local data for schema-utils@https://registry.npmjs.org/schema-utils/-/schema-utils-3.3.0.tgz. Extracting by manifest.
6680 silly tarball no local data for commander@https://registry.npmjs.org/commander/-/commander-2.20.3.tgz. Extracting by manifest.
6681 silly tarball no local data for schema-utils@https://registry.npmjs.org/schema-utils/-/schema-utils-3.3.0.tgz. Extracting by manifest.
6682 silly tarball no local data for json-schema-traverse@https://registry.npmjs.org/json-schema-traverse/-/json-schema-traverse-1.0.0.tgz. Extracting by manifest.
6683 silly tarball no local data for ajv-keywords@https://registry.npmjs.org/ajv-keywords/-/ajv-keywords-5.1.0.tgz. Extracting by manifest.
6684 silly tarball no local data for ajv@https://registry.npmjs.org/ajv/-/ajv-8.20.0.tgz. Extracting by manifest.
6685 silly tarball no local data for json5@https://registry.npmjs.org/json5/-/json5-1.0.2.tgz. Extracting by manifest.
6686 silly tarball no local data for loader-utils@https://registry.npmjs.org/loader-utils/-/loader-utils-1.4.2.tgz. Extracting by manifest.
6687 silly tarball no local data for schema-utils@https://registry.npmjs.org/schema-utils/-/schema-utils-3.3.0.tgz. Extracting by manifest.
6688 silly tarball no local data for schema-utils@https://registry.npmjs.org/schema-utils/-/schema-utils-4.3.3.tgz. Extracting by manifest.
6689 silly tarball no local data for postcss-load-config@https://registry.npmjs.org/postcss-load-config/-/postcss-load-config-6.0.1.tgz. Extracting by manifest.
6690 silly tarball no local data for mime-db@https://registry.npmjs.org/mime-db/-/mime-db-1.54.0.tgz. Extracting by manifest.
6691 silly tarball no local data for webpack-sources@https://registry.npmjs.org/webpack-sources/-/webpack-sources-3.5.1.tgz. Extracting by manifest.
6692 silly tarball no local data for schema-utils@https://registry.npmjs.org/schema-utils/-/schema-utils-3.3.0.tgz. Extracting by manifest.
6693 silly tarball no local data for semver@https://registry.npmjs.org/semver/-/semver-7.8.5.tgz. Extracting by manifest.
6694 silly tarball no local data for commander@https://registry.npmjs.org/commander/-/commander-2.20.3.tgz. Extracting by manifest.
6695 silly tarball no local data for yaml@https://registry.npmjs.org/yaml/-/yaml-2.9.0.tgz. Extracting by manifest.
6696 silly tarball no local data for lilconfig@https://registry.npmjs.org/lilconfig/-/lilconfig-3.1.3.tgz. Extracting by manifest.
6697 silly tarball no local data for babel-plugin-polyfill-corejs3@https://registry.npmjs.org/babel-plugin-polyfill-corejs3/-/babel-plugin-polyfill-corejs3-0.14.2.tgz. Extracting by manifest.
6698 silly tarball no local data for semver@https://registry.npmjs.org/semver/-/semver-7.8.5.tgz. Extracting by manifest.
6699 silly tarball no local data for glob-parent@https://registry.npmjs.org/glob-parent/-/glob-parent-6.0.2.tgz. Extracting by manifest.
6700 http fetch POST 200 https://registry.npmjs.org/-/npm/v1/security/advisories/bulk 1675ms
6701 silly audit report {
6701 silly audit report   vite: [
6701 silly audit report     {
6701 silly audit report       id: 1120784,
6701 silly audit report       url: 'https://github.com/advisories/GHSA-v6wh-96g9-6wx3',
6701 silly audit report       title: 'launch-editor: NTLMv2 hash disclosure via UNC path handling on Windows',
6701 silly audit report       severity: 'moderate',
6701 silly audit report       vulnerable_versions: '<=6.4.2',
6701 silly audit report       cwe: [Array],
6701 silly audit report       cvss: [Object]
6701 silly audit report     },
6701 silly audit report     {
6701 silly audit report       id: 1116229,
6701 silly audit report       url: 'https://github.com/advisories/GHSA-4w7w-66w2-5vf9',
6701 silly audit report       title: 'Vite Vulnerable to Path Traversal in Optimized Deps `.map` Handling',
6701 silly audit report       severity: 'moderate',
6701 silly audit report       vulnerable_versions: '<=6.4.1',
6701 silly audit report       cwe: [Array],
6701 silly audit report       cvss: [Object]
6701 silly audit report     },
6701 silly audit report     {
6701 silly audit report       id: 1123525,
6701 silly audit report       url: 'https://github.com/advisories/GHSA-fx2h-pf6j-xcff',
6701 silly audit report       title: 'vite: `server.fs.deny` bypass on Windows alternate paths',
6701 silly audit report       severity: 'high',
6701 silly audit report       vulnerable_versions: '<=6.4.2',
6701 silly audit report       cwe: [Array],
6701 silly audit report       cvss: [Object]
6701 silly audit report     }
6701 silly audit report   ],
6701 silly audit report   swiper: [
6701 silly audit report     {
6701 silly audit report       id: 1113431,
6701 silly audit report       url: 'https://github.com/advisories/GHSA-hmx5-qpq5-p643',
6701 silly audit report       title: 'Prototype pollution in swiper',
6701 silly audit report       severity: 'critical',
6701 silly audit report       vulnerable_versions: '>=6.5.1 <12.1.2',
6701 silly audit report       cwe: [Array],
6701 silly audit report       cvss: [Object]
6701 silly audit report     }
6701 silly audit report   ],
6701 silly audit report   'webpack-dev-server': [
6701 silly audit report     {
6701 silly audit report       id: 1108429,
6701 silly audit report       url: 'https://github.com/advisories/GHSA-9jgg-88mc-972h',
6701 silly audit report       title: "webpack-dev-server users' source code may be stolen when they access a malicious web site with non-Chromium based browser",
6701 silly audit report       severity: 'moderate',
6701 silly audit report       vulnerable_versions: '<=5.2.0',
6701 silly audit report       cwe: [Array],
6701 silly audit report       cvss: [Object]
6701 silly audit report     },
6701 silly audit report     {
6701 silly audit report       id: 1108430,
6701 silly audit report       url: 'https://github.com/advisories/GHSA-4v9v-hfq4-rm2v',
6701 silly audit report       title: "webpack-dev-server users' source code may be stolen when they access a malicious web site",
6701 silly audit report       severity: 'moderate',
6701 silly audit report       vulnerable_versions: '<=5.2.0',
6701 silly audit report       cwe: [Array],
6701 silly audit report       cvss: [Object]
6701 silly audit report     },
6701 silly audit report     {
6701 silly audit report       id: 1119074,
6701 silly audit report       url: 'https://github.com/advisories/GHSA-79cf-xcqc-c78w',
6701 silly audit report       title: 'webpack-dev-server vulnerable to cross-origin source code exposure on non-HTTPS origins',
6701 silly audit report       severity: 'moderate',
6701 silly audit report       vulnerable_versions: '<=5.2.3',
6701 silly audit report       cwe: [Array],
6701 silly audit report       cvss: [Object]
6701 silly audit report     },
6701 silly audit report     {
6701 silly audit report       id: 1121087,
6701 silly audit report       url: 'https://github.com/advisories/GHSA-mx8g-39q3-5c79',
6701 silly audit report       title: 'webpack-dev-server vulnerable to HMR WebSocket interception via permissive user proxies',
6701 silly audit report       severity: 'moderate',
6701 silly audit report       vulnerable_versions: '<5.2.5',
6701 silly audit report       cwe: [Array],
6701 silly audit report       cvss: [Object]
6701 silly audit report     },
6701 silly audit report     {
6701 silly audit report       id: 1123965,
6701 silly audit report       url: 'https://github.com/advisories/GHSA-f5vj-f2hx-8m93',
6701 silly audit report       title: 'webpack-dev-server vulnerable to cross-site request forgery via internal developer endpoints',
6701 silly audit report       severity: 'moderate',
6701 silly audit report       vulnerable_versions: '<=5.2.5',
6701 silly audit report       cwe: [Array],
6701 silly audit report       cvss: [Object]
6701 silly audit report     },
6701 silly audit report     {
6701 silly audit report       id: 1123966,
6701 silly audit report       url: 'https://github.com/advisories/GHSA-m28w-2pqf-7qgj',
6701 silly audit report       title: 'webpack-dev-server vulnerable to denial of service via a malformed Host or Origin header',
6701 silly audit report       severity: 'moderate',
6701 silly audit report       vulnerable_versions: '<=5.2.5',
6701 silly audit report       cwe: [Array],
6701 silly audit report       cvss: [Object]
6701 silly audit report     }
6701 silly audit report   ],
6701 silly audit report   'brace-expansion': [
6701 silly audit report     {
6701 silly audit report       id: 1124334,
6701 silly audit report       url: 'https://github.com/advisories/GHSA-mh99-v99m-4gvg',
6701 silly audit report       title: 'brace-expansion: DoS via unbounded expansion length causing an out-of-memory process crash',
6701 silly audit report       severity: 'high',
6701 silly audit report       vulnerable_versions: '<=5.0.7',
6701 silly audit report       cwe: [Array],
6701 silly audit report       cvss: [Object]
6701 silly audit report     }
6701 silly audit report   ],
6701 silly audit report   elliptic: [
6701 silly audit report     {
6701 silly audit report       id: 1112030,
6701 silly audit report       url: 'https://github.com/advisories/GHSA-848j-6mx2-7j84',
6701 silly audit report       title: 'Elliptic Uses a Cryptographic Primitive with a Risky Implementation',
6701 silly audit report       severity: 'low',
6701 silly audit report       vulnerable_versions: '<=6.6.1',
6701 silly audit report       cwe: [Array],
6701 silly audit report       cvss: [Object]
6701 silly audit report     }
6701 silly audit report   ],
6701 silly audit report   esbuild: [
6701 silly audit report     {
6701 silly audit report       id: 1102341,
6701 silly audit report       url: 'https://github.com/advisories/GHSA-67mh-4wv8-2f99',
6701 silly audit report       title: 'esbuild enables any website to send any requests to the development server and read the response',
6701 silly audit report       severity: 'moderate',
6701 silly audit report       vulnerable_versions: '<=0.24.2',
6701 silly audit report       cwe: [Array],
6701 silly audit report       cvss: [Object]
6701 silly audit report     }
6701 silly audit report   ],
6701 silly audit report   uuid: [
6701 silly audit report     {
6701 silly audit report       id: 1119441,
6701 silly audit report       url: 'https://github.com/advisories/GHSA-w5hq-g745-h8pq',
6701 silly audit report       title: 'uuid: Missing buffer bounds check in v3/v5/v6 when buf is provided',
6701 silly audit report       severity: 'moderate',
6701 silly audit report       vulnerable_versions: '<11.1.1',
6701 silly audit report       cwe: [Array],
6701 silly audit report       cvss: [Object]
6701 silly audit report     }
6701 silly audit report   ]
6701 silly audit report }
6702 silly packumentCache corgi:https://registry.npmjs.org/vite cache-miss
6703 silly packumentCache corgi:https://registry.npmjs.org/swiper cache-miss
6704 silly packumentCache corgi:https://registry.npmjs.org/webpack-dev-server cache-miss
6705 silly packumentCache corgi:https://registry.npmjs.org/brace-expansion cache-miss
6706 silly packumentCache corgi:https://registry.npmjs.org/elliptic cache-miss
6707 silly packumentCache corgi:https://registry.npmjs.org/esbuild cache-miss
6708 silly packumentCache corgi:https://registry.npmjs.org/uuid cache-miss
6709 http fetch GET 200 https://registry.npmjs.org/require-from-string/-/require-from-string-2.0.2.tgz 1040ms (cache miss)
6710 http fetch GET 200 https://registry.npmjs.org/@types/mime/-/mime-1.3.5.tgz 1039ms (cache miss)
6711 http fetch GET 200 https://registry.npmjs.org/ajv-formats/-/ajv-formats-2.1.1.tgz 1039ms (cache miss)
6712 http fetch GET 200 https://registry.npmjs.org/require-directory/-/require-directory-2.1.1.tgz 1040ms (cache miss)
6713 http fetch GET 200 https://registry.npmjs.org/possible-typed-array-names/-/possible-typed-array-names-1.1.0.tgz 1039ms (cache miss)
6714 http fetch GET 200 https://registry.npmjs.org/get-caller-file/-/get-caller-file-2.0.5.tgz 1041ms (cache miss)
6715 http fetch GET 200 https://registry.npmjs.org/y18n/-/y18n-5.0.8.tgz 1042ms (cache miss)
6716 http fetch GET 200 https://registry.npmjs.org/is-callable/-/is-callable-1.2.7.tgz 1042ms (cache miss)
6717 http fetch GET 200 https://registry.npmjs.org/cliui/-/cliui-8.0.1.tgz 1046ms (cache miss)
6718 http fetch GET 200 https://registry.npmjs.org/wrap-ansi/-/wrap-ansi-7.0.0.tgz 1052ms (cache miss)
6719 http fetch GET 200 https://registry.npmjs.org/isexe/-/isexe-2.0.0.tgz 1055ms (cache miss)
6720 http fetch GET 200 https://registry.npmjs.org/for-each/-/for-each-0.3.5.tgz 1067ms (cache miss)
6721 http fetch GET 200 https://registry.npmjs.org/available-typed-arrays/-/available-typed-arrays-1.0.7.tgz 1072ms (cache miss)
6722 http fetch GET 200 https://registry.npmjs.org/std-env/-/std-env-3.10.0.tgz 1074ms (cache miss)
6723 http fetch GET 200 https://registry.npmjs.org/http-parser-js/-/http-parser-js-0.5.10.tgz 1076ms (cache miss)
6724 http fetch GET 200 https://registry.npmjs.org/pretty-time/-/pretty-time-1.1.0.tgz 1077ms (cache miss)
6725 http fetch GET 200 https://registry.npmjs.org/source-list-map/-/source-list-map-2.0.1.tgz 1099ms (cache miss)
6726 http fetch GET 200 https://registry.npmjs.org/shellwords/-/shellwords-0.1.1.tgz 1099ms (cache miss)
6727 http fetch GET 200 https://registry.npmjs.org/shallow-clone/-/shallow-clone-3.0.1.tgz 1123ms (cache miss)
6728 http fetch GET 200 https://registry.npmjs.org/isobject/-/isobject-3.0.1.tgz 1124ms (cache miss)
6729 http fetch GET 200 https://registry.npmjs.org/yargs-parser/-/yargs-parser-21.1.1.tgz 1172ms (cache miss)
6730 http fetch GET 200 https://registry.npmjs.org/growly/-/growly-1.3.0.tgz 1167ms (cache miss)
6731 http fetch GET 200 https://registry.npmjs.org/websocket-extensions/-/websocket-extensions-0.1.4.tgz 1175ms (cache miss)
6732 http fetch GET 200 https://registry.npmjs.org/minimist/-/minimist-1.2.8.tgz 1211ms (cache miss)
6733 http fetch GET 200 https://registry.npmjs.org/consola/-/consola-2.15.3.tgz 1223ms (cache miss)
6734 http fetch GET 200 https://registry.npmjs.org/fast-uri/-/fast-uri-3.1.5.tgz 1243ms (cache miss)
6735 http fetch GET 200 https://registry.npmjs.org/clone-deep/-/clone-deep-4.0.1.tgz 1270ms (cache miss)
6736 http fetch GET 200 https://registry.npmjs.org/wildcard/-/wildcard-2.0.1.tgz 1273ms (cache miss)
6737 http fetch GET 200 https://registry.npmjs.org/kind-of/-/kind-of-6.0.3.tgz 1272ms (cache miss)
6738 http fetch GET 200 https://registry.npmjs.org/is-plain-object/-/is-plain-object-2.0.4.tgz 1443ms (cache miss)
6739 http fetch GET 200 https://registry.npmjs.org/wbuf/-/wbuf-1.7.3.tgz 1480ms (cache miss)
6740 http fetch GET 200 https://registry.npmjs.org/fs-monkey/-/fs-monkey-1.1.0.tgz 1484ms (cache miss)
6741 http fetch GET 200 https://registry.npmjs.org/flat/-/flat-5.0.2.tgz 1489ms (cache miss)
6742 http fetch GET 200 https://registry.npmjs.org/media-typer/-/media-typer-0.3.0.tgz 1490ms (cache miss)
6743 http fetch GET 200 https://registry.npmjs.org/select-hose/-/select-hose-2.0.0.tgz 1543ms (cache miss)
6744 http fetch GET 200 https://registry.npmjs.org/obuf/-/obuf-1.1.2.tgz 1556ms (cache miss)
6745 http fetch GET 200 https://registry.npmjs.org/detect-node/-/detect-node-2.1.0.tgz 1653ms (cache miss)
6746 http fetch GET 200 https://registry.npmjs.org/handle-thing/-/handle-thing-2.0.1.tgz 1661ms (cache miss)
6747 http fetch GET 200 https://registry.npmjs.org/http-deceiver/-/http-deceiver-1.2.7.tgz 1704ms (cache miss)
6748 http fetch GET 200 https://registry.npmjs.org/batch/-/batch-0.6.1.tgz 1704ms (cache miss)
6749 http fetch GET 200 https://registry.npmjs.org/@types/node-forge/-/node-forge-1.3.14.tgz 1706ms (cache miss)
6750 http fetch GET 200 https://registry.npmjs.org/forwarded/-/forwarded-0.2.0.tgz 1706ms (cache miss)
6751 http fetch GET 200 https://registry.npmjs.org/@types/retry/-/retry-0.12.0.tgz 1707ms (cache miss)
6752 http fetch GET 200 https://registry.npmjs.org/define-lazy-prop/-/define-lazy-prop-2.0.0.tgz 1705ms (cache miss)
6753 http fetch GET 200 https://registry.npmjs.org/is-wsl/-/is-wsl-2.2.0.tgz 1707ms (cache miss)
6754 http fetch GET 200 https://registry.npmjs.org/retry/-/retry-0.13.1.tgz 1710ms (cache miss)
6755 http fetch GET 200 https://registry.npmjs.org/is-docker/-/is-docker-2.2.1.tgz 1710ms (cache miss)
6756 http fetch GET 200 https://registry.npmjs.org/thunky/-/thunky-1.1.0.tgz 1750ms (cache miss)
6757 http fetch GET 200 https://registry.npmjs.org/mimic-fn/-/mimic-fn-2.1.0.tgz 1779ms (cache miss)
6758 http fetch GET 200 https://registry.npmjs.org/requires-port/-/requires-port-1.0.0.tgz 1779ms (cache miss)
6759 http fetch GET 200 https://registry.npmjs.org/faye-websocket/-/faye-websocket-0.11.4.tgz 1794ms (cache miss)
6760 http fetch GET 200 https://registry.npmjs.org/dns-packet/-/dns-packet-5.6.1.tgz 1796ms (cache miss)
6761 http fetch GET 200 https://registry.npmjs.org/eventemitter3/-/eventemitter3-4.0.7.tgz 1832ms (cache miss)
6762 http fetch GET 200 https://registry.npmjs.org/@leichtgewicht/ip-codec/-/ip-codec-2.0.5.tgz 1837ms (cache miss)
6763 http fetch GET 200 https://registry.npmjs.org/ee-first/-/ee-first-1.1.1.tgz 1843ms (cache miss)
6764 http fetch GET 200 https://registry.npmjs.org/mime/-/mime-1.6.0.tgz 1884ms (cache miss)
6765 http fetch GET 200 https://registry.npmjs.org/unpipe/-/unpipe-1.0.0.tgz 1878ms (cache miss)
6766 http fetch GET 200 https://registry.npmjs.org/destroy/-/destroy-1.2.0.tgz 1879ms (cache miss)
6767 http fetch GET 200 https://registry.npmjs.org/toidentifier/-/toidentifier-1.0.1.tgz 1881ms (cache miss)
6768 http fetch GET 200 https://registry.npmjs.org/hpack.js/-/hpack.js-2.1.6.tgz 1905ms (cache miss)
6769 http fetch GET 200 https://registry.npmjs.org/websocket-driver/-/websocket-driver-0.7.5.tgz 1908ms (cache miss)
6770 http fetch GET 200 https://registry.npmjs.org/shell-quote/-/shell-quote-1.10.0.tgz 1910ms (cache miss)
6771 http fetch GET 200 https://registry.npmjs.org/raw-body/-/raw-body-2.5.3.tgz 1916ms (cache miss)
6772 http fetch GET 200 https://registry.npmjs.org/memfs/-/memfs-3.5.3.tgz 1940ms (cache miss)
6773 http fetch GET 200 https://registry.npmjs.org/type-is/-/type-is-1.6.18.tgz 1933ms (cache miss)
6774 http fetch GET 200 https://registry.npmjs.org/serve-static/-/serve-static-1.16.3.tgz 1948ms (cache miss)
6775 http fetch GET 200 https://registry.npmjs.org/utils-merge/-/utils-merge-1.0.1.tgz 1979ms (cache miss)
6776 http fetch GET 200 https://registry.npmjs.org/spdy-transport/-/spdy-transport-3.0.0.tgz 2004ms (cache miss)
6777 http fetch GET 200 https://registry.npmjs.org/uuid/-/uuid-8.3.2.tgz 2090ms (cache miss)
6778 warn deprecated uuid@8.3.2: uuid@10 and below is no longer supported.  For ESM codebases, update to uuid@latest.  For CommonJS codebases, use uuid@11 (but be aware this version will likely be deprecated in 2028).
6779 http fetch GET 200 https://registry.npmjs.org/@types/http-proxy/-/http-proxy-1.17.17.tgz 2106ms (cache miss)
6780 http fetch GET 200 https://registry.npmjs.org/iconv-lite/-/iconv-lite-0.4.24.tgz 2112ms (cache miss)
6781 http fetch GET 200 https://registry.npmjs.org/node-forge/-/node-forge-1.4.0.tgz 2202ms (cache miss)
6782 http fetch GET 200 https://registry.npmjs.org/statuses/-/statuses-2.0.2.tgz 2217ms (cache miss)
6783 http fetch GET 200 https://registry.npmjs.org/setprototypeof/-/setprototypeof-1.2.0.tgz 2217ms (cache miss)
6784 http fetch GET 200 https://registry.npmjs.org/safer-buffer/-/safer-buffer-2.1.2.tgz 2251ms (cache miss)
6785 http fetch GET 200 https://registry.npmjs.org/range-parser/-/range-parser-1.2.1.tgz 2261ms (cache miss)
6786 http fetch GET 200 https://registry.npmjs.org/send/-/send-0.19.2.tgz 2263ms (cache miss)
6787 http fetch GET 200 https://registry.npmjs.org/proxy-addr/-/proxy-addr-2.0.7.tgz 2267ms (cache miss)
6788 http fetch GET 200 https://registry.npmjs.org/on-finished/-/on-finished-2.4.1.tgz 2280ms (cache miss)
6789 http fetch GET 200 https://registry.npmjs.org/parseurl/-/parseurl-1.3.3.tgz 2286ms (cache miss)
6790 http fetch GET 200 https://registry.npmjs.org/is-plain-obj/-/is-plain-obj-3.0.0.tgz 2300ms (cache miss)
6791 http fetch GET 200 https://registry.npmjs.org/http-errors/-/http-errors-2.0.1.tgz 2288ms (cache miss)
6792 http fetch GET 200 https://registry.npmjs.org/path-to-regexp/-/path-to-regexp-0.1.13.tgz 2291ms (cache miss)
6793 http fetch GET 200 https://registry.npmjs.org/methods/-/methods-1.1.2.tgz 2292ms (cache miss)
6794 http fetch GET 200 https://registry.npmjs.org/merge-descriptors/-/merge-descriptors-1.0.3.tgz 2291ms (cache miss)
6795 http fetch GET 200 https://registry.npmjs.org/etag/-/etag-1.8.1.tgz 2335ms (cache miss)
6796 http fetch GET 200 https://registry.npmjs.org/escape-html/-/escape-html-1.0.3.tgz 2338ms (cache miss)
6797 http fetch GET 200 https://registry.npmjs.org/fresh/-/fresh-0.5.2.tgz 2340ms (cache miss)
6798 http fetch GET 200 https://registry.npmjs.org/encodeurl/-/encodeurl-2.0.0.tgz 2339ms (cache miss)
6799 http fetch GET 200 https://registry.npmjs.org/depd/-/depd-2.0.0.tgz 2340ms (cache miss)
6800 http fetch GET 200 https://registry.npmjs.org/array-flatten/-/array-flatten-1.1.1.tgz 2340ms (cache miss)
6801 http fetch GET 200 https://registry.npmjs.org/cookie-signature/-/cookie-signature-1.0.7.tgz 2342ms (cache miss)
6802 http fetch GET 200 https://registry.npmjs.org/signal-exit/-/signal-exit-3.0.7.tgz 2341ms (cache miss)
6803 http fetch GET 200 https://registry.npmjs.org/content-type/-/content-type-1.0.5.tgz 2348ms (cache miss)
6804 http fetch GET 200 https://registry.npmjs.org/finalhandler/-/finalhandler-1.3.2.tgz 2387ms (cache miss)
6805 http fetch GET 200 https://registry.npmjs.org/body-parser/-/body-parser-1.20.6.tgz 2381ms (cache miss)
6806 http fetch GET 200 https://registry.npmjs.org/strip-final-newline/-/strip-final-newline-2.0.0.tgz 2386ms (cache miss)
6807 http fetch GET 200 https://registry.npmjs.org/content-disposition/-/content-disposition-0.5.4.tgz 2404ms (cache miss)
6808 http fetch GET 200 https://registry.npmjs.org/accepts/-/accepts-1.3.8.tgz 2408ms (cache miss)
6809 http fetch GET 200 https://registry.npmjs.org/is-stream/-/is-stream-2.0.1.tgz 2404ms (cache miss)
6810 http fetch GET 200 https://registry.npmjs.org/get-stream/-/get-stream-6.0.1.tgz 2408ms (cache miss)
6811 http fetch GET 200 https://registry.npmjs.org/npm-run-path/-/npm-run-path-4.0.1.tgz 2409ms (cache miss)
6812 http fetch GET 200 https://registry.npmjs.org/onetime/-/onetime-5.1.2.tgz 2410ms (cache miss)
6813 http fetch GET 200 https://registry.npmjs.org/negotiator/-/negotiator-0.6.4.tgz 2437ms (cache miss)
6814 http fetch GET 200 https://registry.npmjs.org/vary/-/vary-1.1.2.tgz 2439ms (cache miss)
6815 http fetch GET 200 https://registry.npmjs.org/human-signals/-/human-signals-2.1.0.tgz 2442ms (cache miss)
6816 http fetch GET 200 https://registry.npmjs.org/@types/http-errors/-/http-errors-2.0.5.tgz 2444ms (cache miss)
6817 http fetch GET 200 https://registry.npmjs.org/compressible/-/compressible-2.0.18.tgz 2446ms (cache miss)
6818 http fetch GET 200 https://registry.npmjs.org/http-proxy/-/http-proxy-1.18.1.tgz 2474ms (cache miss)
6819 http fetch GET 200 https://registry.npmjs.org/bytes/-/bytes-3.1.2.tgz 2455ms (cache miss)
6820 http fetch GET 200 https://registry.npmjs.org/@types/connect/-/connect-3.4.38.tgz 2456ms (cache miss)
6821 http fetch GET 200 https://registry.npmjs.org/@types/range-parser/-/range-parser-1.2.7.tgz 2458ms (cache miss)
6822 http fetch GET 200 https://registry.npmjs.org/on-headers/-/on-headers-1.1.0.tgz 2465ms (cache miss)
6823 http fetch GET 200 https://registry.npmjs.org/@types/send/-/send-1.2.1.tgz 2463ms (cache miss)
6824 http fetch GET 200 https://registry.npmjs.org/@types/qs/-/qs-6.15.1.tgz 2462ms (cache miss)
6825 http fetch GET 200 https://registry.npmjs.org/multicast-dns/-/multicast-dns-7.2.5.tgz 2490ms (cache miss)
6826 http fetch GET 200 https://registry.npmjs.org/@types/body-parser/-/body-parser-1.19.6.tgz 2486ms (cache miss)
6827 http fetch GET 200 https://registry.npmjs.org/execa/-/execa-5.1.1.tgz 2510ms (cache miss)
6828 http fetch GET 200 https://registry.npmjs.org/rimraf/-/rimraf-3.0.2.tgz 2547ms (cache miss)
6829 http fetch GET 200 https://registry.npmjs.org/@types/express-serve-static-core/-/express-serve-static-core-5.1.2.tgz 2555ms (cache miss)
6830 http fetch GET 200 https://registry.npmjs.org/p-retry/-/p-retry-4.6.2.tgz 2556ms (cache miss)
6831 warn deprecated rimraf@3.0.2: Rimraf versions prior to v4 are no longer supported
6832 http fetch GET 200 https://registry.npmjs.org/cookie/-/cookie-0.7.2.tgz 2611ms (cache miss)
6833 http fetch GET 200 https://registry.npmjs.org/ipaddr.js/-/ipaddr.js-2.4.0.tgz 2595ms (cache miss)
6834 http fetch GET 200 https://registry.npmjs.org/spdy/-/spdy-4.0.2.tgz 2603ms (cache miss)
6835 http fetch GET 200 https://registry.npmjs.org/compression/-/compression-1.8.1.tgz 2615ms (cache miss)
6836 http fetch GET 200 https://registry.npmjs.org/launch-editor/-/launch-editor-2.14.1.tgz 2628ms (cache miss)
6837 http fetch GET 200 https://registry.npmjs.org/default-gateway/-/default-gateway-6.0.3.tgz 2632ms (cache miss)
6838 http fetch GET 200 https://registry.npmjs.org/connect-history-api-fallback/-/connect-history-api-fallback-2.0.0.tgz 2636ms (cache miss)
6839 http fetch GET 200 https://registry.npmjs.org/selfsigned/-/selfsigned-2.4.1.tgz 2637ms (cache miss)
6840 http fetch GET 200 https://registry.npmjs.org/@types/ws/-/ws-8.18.1.tgz 2638ms (cache miss)
6841 http fetch GET 200 https://registry.npmjs.org/@types/sockjs/-/sockjs-0.3.36.tgz 2644ms (cache miss)
6842 http fetch GET 200 https://registry.npmjs.org/@types/express/-/express-4.17.25.tgz 2655ms (cache miss)
6843 http fetch GET 200 https://registry.npmjs.org/open/-/open-8.4.2.tgz 2667ms (cache miss)
6844 http fetch GET 200 https://registry.npmjs.org/@types/serve-index/-/serve-index-1.9.4.tgz 2660ms (cache miss)
6845 http fetch GET 200 https://registry.npmjs.org/ansi-html-community/-/ansi-html-community-0.0.8.tgz 2673ms (cache miss)
6846 http fetch GET 200 https://registry.npmjs.org/shebang-regex/-/shebang-regex-3.0.0.tgz 2761ms (cache miss)
6847 http fetch GET 200 https://registry.npmjs.org/@types/connect-history-api-fallback/-/connect-history-api-fallback-1.5.4.tgz 2768ms (cache miss)
6848 http fetch GET 200 https://registry.npmjs.org/resolve-cwd/-/resolve-cwd-3.0.0.tgz 2768ms (cache miss)
6849 http fetch GET 200 https://registry.npmjs.org/which/-/which-2.0.2.tgz 2769ms (cache miss)
6850 http fetch GET 200 https://registry.npmjs.org/shebang-command/-/shebang-command-2.0.0.tgz 2768ms (cache miss)
6851 http fetch GET 200 https://registry.npmjs.org/interpret/-/interpret-2.2.0.tgz 2771ms (cache miss)
6852 http fetch GET 200 https://registry.npmjs.org/@types/serve-static/-/serve-static-1.15.10.tgz 2778ms (cache miss)
6853 http fetch GET 200 https://registry.npmjs.org/import-local/-/import-local-3.2.0.tgz 2775ms (cache miss)
6854 http fetch GET 200 https://registry.npmjs.org/path-key/-/path-key-3.1.1.tgz 2777ms (cache miss)
6855 http fetch GET 200 https://registry.npmjs.org/@types/bonjour/-/bonjour-3.5.13.tgz 2784ms (cache miss)
6856 http fetch GET 200 https://registry.npmjs.org/webpack-dev-middleware/-/webpack-dev-middleware-5.3.4.tgz 2827ms (cache miss)
6857 http fetch GET 200 https://registry.npmjs.org/sockjs/-/sockjs-0.3.24.tgz 2841ms (cache miss)
6858 http fetch GET 200 https://registry.npmjs.org/estraverse/-/estraverse-4.3.0.tgz 2823ms (cache miss)
6859 http fetch GET 200 https://registry.npmjs.org/rechoir/-/rechoir-0.7.1.tgz 2835ms (cache miss)
6860 http fetch GET 200 https://registry.npmjs.org/@webassemblyjs/utf8/-/utf8-1.13.2.tgz 2848ms (cache miss)
6861 http fetch GET 200 https://registry.npmjs.org/@webassemblyjs/ieee754/-/ieee754-1.13.2.tgz 2846ms (cache miss)
6862 http fetch GET 200 https://registry.npmjs.org/@webassemblyjs/wasm-gen/-/wasm-gen-1.14.1.tgz 2846ms (cache miss)
6863 http fetch GET 200 https://registry.npmjs.org/@webassemblyjs/wasm-opt/-/wasm-opt-1.14.1.tgz 2846ms (cache miss)
6864 http fetch GET 200 https://registry.npmjs.org/@webassemblyjs/wast-printer/-/wast-printer-1.14.1.tgz 2849ms (cache miss)
6865 http fetch GET 200 https://registry.npmjs.org/@webassemblyjs/helper-wasm-section/-/helper-wasm-section-1.14.1.tgz 2846ms (cache miss)
6866 http fetch GET 200 https://registry.npmjs.org/colorette/-/colorette-2.0.20.tgz 2879ms (cache miss)
6867 http fetch GET 200 https://registry.npmjs.org/esrecurse/-/esrecurse-4.3.0.tgz 2878ms (cache miss)
6868 http fetch GET 200 https://registry.npmjs.org/@xtuc/ieee754/-/ieee754-1.2.0.tgz 2873ms (cache miss)
6869 http fetch GET 200 https://registry.npmjs.org/cross-spawn/-/cross-spawn-7.0.6.tgz 2884ms (cache miss)
6870 http fetch GET 200 https://registry.npmjs.org/@webassemblyjs/helper-buffer/-/helper-buffer-1.14.1.tgz 2903ms (cache miss)
6871 http fetch GET 200 https://registry.npmjs.org/@webassemblyjs/helper-api-error/-/helper-api-error-1.13.2.tgz 2904ms (cache miss)
6872 http fetch GET 200 https://registry.npmjs.org/fastest-levenshtein/-/fastest-levenshtein-1.0.16.tgz 2927ms (cache miss)
6873 http fetch GET 200 https://registry.npmjs.org/@webassemblyjs/floating-point-hex-parser/-/floating-point-hex-parser-1.13.2.tgz 2928ms (cache miss)
6874 http fetch GET 200 https://registry.npmjs.org/@webassemblyjs/helper-wasm-bytecode/-/helper-wasm-bytecode-1.13.2.tgz 2930ms (cache miss)
6875 http fetch GET 200 https://registry.npmjs.org/@webassemblyjs/helper-numbers/-/helper-numbers-1.13.2.tgz 2930ms (cache miss)
6876 http fetch GET 200 https://registry.npmjs.org/express/-/express-4.22.2.tgz 2967ms (cache miss)
6877 http fetch GET 200 https://registry.npmjs.org/@webpack-cli/info/-/info-1.5.0.tgz 2967ms (cache miss)
6878 http fetch GET 200 https://registry.npmjs.org/chrome-trace-event/-/chrome-trace-event-1.0.4.tgz 2996ms (cache miss)
6879 http fetch GET 200 https://registry.npmjs.org/@xtuc/long/-/long-4.2.2.tgz 3019ms (cache miss)
6880 http fetch GET 200 https://registry.npmjs.org/hash-sum/-/hash-sum-1.0.2.tgz 3020ms (cache miss)
6881 http fetch GET 200 https://registry.npmjs.org/@webassemblyjs/leb128/-/leb128-1.13.2.tgz 3041ms (cache miss)
6882 http fetch GET 200 https://registry.npmjs.org/@webassemblyjs/wasm-edit/-/wasm-edit-1.14.1.tgz 3025ms (cache miss)
6883 http fetch GET 200 https://registry.npmjs.org/unicode-property-aliases-ecmascript/-/unicode-property-aliases-ecmascript-2.2.0.tgz 3026ms (cache miss)
6884 http fetch GET 200 https://registry.npmjs.org/escalade/-/escalade-3.2.0.tgz 3033ms (cache miss)
6885 http fetch GET 200 https://registry.npmjs.org/unicode-canonical-property-names-ecmascript/-/unicode-canonical-property-names-ecmascript-2.0.1.tgz 3046ms (cache miss)
6886 http fetch GET 200 https://registry.npmjs.org/base64-arraybuffer/-/base64-arraybuffer-1.0.2.tgz 3067ms (cache miss)
6887 http fetch GET 200 https://registry.npmjs.org/@discoveryjs/json-ext/-/json-ext-0.5.7.tgz 3111ms (cache miss)
6888 http fetch GET 200 https://registry.npmjs.org/is-typed-array/-/is-typed-array-1.1.15.tgz 3092ms (cache miss)
6889 http fetch GET 200 https://registry.npmjs.org/is-number/-/is-number-7.0.0.tgz 3093ms (cache miss)
6890 http fetch GET 200 https://registry.npmjs.org/typed-array-buffer/-/typed-array-buffer-1.0.3.tgz 3100ms (cache miss)
6891 http fetch GET 200 https://registry.npmjs.org/minimizer-webpack-plugin/-/minimizer-webpack-plugin-5.6.1.tgz 3137ms (cache miss)
6892 http fetch GET 200 https://registry.npmjs.org/node-notifier/-/node-notifier-9.0.1.tgz 3232ms (cache miss)
6893 http fetch GET 200 https://registry.npmjs.org/buffer-from/-/buffer-from-1.1.2.tgz 3125ms (cache miss)
6894 http fetch GET 200 https://registry.npmjs.org/@webpack-cli/serve/-/serve-1.7.0.tgz 3156ms (cache miss)
6895 http fetch GET 200 https://registry.npmjs.org/setimmediate/-/setimmediate-1.0.5.tgz 3132ms (cache miss)
6896 http fetch GET 200 https://registry.npmjs.org/merge-stream/-/merge-stream-2.0.0.tgz 3132ms (cache miss)
6897 http fetch GET 200 https://registry.npmjs.org/@webpack-cli/configtest/-/configtest-1.2.0.tgz 3168ms (cache miss)
6898 http fetch GET 200 https://registry.npmjs.org/eslint-scope/-/eslint-scope-5.1.1.tgz 3175ms (cache miss)
6899 http fetch GET 200 https://registry.npmjs.org/http-proxy-middleware/-/http-proxy-middleware-2.0.10.tgz 3215ms (cache miss)
6900 http fetch GET 200 https://registry.npmjs.org/@webassemblyjs/wasm-parser/-/wasm-parser-1.14.1.tgz 3190ms (cache miss)
6901 http fetch GET 200 https://registry.npmjs.org/html-entities/-/html-entities-2.6.0.tgz 3233ms (cache miss)
6902 http fetch GET 200 https://registry.npmjs.org/es-module-lexer/-/es-module-lexer-2.3.1.tgz 3204ms (cache miss)
6903 http fetch GET 200 https://registry.npmjs.org/source-map-support/-/source-map-support-0.5.21.tgz 3192ms (cache miss)
6904 http fetch GET 200 https://registry.npmjs.org/which-typed-array/-/which-typed-array-1.1.22.tgz 3201ms (cache miss)
6905 http fetch GET 200 https://registry.npmjs.org/@jridgewell/source-map/-/source-map-0.3.11.tgz 3230ms (cache miss)
6906 http fetch GET 200 https://registry.npmjs.org/watchpack/-/watchpack-2.5.2.tgz 3262ms (cache miss)
6907 http fetch GET 200 https://registry.npmjs.org/tapable/-/tapable-2.3.3.tgz 3281ms (cache miss)
6908 http fetch GET 200 https://registry.npmjs.org/any-promise/-/any-promise-1.3.0.tgz 3269ms (cache miss)
6909 http fetch GET 200 https://registry.npmjs.org/thenify-all/-/thenify-all-1.6.0.tgz 3271ms (cache miss)
6910 http fetch GET 200 https://registry.npmjs.org/thenify/-/thenify-3.3.1.tgz 3276ms (cache miss)
6911 http fetch GET 200 https://registry.npmjs.org/mz/-/mz-2.7.0.tgz 3271ms (cache miss)
6912 http fetch GET 200 https://registry.npmjs.org/read-cache/-/read-cache-1.0.0.tgz 3270ms (cache miss)
6913 http fetch GET 200 https://registry.npmjs.org/camelcase-css/-/camelcase-css-2.0.1.tgz 3273ms (cache miss)
6914 http fetch GET 200 https://registry.npmjs.org/ts-interface-checker/-/ts-interface-checker-0.1.13.tgz 3276ms (cache miss)
6915 http fetch GET 200 https://registry.npmjs.org/pirates/-/pirates-4.0.7.tgz 3275ms (cache miss)
6916 http fetch GET 200 https://registry.npmjs.org/pify/-/pify-2.3.0.tgz 3274ms (cache miss)
6917 http fetch GET 200 https://registry.npmjs.org/tinyglobby/-/tinyglobby-0.2.17.tgz 3278ms (cache miss)
6918 http fetch GET 200 https://registry.npmjs.org/envinfo/-/envinfo-7.21.0.tgz 3324ms (cache miss)
6919 http fetch GET 200 https://registry.npmjs.org/postcss-nested/-/postcss-nested-6.2.0.tgz 3342ms (cache miss)
6920 http fetch GET 200 https://registry.npmjs.org/dlv/-/dlv-1.1.3.tgz 3340ms (cache miss)
6921 http fetch GET 200 https://registry.npmjs.org/postcss-js/-/postcss-js-4.1.0.tgz 3345ms (cache miss)
6922 http fetch GET 200 https://registry.npmjs.org/acorn/-/acorn-8.18.0.tgz 3379ms (cache miss)
6923 http fetch GET 200 https://registry.npmjs.org/object-hash/-/object-hash-3.0.0.tgz 3381ms (cache miss)
6924 http fetch GET 200 https://registry.npmjs.org/jest-worker/-/jest-worker-27.5.1.tgz 3477ms (cache miss)
6925 http fetch GET 200 https://registry.npmjs.org/didyoumean/-/didyoumean-1.2.2.tgz 3466ms (cache miss)
6926 http fetch GET 200 https://registry.npmjs.org/boolbase/-/boolbase-1.0.0.tgz 3478ms (cache miss)
6927 http fetch GET 200 https://registry.npmjs.org/stable/-/stable-0.1.8.tgz 3489ms (cache miss)
6928 http fetch GET 200 https://registry.npmjs.org/nth-check/-/nth-check-2.1.1.tgz 3493ms (cache miss)
6929 warn deprecated stable@0.1.8: Modern JS already guarantees Array#sort() is a stable sort, so this library is deprecated. See the compatibility table on MDN: https://developer.mozilla.org/en-US/docs/Web/JavaScript/Reference/Global_Objects/Array/sort#browser_compatibility
6930 http fetch GET 200 https://registry.npmjs.org/css-what/-/css-what-6.2.2.tgz 3513ms (cache miss)
6931 http fetch GET 200 https://registry.npmjs.org/bonjour-service/-/bonjour-service-1.4.4.tgz 3580ms (cache miss)
6932 http fetch GET 200 https://registry.npmjs.org/sax/-/sax-1.6.1.tgz 3519ms (cache miss)
6933 http fetch GET 200 https://registry.npmjs.org/@alloc/quick-lru/-/quick-lru-5.2.0.tgz 3533ms (cache miss)
6934 http fetch GET 200 https://registry.npmjs.org/@webassemblyjs/ast/-/ast-1.14.1.tgz 3595ms (cache miss)
6935 http fetch GET 200 https://registry.npmjs.org/postcss-import/-/postcss-import-15.1.0.tgz 3627ms (cache miss)
6936 http fetch GET 200 https://registry.npmjs.org/has-flag/-/has-flag-4.0.0.tgz 3648ms (cache miss)
6937 http fetch GET 200 https://registry.npmjs.org/arg/-/arg-5.0.2.tgz 3665ms (cache miss)
6938 http fetch GET 200 https://registry.npmjs.org/xtend/-/xtend-4.0.2.tgz 3674ms (cache miss)
6939 http fetch GET 200 https://registry.npmjs.org/is-fullwidth-code-point/-/is-fullwidth-code-point-3.0.0.tgz 3676ms (cache miss)
6940 http fetch GET 200 https://registry.npmjs.org/builtin-status-codes/-/builtin-status-codes-3.0.0.tgz 3675ms (cache miss)
6941 http fetch GET 200 https://registry.npmjs.org/ansi-regex/-/ansi-regex-5.0.1.tgz 3677ms (cache miss)
6942 http fetch GET 200 https://registry.npmjs.org/string-similarity/-/string-similarity-4.0.4.tgz 3675ms (cache miss)
6943 http fetch GET 200 https://registry.npmjs.org/to-arraybuffer/-/to-arraybuffer-1.0.1.tgz 3679ms (cache miss)
6944 http fetch GET 200 https://registry.npmjs.org/engine.io-parser/-/engine.io-parser-5.2.3.tgz 3675ms (cache miss)
6945 warn deprecated string-similarity@4.0.4: Package no longer supported. Contact Support at https://www.npmjs.com/support for more info.
6946 http fetch GET 200 https://registry.npmjs.org/@socket.io/component-emitter/-/component-emitter-3.1.2.tgz 3726ms (cache miss)
6947 http fetch GET 200 https://registry.npmjs.org/side-channel-map/-/side-channel-map-1.0.1.tgz 3723ms (cache miss)
6948 http fetch GET 200 https://registry.npmjs.org/fast-deep-equal/-/fast-deep-equal-3.1.3.tgz 3730ms (cache miss)
6949 http fetch GET 200 https://registry.npmjs.org/side-channel-weakmap/-/side-channel-weakmap-1.0.2.tgz 3735ms (cache miss)
6950 http fetch GET 200 https://registry.npmjs.org/json-schema-traverse/-/json-schema-traverse-0.4.1.tgz 3746ms (cache miss)
6951 http fetch GET 200 https://registry.npmjs.org/fast-json-stable-stringify/-/fast-json-stable-stringify-2.1.0.tgz 3766ms (cache miss)
6952 http fetch GET 200 https://registry.npmjs.org/emoji-regex/-/emoji-regex-8.0.0.tgz 3792ms (cache miss)
6953 http fetch GET 200 https://registry.npmjs.org/side-channel-list/-/side-channel-list-1.0.1.tgz 3799ms (cache miss)
6954 http fetch GET 200 https://registry.npmjs.org/socket.io-parser/-/socket.io-parser-4.2.7.tgz 3803ms (cache miss)
6955 http fetch GET 200 https://registry.npmjs.org/xmlhttprequest-ssl/-/xmlhttprequest-ssl-2.1.2.tgz 3813ms (cache miss)
6956 http fetch GET 200 https://registry.npmjs.org/queue-microtask/-/queue-microtask-1.2.3.tgz 3903ms (cache miss)
6957 http fetch GET 200 https://registry.npmjs.org/@types/json-schema/-/json-schema-7.0.15.tgz 3909ms (cache miss)
6958 http fetch GET 200 https://registry.npmjs.org/supports-preserve-symlinks-flag/-/supports-preserve-symlinks-flag-1.0.0.tgz 3915ms (cache miss)
6959 http fetch GET 200 https://registry.npmjs.org/unicode-match-property-value-ecmascript/-/unicode-match-property-value-ecmascript-2.2.1.tgz 3914ms (cache miss)
6960 http fetch GET 200 https://registry.npmjs.org/path-parse/-/path-parse-1.0.7.tgz 3922ms (cache miss)
6961 http fetch GET 200 https://registry.npmjs.org/is-core-module/-/is-core-module-2.16.2.tgz 3923ms (cache miss)
6962 http fetch GET 200 https://registry.npmjs.org/@types/estree/-/estree-1.0.9.tgz 3928ms (cache miss)
6963 http fetch GET 200 https://registry.npmjs.org/unicode-match-property-ecmascript/-/unicode-match-property-ecmascript-2.0.0.tgz 3929ms (cache miss)
6964 http fetch GET 200 https://registry.npmjs.org/regjsgen/-/regjsgen-0.8.0.tgz 4032ms (cache miss)
6965 http fetch GET 200 https://registry.npmjs.org/core-util-is/-/core-util-is-1.0.3.tgz 4046ms (cache miss)
6966 http fetch GET 200 https://registry.npmjs.org/react-lifecycles-compat/-/react-lifecycles-compat-3.0.4.tgz 4050ms (cache miss)
6967 http fetch GET 200 https://registry.npmjs.org/mdn-data/-/mdn-data-2.0.14.tgz 4087ms (cache miss)
6968 http fetch GET 200 https://registry.npmjs.org/warning/-/warning-4.0.3.tgz 4051ms (cache miss)
6969 http fetch GET 200 https://registry.npmjs.org/process-nextick-args/-/process-nextick-args-2.0.1.tgz 4059ms (cache miss)
6970 http fetch GET 200 https://registry.npmjs.org/exenv/-/exenv-1.2.2.tgz 4055ms (cache miss)
6971 http fetch GET 200 https://registry.npmjs.org/hoist-non-react-statics/-/hoist-non-react-statics-3.3.2.tgz 4055ms (cache miss)
6972 http fetch GET 200 https://registry.npmjs.org/regenerate/-/regenerate-1.4.2.tgz 4086ms (cache miss)
6973 http fetch GET 200 https://registry.npmjs.org/ws/-/ws-8.21.1.tgz 4146ms (cache miss)
6974 http fetch GET 200 https://registry.npmjs.org/react-is/-/react-is-16.13.1.tgz 4140ms (cache miss)
6975 http fetch GET 200 https://registry.npmjs.org/enhanced-resolve/-/enhanced-resolve-5.24.5.tgz 4237ms (cache miss)
6976 http fetch GET 200 https://registry.npmjs.org/react-async-script/-/react-async-script-1.2.0.tgz 4187ms (cache miss)
6977 http fetch GET 200 https://registry.npmjs.org/side-channel/-/side-channel-1.1.1.tgz 4200ms (cache miss)
6978 http fetch GET 200 https://registry.npmjs.org/performance-now/-/performance-now-2.1.0.tgz 4200ms (cache miss)
6979 http fetch GET 200 https://registry.npmjs.org/object-assign/-/object-assign-4.1.1.tgz 4202ms (cache miss)
6980 http fetch GET 200 https://registry.npmjs.org/loose-envify/-/loose-envify-1.4.0.tgz 4201ms (cache miss)
6981 http fetch GET 200 https://registry.npmjs.org/normalize-url/-/normalize-url-6.1.0.tgz 4201ms (cache miss)
6982 http fetch GET 200 https://registry.npmjs.org/util-deprecate/-/util-deprecate-1.0.2.tgz 4204ms (cache miss)
6983 http fetch GET 200 https://registry.npmjs.org/regjsparser/-/regjsparser-0.13.2.tgz 4311ms (cache miss)
6984 http fetch GET 200 https://registry.npmjs.org/cssesc/-/cssesc-3.0.0.tgz 4320ms (cache miss)
6985 http fetch GET 200 https://registry.npmjs.org/object-inspect/-/object-inspect-1.13.4.tgz 4351ms (cache miss)
6986 http fetch GET 200 https://registry.npmjs.org/lines-and-columns/-/lines-and-columns-1.2.4.tgz 4335ms (cache miss)
6987 http fetch GET 200 https://registry.npmjs.org/css-select/-/css-select-4.3.0.tgz 4439ms (cache miss)
6988 http fetch GET 200 https://registry.npmjs.org/is-arrayish/-/is-arrayish-0.2.1.tgz 4397ms (cache miss)
6989 http fetch GET 200 https://registry.npmjs.org/stylehacks/-/stylehacks-5.1.1.tgz 4400ms (cache miss)
6990 http fetch GET 200 https://registry.npmjs.org/json-parse-even-better-errors/-/json-parse-even-better-errors-2.3.1.tgz 4402ms (cache miss)
6991 http fetch GET 200 https://registry.npmjs.org/parent-module/-/parent-module-1.0.1.tgz 4400ms (cache miss)
6992 http fetch GET 200 https://registry.npmjs.org/error-ex/-/error-ex-1.3.4.tgz 4404ms (cache miss)
6993 http fetch GET 200 https://registry.npmjs.org/callsites/-/callsites-3.1.0.tgz 4411ms (cache miss)
6994 http fetch GET 200 https://registry.npmjs.org/resolve-from/-/resolve-from-4.0.0.tgz 4414ms (cache miss)
6995 http fetch GET 200 https://registry.npmjs.org/@types/parse-json/-/parse-json-4.0.2.tgz 4416ms (cache miss)
6996 http fetch GET 200 https://registry.npmjs.org/parse-json/-/parse-json-5.2.0.tgz 4423ms (cache miss)
6997 http fetch GET 200 https://registry.npmjs.org/import-fresh/-/import-fresh-3.3.1.tgz 4431ms (cache miss)
6998 http fetch GET 200 https://registry.npmjs.org/ajv-keywords/-/ajv-keywords-3.5.2.tgz 4459ms (cache miss)
6999 http fetch GET 200 https://registry.npmjs.org/lodash.uniq/-/lodash.uniq-4.5.0.tgz 4443ms (cache miss)
7000 http fetch GET 200 https://registry.npmjs.org/lodash.memoize/-/lodash.memoize-4.1.2.tgz 4510ms (cache miss)
7001 http fetch GET 200 https://registry.npmjs.org/p-limit/-/p-limit-2.3.0.tgz 4808ms (cache miss)
7002 http fetch GET 200 https://registry.npmjs.org/p-locate/-/p-locate-4.1.0.tgz 4832ms (cache miss)
7003 http fetch GET 200 https://registry.npmjs.org/path-exists/-/path-exists-4.0.0.tgz 4834ms (cache miss)
7004 http fetch GET 200 https://registry.npmjs.org/klona/-/klona-2.0.6.tgz 4838ms (cache miss)
7005 http fetch GET 200 https://registry.npmjs.org/p-try/-/p-try-2.2.0.tgz 4834ms (cache miss)
7006 http fetch GET 200 https://registry.npmjs.org/nanoid/-/nanoid-3.3.16.tgz 4854ms (cache miss)
7007 http fetch GET 200 https://registry.npmjs.org/locate-path/-/locate-path-5.0.0.tgz 4868ms (cache miss)
7008 http fetch GET 200 https://registry.npmjs.org/caniuse-api/-/caniuse-api-3.0.0.tgz 4904ms (cache miss)
7009 http fetch GET 200 https://registry.npmjs.org/@rollup/rollup-win32-x64-msvc/-/rollup-win32-x64-msvc-4.62.3.tgz 5017ms (cache miss)
7010 http fetch GET 200 https://registry.npmjs.org/lower-case/-/lower-case-2.0.2.tgz 4989ms (cache miss)
7011 http fetch GET 200 https://registry.npmjs.org/no-case/-/no-case-3.0.4.tgz 5017ms (cache miss)
7012 http fetch GET 200 https://registry.npmjs.org/prop-types/-/prop-types-15.8.1.tgz 5092ms (cache miss)
7013 http fetch GET 200 https://registry.npmjs.org/asn1.js/-/asn1.js-4.10.1.tgz 5093ms (cache miss)
7014 http fetch GET 200 https://registry.npmjs.org/define-data-property/-/define-data-property-1.1.4.tgz 5093ms (cache miss)
7015 http fetch GET 200 https://registry.npmjs.org/dot-case/-/dot-case-3.0.4.tgz 5095ms (cache miss)
7016 http fetch GET 200 https://registry.npmjs.org/has-property-descriptors/-/has-property-descriptors-1.0.2.tgz 5094ms (cache miss)
7017 http fetch GET 200 https://registry.npmjs.org/define-properties/-/define-properties-1.2.1.tgz 5094ms (cache miss)
7018 http fetch GET 200 https://registry.npmjs.org/object-keys/-/object-keys-1.1.1.tgz 5094ms (cache miss)
7019 http fetch GET 200 https://registry.npmjs.org/hmac-drbg/-/hmac-drbg-1.0.1.tgz 5092ms (cache miss)
7020 http fetch GET 200 https://registry.npmjs.org/miller-rabin/-/miller-rabin-4.0.1.tgz 5093ms (cache miss)
7021 http fetch GET 200 https://registry.npmjs.org/set-function-length/-/set-function-length-1.2.2.tgz 5098ms (cache miss)
7022 http fetch GET 200 https://registry.npmjs.org/call-bound/-/call-bound-1.0.4.tgz 5097ms (cache miss)
7023 http fetch GET 200 https://registry.npmjs.org/minimalistic-assert/-/minimalistic-assert-1.0.1.tgz 5095ms (cache miss)
7024 http fetch GET 200 https://registry.npmjs.org/find-up/-/find-up-4.1.0.tgz 5104ms (cache miss)
7025 http fetch GET 200 https://registry.npmjs.org/brorand/-/brorand-1.1.0.tgz 5100ms (cache miss)
7026 http fetch GET 200 https://registry.npmjs.org/minimalistic-crypto-utils/-/minimalistic-crypto-utils-1.0.1.tgz 5098ms (cache miss)
7027 http fetch GET 200 https://registry.npmjs.org/ripemd160/-/ripemd160-2.0.3.tgz 5096ms (cache miss)
7028 http fetch GET 200 https://registry.npmjs.org/hash.js/-/hash.js-1.1.7.tgz 5101ms (cache miss)
7029 http fetch GET 200 https://registry.npmjs.org/browserify-rsa/-/browserify-rsa-4.1.1.tgz 5096ms (cache miss)
7030 http fetch GET 200 https://registry.npmjs.org/md5.js/-/md5.js-1.3.5.tgz 5098ms (cache miss)
7031 http fetch GET 200 https://registry.npmjs.org/cipher-base/-/cipher-base-1.0.7.tgz 5096ms (cache miss)
7032 http fetch GET 200 https://registry.npmjs.org/evp_bytestokey/-/evp_bytestokey-1.0.3.tgz 5096ms (cache miss)
7033 http fetch GET 200 https://registry.npmjs.org/des.js/-/des.js-1.1.0.tgz 5097ms (cache miss)
7034 http fetch GET 200 https://registry.npmjs.org/hash-base/-/hash-base-3.0.5.tgz 5096ms (cache miss)
7035 http fetch GET 200 https://registry.npmjs.org/buffer-xor/-/buffer-xor-1.0.3.tgz 5100ms (cache miss)
7036 http fetch GET 200 https://registry.npmjs.org/browserify-des/-/browserify-des-1.0.2.tgz 5099ms (cache miss)
7037 http fetch GET 200 https://registry.npmjs.org/browserify-aes/-/browserify-aes-1.2.0.tgz 5097ms (cache miss)
7038 http fetch GET 200 https://registry.npmjs.org/randomfill/-/randomfill-1.0.4.tgz 5098ms (cache miss)
7039 http fetch GET 200 https://registry.npmjs.org/diffie-hellman/-/diffie-hellman-5.0.3.tgz 5098ms (cache miss)
7040 http fetch GET 200 https://registry.npmjs.org/randombytes/-/randombytes-2.1.0.tgz 5101ms (cache miss)
7041 http fetch GET 200 https://registry.npmjs.org/create-ecdh/-/create-ecdh-4.0.4.tgz 5098ms (cache miss)
7042 http fetch GET 200 https://registry.npmjs.org/pbkdf2/-/pbkdf2-3.1.6.tgz 5100ms (cache miss)
7043 http fetch GET 200 https://registry.npmjs.org/create-hmac/-/create-hmac-1.1.7.tgz 5099ms (cache miss)
7044 http fetch GET 200 https://registry.npmjs.org/isarray/-/isarray-1.0.0.tgz 5100ms (cache miss)
7045 http fetch GET 200 https://registry.npmjs.org/create-hash/-/create-hash-1.2.0.tgz 5100ms (cache miss)
7046 http fetch GET 200 https://registry.npmjs.org/browserify-sign/-/browserify-sign-4.2.6.tgz 5100ms (cache miss)
7047 http fetch GET 200 https://registry.npmjs.org/vm-browserify/-/vm-browserify-1.1.2.tgz 5100ms (cache miss)
7048 http fetch GET 200 https://registry.npmjs.org/ieee754/-/ieee754-1.2.1.tgz 5100ms (cache miss)
7049 http fetch GET 200 https://registry.npmjs.org/base64-js/-/base64-js-1.5.1.tgz 5101ms (cache miss)
7050 http fetch GET 200 https://registry.npmjs.org/string_decoder/-/string_decoder-1.3.0.tgz 5101ms (cache miss)
7051 http fetch GET 200 https://registry.npmjs.org/stream-browserify/-/stream-browserify-2.0.2.tgz 5100ms (cache miss)
7052 http fetch GET 200 https://registry.npmjs.org/browserify-cipher/-/browserify-cipher-1.0.1.tgz 5107ms (cache miss)
7053 http fetch GET 200 https://registry.npmjs.org/tty-browserify/-/tty-browserify-0.0.0.tgz 5101ms (cache miss)
7054 http fetch GET 200 https://registry.npmjs.org/os-browserify/-/os-browserify-0.3.0.tgz 5100ms (cache miss)
7055 http fetch GET 200 https://registry.npmjs.org/punycode/-/punycode-1.4.1.tgz 5102ms (cache miss)
7056 http fetch GET 200 https://registry.npmjs.org/querystring-es3/-/querystring-es3-0.2.1.tgz 5103ms (cache miss)
7057 http fetch GET 200 https://registry.npmjs.org/path-browserify/-/path-browserify-0.0.1.tgz 5102ms (cache miss)
7058 http fetch GET 200 https://registry.npmjs.org/https-browserify/-/https-browserify-1.0.0.tgz 5103ms (cache miss)
7059 http fetch GET 200 https://registry.npmjs.org/process/-/process-0.11.10.tgz 5103ms (cache miss)
7060 http fetch GET 200 https://registry.npmjs.org/domain-browser/-/domain-browser-1.2.0.tgz 5103ms (cache miss)
7061 http fetch GET 200 https://registry.npmjs.org/timers-browserify/-/timers-browserify-2.0.12.tgz 5113ms (cache miss)
7062 http fetch GET 200 https://registry.npmjs.org/console-browserify/-/console-browserify-1.2.0.tgz 5136ms (cache miss)
7063 http fetch GET 200 https://registry.npmjs.org/constants-browserify/-/constants-browserify-1.0.0.tgz 5164ms (cache miss)
7064 http fetch GET 200 https://registry.npmjs.org/concat-map/-/concat-map-0.0.1.tgz 5169ms (cache miss)
7065 http fetch GET 200 https://registry.npmjs.org/webpack-sources/-/webpack-sources-1.4.3.tgz 5173ms (cache miss)
7066 http fetch GET 200 https://registry.npmjs.org/balanced-match/-/balanced-match-1.0.2.tgz 5175ms (cache miss)
7067 http fetch GET 200 https://registry.npmjs.org/safe-buffer/-/safe-buffer-5.2.1.tgz 5224ms (cache miss)
7068 http fetch GET 200 https://registry.npmjs.org/charenc/-/charenc-0.0.2.tgz 5214ms (cache miss)
7069 http fetch GET 200 https://registry.npmjs.org/is-buffer/-/is-buffer-1.1.6.tgz 5216ms (cache miss)
7070 http fetch GET 200 https://registry.npmjs.org/yallist/-/yallist-3.1.1.tgz 5215ms (cache miss)
7071 http fetch GET 200 https://registry.npmjs.org/bn.js/-/bn.js-5.2.5.tgz 5267ms (cache miss)
7072 http fetch GET 200 https://registry.npmjs.org/brace-expansion/-/brace-expansion-1.1.18.tgz 5255ms (cache miss)
7073 http fetch GET 200 https://registry.npmjs.org/crypt/-/crypt-0.0.2.tgz 5261ms (cache miss)
7074 http fetch GET 200 https://registry.npmjs.org/vite-plugin-full-reload/-/vite-plugin-full-reload-1.2.0.tgz 5265ms (cache miss)
7075 http fetch GET 200 https://registry.npmjs.org/is-extglob/-/is-extglob-2.1.1.tgz 5267ms (cache miss)
7076 http fetch GET 200 https://registry.npmjs.org/reusify/-/reusify-1.1.0.tgz 5267ms (cache miss)
7077 http fetch GET 200 https://registry.npmjs.org/fastq/-/fastq-1.20.1.tgz 5275ms (cache miss)
7078 http fetch GET 200 https://registry.npmjs.org/crypto-js/-/crypto-js-4.2.0.tgz 5410ms (cache miss)
7079 http fetch GET 200 https://registry.npmjs.org/wrappy/-/wrappy-1.0.2.tgz 5314ms (cache miss)
7080 http fetch GET 200 https://registry.npmjs.org/run-parallel/-/run-parallel-1.2.0.tgz 5316ms (cache miss)
7081 http fetch GET 200 https://registry.npmjs.org/to-buffer/-/to-buffer-1.2.2.tgz 5356ms (cache miss)
7082 http fetch GET 200 https://registry.npmjs.org/path-type/-/path-type-4.0.0.tgz 5322ms (cache miss)
7083 http fetch GET 200 https://registry.npmjs.org/binary-extensions/-/binary-extensions-2.3.0.tgz 5369ms (cache miss)
7084 http fetch GET 200 https://registry.npmjs.org/slash/-/slash-3.0.0.tgz 5367ms (cache miss)
7085 http fetch GET 200 https://registry.npmjs.org/@types/minimatch/-/minimatch-5.1.2.tgz 5371ms (cache miss)
7086 http fetch GET 200 https://registry.npmjs.org/@nodelib/fs.walk/-/fs.walk-1.2.8.tgz 5372ms (cache miss)
7087 http fetch GET 200 https://registry.npmjs.org/dir-glob/-/dir-glob-3.0.1.tgz 5386ms (cache miss)
7088 http fetch GET 200 https://registry.npmjs.org/@nodelib/fs.stat/-/fs.stat-2.0.5.tgz 5390ms (cache miss)
7089 http fetch GET 200 https://registry.npmjs.org/@types/glob/-/glob-7.2.0.tgz 5396ms (cache miss)
7090 http fetch GET 200 https://registry.npmjs.org/@nodelib/fs.scandir/-/fs.scandir-2.1.5.tgz 5402ms (cache miss)
7091 http fetch GET 200 https://registry.npmjs.org/merge2/-/merge2-1.4.1.tgz 5412ms (cache miss)
7092 http fetch GET 200 https://registry.npmjs.org/ignore/-/ignore-5.3.2.tgz 5417ms (cache miss)
7093 http fetch GET 200 https://registry.npmjs.org/replace-ext/-/replace-ext-1.0.1.tgz 5415ms (cache miss)
7094 http fetch GET 200 https://registry.npmjs.org/p-pipe/-/p-pipe-3.1.0.tgz 5424ms (cache miss)
7095 http fetch GET 200 https://registry.npmjs.org/array-union/-/array-union-2.1.0.tgz 5426ms (cache miss)
7096 http fetch GET 200 https://registry.npmjs.org/emojis-list/-/emojis-list-3.0.0.tgz 5464ms (cache miss)
7097 http fetch GET 200 https://registry.npmjs.org/junk/-/junk-3.1.0.tgz 5465ms (cache miss)
7098 http fetch GET 200 https://registry.npmjs.org/micromatch/-/micromatch-4.0.8.tgz 5496ms (cache miss)
7099 http fetch GET 200 https://registry.npmjs.org/util/-/util-0.11.1.tgz 5543ms (cache miss)
7100 http fetch GET 200 https://registry.npmjs.org/domelementtype/-/domelementtype-2.3.0.tgz 5522ms (cache miss)
7101 http fetch GET 200 https://registry.npmjs.org/domhandler/-/domhandler-3.3.0.tgz 5521ms (cache miss)
7102 http fetch GET 200 https://registry.npmjs.org/globby/-/globby-10.0.2.tgz 5527ms (cache miss)
7103 http fetch GET 200 https://registry.npmjs.org/pascal-case/-/pascal-case-3.1.2.tgz 5527ms (cache miss)
7104 http fetch GET 200 https://registry.npmjs.org/file-type/-/file-type-12.4.2.tgz 5531ms (cache miss)
7105 http fetch GET 200 https://registry.npmjs.org/domutils/-/domutils-2.8.0.tgz 5566ms (cache miss)
7106 http fetch GET 200 https://registry.npmjs.org/relateurl/-/relateurl-0.2.7.tgz 5562ms (cache miss)
7107 http fetch GET 200 https://registry.npmjs.org/param-case/-/param-case-3.0.4.tgz 5564ms (cache miss)
7108 http fetch GET 200 https://registry.npmjs.org/camel-case/-/camel-case-4.1.2.tgz 5630ms (cache miss)
7109 http fetch GET 200 https://registry.npmjs.org/once/-/once-1.4.0.tgz 5631ms (cache miss)
7110 http fetch GET 200 https://registry.npmjs.org/path-is-absolute/-/path-is-absolute-1.0.1.tgz 5642ms (cache miss)
7111 http fetch GET 200 https://registry.npmjs.org/universalify/-/universalify-2.0.1.tgz 5642ms (cache miss)
7112 http fetch GET 200 https://registry.npmjs.org/inherits/-/inherits-2.0.4.tgz 5647ms (cache miss)
7113 http fetch GET 200 https://registry.npmjs.org/serve-index/-/serve-index-1.9.2.tgz 5874ms (cache miss)
7114 http fetch GET 200 https://registry.npmjs.org/graceful-fs/-/graceful-fs-4.2.11.tgz 5684ms (cache miss)
7115 http fetch GET 200 https://registry.npmjs.org/inflight/-/inflight-1.0.6.tgz 5685ms (cache miss)
7116 http fetch GET 200 https://registry.npmjs.org/minimatch/-/minimatch-3.1.5.tgz 5702ms (cache miss)
7117 http fetch GET 200 https://registry.npmjs.org/big.js/-/big.js-5.2.2.tgz 5728ms (cache miss)
7118 http fetch GET 200 https://registry.npmjs.org/fs.realpath/-/fs.realpath-1.0.0.tgz 5704ms (cache miss)
7119 http fetch GET 200 https://registry.npmjs.org/postcss-unique-selectors/-/postcss-unique-selectors-5.1.1.tgz 5702ms (cache miss)
7120 http fetch GET 200 https://registry.npmjs.org/postcss-reduce-transforms/-/postcss-reduce-transforms-5.1.0.tgz 5700ms (cache miss)
7121 http fetch GET 200 https://registry.npmjs.org/commondir/-/commondir-1.0.1.tgz 5706ms (cache miss)
7122 http fetch GET 200 https://registry.npmjs.org/postcss-normalize-url/-/postcss-normalize-url-5.1.0.tgz 5703ms (cache miss)
7123 http fetch GET 200 https://registry.npmjs.org/postcss-ordered-values/-/postcss-ordered-values-5.1.3.tgz 5705ms (cache miss)
7124 http fetch GET 200 https://registry.npmjs.org/to-regex-range/-/to-regex-range-5.0.1.tgz 5706ms (cache miss)
7125 http fetch GET 200 https://registry.npmjs.org/postcss-reduce-initial/-/postcss-reduce-initial-5.1.2.tgz 5706ms (cache miss)
7126 http fetch GET 200 https://registry.npmjs.org/postcss-svgo/-/postcss-svgo-5.1.0.tgz 5710ms (cache miss)
7127 http fetch GET 200 https://registry.npmjs.org/pkg-dir/-/pkg-dir-4.2.0.tgz 5712ms (cache miss)
7128 http fetch GET 200 https://registry.npmjs.org/mime-db/-/mime-db-1.52.0.tgz 5763ms (cache miss)
7129 http fetch GET 200 https://registry.npmjs.org/postcss-normalize-unicode/-/postcss-normalize-unicode-5.1.1.tgz 5729ms (cache miss)
7130 http fetch GET 200 https://registry.npmjs.org/postcss-normalize-string/-/postcss-normalize-string-5.1.0.tgz 5729ms (cache miss)
7131 warn deprecated inflight@1.0.6: This module is not supported, and leaks memory. Do not use it. Check out lru-cache if you want a good and tested way to coalesce async requests by a key value, which is much more comprehensive and powerful.
7132 http fetch GET 200 https://registry.npmjs.org/neo-async/-/neo-async-2.6.2.tgz 5896ms (cache miss)
7133 http fetch GET 200 https://registry.npmjs.org/postcss-normalize-charset/-/postcss-normalize-charset-5.1.0.tgz 5740ms (cache miss)
7134 http fetch GET 200 https://registry.npmjs.org/postcss-normalize-display-values/-/postcss-normalize-display-values-5.1.0.tgz 5753ms (cache miss)
7135 http fetch GET 200 https://registry.npmjs.org/postcss-normalize-timing-functions/-/postcss-normalize-timing-functions-5.1.0.tgz 5754ms (cache miss)
7136 http fetch GET 200 https://registry.npmjs.org/postcss-normalize-repeat-style/-/postcss-normalize-repeat-style-5.1.1.tgz 5754ms (cache miss)
7137 http fetch GET 200 https://registry.npmjs.org/jsonfile/-/jsonfile-6.2.1.tgz 5768ms (cache miss)
7138 http fetch GET 200 https://registry.npmjs.org/postcss-normalize-whitespace/-/postcss-normalize-whitespace-5.1.1.tgz 5762ms (cache miss)
7139 http fetch GET 200 https://registry.npmjs.org/postcss-minify-font-values/-/postcss-minify-font-values-5.1.0.tgz 5768ms (cache miss)
7140 http fetch GET 200 https://registry.npmjs.org/postcss-merge-rules/-/postcss-merge-rules-5.1.4.tgz 5768ms (cache miss)
7141 http fetch GET 200 https://registry.npmjs.org/postcss-minify-selectors/-/postcss-minify-selectors-5.2.1.tgz 5770ms (cache miss)
7142 http fetch GET 200 https://registry.npmjs.org/postcss-minify-params/-/postcss-minify-params-5.1.4.tgz 5778ms (cache miss)
7143 http fetch GET 200 https://registry.npmjs.org/postcss-normalize-positions/-/postcss-normalize-positions-5.1.1.tgz 5780ms (cache miss)
7144 http fetch GET 200 https://registry.npmjs.org/postcss-merge-longhand/-/postcss-merge-longhand-5.1.7.tgz 5780ms (cache miss)
7145 http fetch GET 200 https://registry.npmjs.org/postcss-minify-gradients/-/postcss-minify-gradients-5.1.1.tgz 5779ms (cache miss)
7146 http fetch GET 200 https://registry.npmjs.org/postcss-discard-empty/-/postcss-discard-empty-5.1.1.tgz 5807ms (cache miss)
7147 http fetch GET 200 https://registry.npmjs.org/url/-/url-0.11.4.tgz 5863ms (cache miss)
7148 http fetch GET 200 https://registry.npmjs.org/cssnano-utils/-/cssnano-utils-3.1.0.tgz 5819ms (cache miss)
7149 http fetch GET 200 https://registry.npmjs.org/postcss-discard-duplicates/-/postcss-discard-duplicates-5.1.0.tgz 5822ms (cache miss)
7150 http fetch GET 200 https://registry.npmjs.org/postcss-colormin/-/postcss-colormin-5.3.1.tgz 5826ms (cache miss)
7151 http fetch GET 200 https://registry.npmjs.org/postcss-convert-values/-/postcss-convert-values-5.1.3.tgz 5826ms (cache miss)
7152 http fetch GET 200 https://registry.npmjs.org/postcss-discard-comments/-/postcss-discard-comments-5.1.2.tgz 5828ms (cache miss)
7153 http fetch GET 200 https://registry.npmjs.org/postcss-discard-overridden/-/postcss-discard-overridden-5.1.0.tgz 5833ms (cache miss)
7154 http fetch GET 200 https://registry.npmjs.org/cssnano-preset-default/-/cssnano-preset-default-5.2.14.tgz 5838ms (cache miss)
7155 http fetch GET 200 https://registry.npmjs.org/lilconfig/-/lilconfig-2.1.0.tgz 5850ms (cache miss)
7156 http fetch GET 200 https://registry.npmjs.org/postcss-modules-scope/-/postcss-modules-scope-3.2.1.tgz 5849ms (cache miss)
7157 http fetch GET 200 https://registry.npmjs.org/postcss-modules-values/-/postcss-modules-values-4.0.0.tgz 5849ms (cache miss)
7158 http fetch GET 200 https://registry.npmjs.org/postcss-modules-local-by-default/-/postcss-modules-local-by-default-4.2.0.tgz 5851ms (cache miss)
7159 http fetch GET 200 https://registry.npmjs.org/parse-asn1/-/parse-asn1-5.1.9.tgz 5942ms (cache miss)
7160 http fetch GET 200 https://registry.npmjs.org/color-name/-/color-name-1.1.4.tgz 5881ms (cache miss)
7161 http fetch GET 200 https://registry.npmjs.org/assert/-/assert-1.5.1.tgz 5960ms (cache miss)
7162 http fetch GET 200 https://registry.npmjs.org/is-glob/-/is-glob-4.0.3.tgz 5907ms (cache miss)
7163 http fetch GET 200 https://registry.npmjs.org/string-width/-/string-width-4.2.3.tgz 5911ms (cache miss)
7164 http fetch GET 200 https://registry.npmjs.org/readdirp/-/readdirp-3.6.0.tgz 5908ms (cache miss)
7165 http fetch GET 200 https://registry.npmjs.org/he/-/he-1.2.0.tgz 5941ms (cache miss)
7166 http fetch GET 200 https://registry.npmjs.org/is-binary-path/-/is-binary-path-2.1.0.tgz 5909ms (cache miss)
7167 http fetch GET 200 https://registry.npmjs.org/supports-color/-/supports-color-7.2.0.tgz 5909ms (cache miss)
7168 http fetch GET 200 https://registry.npmjs.org/postcss-modules-extract-imports/-/postcss-modules-extract-imports-3.1.0.tgz 5913ms (cache miss)
7169 http fetch GET 200 https://registry.npmjs.org/icss-utils/-/icss-utils-5.1.0.tgz 5917ms (cache miss)
7170 http fetch GET 200 https://registry.npmjs.org/glob-parent/-/glob-parent-5.1.2.tgz 5919ms (cache miss)
7171 http fetch GET 200 https://registry.npmjs.org/normalize-path/-/normalize-path-3.0.0.tgz 5921ms (cache miss)
7172 http fetch GET 200 https://registry.npmjs.org/scheduler/-/scheduler-0.23.2.tgz 6040ms (cache miss)
7173 http fetch GET 200 https://registry.npmjs.org/fill-range/-/fill-range-7.1.1.tgz 5931ms (cache miss)
7174 http fetch GET 200 https://registry.npmjs.org/color-convert/-/color-convert-2.0.1.tgz 5930ms (cache miss)
7175 http fetch GET 200 https://registry.npmjs.org/anymatch/-/anymatch-3.1.3.tgz 5931ms (cache miss)
7176 http fetch GET 200 https://registry.npmjs.org/ansi-styles/-/ansi-styles-4.3.0.tgz 5965ms (cache miss)
7177 http fetch GET 200 https://registry.npmjs.org/braces/-/braces-3.0.3.tgz 5986ms (cache miss)
7178 http fetch GET 200 https://registry.npmjs.org/find-cache-dir/-/find-cache-dir-3.3.2.tgz 5974ms (cache miss)
7179 http fetch GET 200 https://registry.npmjs.org/make-dir/-/make-dir-3.1.0.tgz 5987ms (cache miss)
7180 http fetch GET 200 https://registry.npmjs.org/lodash.debounce/-/lodash.debounce-4.0.8.tgz 5997ms (cache miss)
7181 http fetch GET 200 https://registry.npmjs.org/call-bind/-/call-bind-1.0.9.tgz 6105ms (cache miss)
7182 http fetch GET 200 https://registry.npmjs.org/loader-utils/-/loader-utils-2.0.4.tgz 6000ms (cache miss)
7183 http fetch GET 200 https://registry.npmjs.org/@types/imagemin/-/imagemin-9.0.1.tgz 6055ms (cache miss)
7184 http fetch GET 200 https://registry.npmjs.org/@types/svgo/-/svgo-1.3.6.tgz 6057ms (cache miss)
7185 http fetch GET 200 https://registry.npmjs.org/@babel/helper-annotate-as-pure/-/helper-annotate-as-pure-7.29.7.tgz 6051ms (cache miss)
7186 http fetch GET 200 https://registry.npmjs.org/@babel/helper-wrap-function/-/helper-wrap-function-7.29.7.tgz 6056ms (cache miss)
7187 http fetch GET 200 https://registry.npmjs.org/@babel/helper-optimise-call-expression/-/helper-optimise-call-expression-7.29.7.tgz 6057ms (cache miss)
7188 http fetch GET 200 https://registry.npmjs.org/@babel/helper-replace-supers/-/helper-replace-supers-7.29.7.tgz 6060ms (cache miss)
7189 http fetch GET 200 https://registry.npmjs.org/@babel/helper-skip-transparent-expression-wrappers/-/helper-skip-transparent-expression-wrappers-7.29.7.tgz 6063ms (cache miss)
7190 http fetch GET 200 https://registry.npmjs.org/@babel/plugin-transform-unicode-regex/-/plugin-transform-unicode-regex-7.29.7.tgz 6088ms (cache miss)
7191 http fetch GET 200 https://registry.npmjs.org/@babel/plugin-transform-sticky-regex/-/plugin-transform-sticky-regex-7.29.7.tgz 6116ms (cache miss)
7192 http fetch GET 200 https://registry.npmjs.org/@babel/plugin-transform-unicode-property-regex/-/plugin-transform-unicode-property-regex-7.29.7.tgz 6117ms (cache miss)
7193 http fetch GET 200 https://registry.npmjs.org/@babel/plugin-transform-unicode-sets-regex/-/plugin-transform-unicode-sets-regex-7.29.7.tgz 6127ms (cache miss)
7194 http fetch GET 200 https://registry.npmjs.org/@babel/plugin-transform-unicode-escapes/-/plugin-transform-unicode-escapes-7.29.7.tgz 6136ms (cache miss)
7195 http fetch GET 200 https://registry.npmjs.org/@babel/plugin-transform-shorthand-properties/-/plugin-transform-shorthand-properties-7.29.7.tgz 6135ms (cache miss)
7196 http fetch GET 200 https://registry.npmjs.org/@babel/helper-member-expression-to-functions/-/helper-member-expression-to-functions-7.29.7.tgz 6163ms (cache miss)
7197 http fetch GET 200 https://registry.npmjs.org/@babel/helper-remap-async-to-generator/-/helper-remap-async-to-generator-7.29.7.tgz 6169ms (cache miss)
7198 http fetch GET 200 https://registry.npmjs.org/browserify-zlib/-/browserify-zlib-0.2.0.tgz 6262ms (cache miss)
7199 http fetch GET 200 https://registry.npmjs.org/html-minifier-terser/-/html-minifier-terser-5.1.1.tgz 6272ms (cache miss)
7200 http fetch GET 200 https://registry.npmjs.org/@babel/plugin-transform-private-property-in-object/-/plugin-transform-private-property-in-object-7.29.7.tgz 6243ms (cache miss)
7201 http fetch GET 200 https://registry.npmjs.org/@babel/plugin-transform-new-target/-/plugin-transform-new-target-7.29.7.tgz 6242ms (cache miss)
7202 http fetch GET 200 https://registry.npmjs.org/@babel/plugin-transform-spread/-/plugin-transform-spread-7.29.8.tgz 6251ms (cache miss)
7203 http fetch GET 200 https://registry.npmjs.org/@babel/plugin-transform-numeric-separator/-/plugin-transform-numeric-separator-7.29.7.tgz 6245ms (cache miss)
7204 http fetch GET 200 https://registry.npmjs.org/@babel/plugin-transform-named-capturing-groups-regex/-/plugin-transform-named-capturing-groups-regex-7.29.7.tgz 6304ms (cache miss)
7205 http fetch GET 200 https://registry.npmjs.org/@babel/plugin-transform-object-super/-/plugin-transform-object-super-7.29.7.tgz 6308ms (cache miss)
7206 http fetch GET 200 https://registry.npmjs.org/@babel/plugin-transform-nullish-coalescing-operator/-/plugin-transform-nullish-coalescing-operator-7.29.7.tgz 6309ms (cache miss)
7207 http fetch GET 200 https://registry.npmjs.org/@babel/plugin-transform-modules-umd/-/plugin-transform-modules-umd-7.29.7.tgz 6309ms (cache miss)
7208 http fetch GET 200 https://registry.npmjs.org/esutils/-/esutils-2.0.3.tgz 6330ms (cache miss)
7209 http fetch GET 200 https://registry.npmjs.org/sha.js/-/sha.js-2.4.12.tgz 6447ms (cache miss)
7210 http fetch GET 200 https://registry.npmjs.org/@babel/plugin-transform-optional-chaining/-/plugin-transform-optional-chaining-7.29.7.tgz 6324ms (cache miss)
7211 http fetch GET 200 https://registry.npmjs.org/@babel/plugin-transform-template-literals/-/plugin-transform-template-literals-7.29.7.tgz 6347ms (cache miss)
7212 http fetch GET 200 https://registry.npmjs.org/csso/-/csso-4.2.0.tgz 6551ms (cache miss)
7213 http fetch GET 200 https://registry.npmjs.org/@babel/plugin-transform-logical-assignment-operators/-/plugin-transform-logical-assignment-operators-7.29.7.tgz 6359ms (cache miss)
7214 http fetch GET 200 https://registry.npmjs.org/@babel/plugin-transform-modules-amd/-/plugin-transform-modules-amd-7.29.7.tgz 6385ms (cache miss)
7215 http fetch GET 200 https://registry.npmjs.org/@babel/plugin-transform-typeof-symbol/-/plugin-transform-typeof-symbol-7.29.7.tgz 6395ms (cache miss)
7216 http fetch GET 200 https://registry.npmjs.org/@babel/plugin-transform-export-namespace-from/-/plugin-transform-export-namespace-from-7.29.7.tgz 6387ms (cache miss)
7217 http fetch GET 200 https://registry.npmjs.org/@babel/plugin-transform-reserved-words/-/plugin-transform-reserved-words-7.29.7.tgz 6423ms (cache miss)
7218 http fetch GET 200 https://registry.npmjs.org/@babel/plugin-transform-private-methods/-/plugin-transform-private-methods-7.29.7.tgz 6431ms (cache miss)
7219 http fetch GET 200 https://registry.npmjs.org/@babel/plugin-transform-member-expression-literals/-/plugin-transform-member-expression-literals-7.29.7.tgz 6424ms (cache miss)
7220 http fetch GET 200 https://registry.npmjs.org/picomatch/-/picomatch-2.3.2.tgz 6473ms (cache miss)
7221 http fetch GET 200 https://registry.npmjs.org/@babel/plugin-transform-optional-catch-binding/-/plugin-transform-optional-catch-binding-7.29.7.tgz 6442ms (cache miss)
7222 http fetch GET 200 https://registry.npmjs.org/@babel/plugin-transform-json-strings/-/plugin-transform-json-strings-7.29.7.tgz 6444ms (cache miss)
7223 http fetch GET 200 https://registry.npmjs.org/@babel/plugin-transform-modules-commonjs/-/plugin-transform-modules-commonjs-7.29.7.tgz 6446ms (cache miss)
7224 http fetch GET 200 https://registry.npmjs.org/@babel/plugin-transform-property-literals/-/plugin-transform-property-literals-7.29.7.tgz 6465ms (cache miss)
7225 http fetch GET 200 https://registry.npmjs.org/@babel/plugin-transform-literals/-/plugin-transform-literals-7.29.7.tgz 6463ms (cache miss)
7226 http fetch GET 200 https://registry.npmjs.org/@babel/plugin-transform-regexp-modifiers/-/plugin-transform-regexp-modifiers-7.29.7.tgz 6481ms (cache miss)
7227 http fetch GET 200 https://registry.npmjs.org/@babel/plugin-transform-duplicate-named-capturing-groups-regex/-/plugin-transform-duplicate-named-capturing-groups-regex-7.29.7.tgz 6471ms (cache miss)
7228 http fetch GET 200 https://registry.npmjs.org/@babel/plugin-transform-exponentiation-operator/-/plugin-transform-exponentiation-operator-7.29.7.tgz 6664ms (cache miss)
7229 http fetch GET 200 https://registry.npmjs.org/@babel/plugin-transform-duplicate-keys/-/plugin-transform-duplicate-keys-7.29.7.tgz 6681ms (cache miss)
7230 http fetch GET 200 https://registry.npmjs.org/@babel/plugin-transform-function-name/-/plugin-transform-function-name-7.29.7.tgz 6682ms (cache miss)
7231 http fetch GET 200 https://registry.npmjs.org/@babel/plugin-transform-dotall-regex/-/plugin-transform-dotall-regex-7.29.7.tgz 6685ms (cache miss)
7232 http fetch GET 200 https://registry.npmjs.org/@babel/plugin-transform-computed-properties/-/plugin-transform-computed-properties-7.29.7.tgz 6721ms (cache miss)
7233 http fetch GET 200 https://registry.npmjs.org/@babel/plugin-transform-class-properties/-/plugin-transform-class-properties-7.29.7.tgz 6728ms (cache miss)
7234 http fetch GET 200 https://registry.npmjs.org/@babel/plugin-transform-async-to-generator/-/plugin-transform-async-to-generator-7.29.7.tgz 6730ms (cache miss)
7235 http fetch GET 200 https://registry.npmjs.org/css-declaration-sorter/-/css-declaration-sorter-6.4.1.tgz 6805ms (cache miss)
7236 http fetch GET 200 https://registry.npmjs.org/@babel/plugin-transform-block-scoped-functions/-/plugin-transform-block-scoped-functions-7.29.7.tgz 6768ms (cache miss)
7237 http fetch GET 200 https://registry.npmjs.org/@babel/plugin-transform-async-generator-functions/-/plugin-transform-async-generator-functions-7.29.7.tgz 6792ms (cache miss)
7238 http fetch GET 200 https://registry.npmjs.org/@babel/plugin-syntax-unicode-sets-regex/-/plugin-syntax-unicode-sets-regex-7.18.6.tgz 6793ms (cache miss)
7239 http fetch GET 200 https://registry.npmjs.org/@babel/plugin-transform-arrow-functions/-/plugin-transform-arrow-functions-7.29.7.tgz 6800ms (cache miss)
7240 http fetch GET 200 https://registry.npmjs.org/@babel/plugin-transform-explicit-resource-management/-/plugin-transform-explicit-resource-management-7.29.7.tgz 6810ms (cache miss)
7241 http fetch GET 200 https://registry.npmjs.org/@babel/plugin-transform-for-of/-/plugin-transform-for-of-7.29.7.tgz 6813ms (cache miss)
7242 http fetch GET 200 https://registry.npmjs.org/@babel/plugin-syntax-import-assertions/-/plugin-syntax-import-assertions-7.29.7.tgz 6805ms (cache miss)
7243 http fetch GET 200 https://registry.npmjs.org/@babel/plugin-transform-class-static-block/-/plugin-transform-class-static-block-7.29.7.tgz 6812ms (cache miss)
7244 http fetch GET 200 https://registry.npmjs.org/@babel/helper-create-regexp-features-plugin/-/helper-create-regexp-features-plugin-7.29.7.tgz 6835ms (cache miss)
7245 http fetch GET 200 https://registry.npmjs.org/@babel/plugin-syntax-import-attributes/-/plugin-syntax-import-attributes-7.29.7.tgz 6816ms (cache miss)
7246 http fetch GET 200 https://registry.npmjs.org/@babel/plugin-bugfix-safari-class-field-initializer-scope/-/plugin-bugfix-safari-class-field-initializer-scope-7.29.7.tgz 6819ms (cache miss)
7247 http fetch GET 200 https://registry.npmjs.org/@babel/plugin-bugfix-v8-spread-parameters-in-optional-chaining/-/plugin-bugfix-v8-spread-parameters-in-optional-chaining-7.29.7.tgz 6821ms (cache miss)
7248 http fetch GET 200 https://registry.npmjs.org/@babel/plugin-bugfix-v8-static-class-fields-redefine-readonly/-/plugin-bugfix-v8-static-class-fields-redefine-readonly-7.29.7.tgz 6821ms (cache miss)
7249 http fetch GET 200 https://registry.npmjs.org/@babel/plugin-transform-dynamic-import/-/plugin-transform-dynamic-import-7.29.7.tgz 6858ms (cache miss)
7250 http fetch GET 200 https://registry.npmjs.org/@babel/plugin-bugfix-safari-id-destructuring-collision-in-function-expression/-/plugin-bugfix-safari-id-destructuring-collision-in-function-expression-7.29.7.tgz 6846ms (cache miss)
7251 http fetch GET 200 https://registry.npmjs.org/@babel/plugin-bugfix-safari-rest-destructuring-rhs-array/-/plugin-bugfix-safari-rest-destructuring-rhs-array-7.29.7.tgz 6850ms (cache miss)
7252 http fetch GET 200 https://registry.npmjs.org/@babel/plugin-transform-modules-systemjs/-/plugin-transform-modules-systemjs-7.29.8.tgz 6881ms (cache miss)
7253 http fetch GET 200 https://registry.npmjs.org/babel-plugin-polyfill-regenerator/-/babel-plugin-polyfill-regenerator-0.6.8.tgz 6863ms (cache miss)
7254 http fetch GET 200 https://registry.npmjs.org/@babel/plugin-bugfix-firefox-class-in-computed-class-key/-/plugin-bugfix-firefox-class-in-computed-class-key-7.29.7.tgz 6865ms (cache miss)
7255 http fetch GET 200 https://registry.npmjs.org/@babel/plugin-syntax-object-rest-spread/-/plugin-syntax-object-rest-spread-7.8.3.tgz 6864ms (cache miss)
7256 http fetch GET 200 https://registry.npmjs.org/source-map-js/-/source-map-js-1.2.1.tgz 7029ms (cache miss)
7257 http fetch GET 200 https://registry.npmjs.org/tslib/-/tslib-2.8.1.tgz 6975ms (cache miss)
7258 http fetch GET 200 https://registry.npmjs.org/webpack-notifier/-/webpack-notifier-1.15.0.tgz 6896ms (cache miss)
7259 http fetch GET 200 https://registry.npmjs.org/regexpu-core/-/regexpu-core-6.4.0.tgz 6956ms (cache miss)
7260 http fetch GET 200 https://registry.npmjs.org/@babel/plugin-transform-destructuring/-/plugin-transform-destructuring-7.29.7.tgz 6935ms (cache miss)
7261 http fetch GET 200 https://registry.npmjs.org/@rollup/rollup-win32-x64-gnu/-/rollup-win32-x64-gnu-4.62.3.tgz 7114ms (cache miss)
7262 http fetch GET 200 https://registry.npmjs.org/strip-ansi/-/strip-ansi-6.0.1.tgz 6922ms (cache miss)
7263 http fetch GET 200 https://registry.npmjs.org/@babel/plugin-proposal-private-property-in-object/-/plugin-proposal-private-property-in-object-7.21.0-placeholder-for-preset-env.2.tgz 6940ms (cache miss)
7264 http fetch GET 200 https://registry.npmjs.org/object.assign/-/object.assign-4.1.7.tgz 7074ms (cache miss)
7265 http fetch GET 200 https://registry.npmjs.org/@babel/plugin-transform-object-rest-spread/-/plugin-transform-object-rest-spread-7.29.7.tgz 6969ms (cache miss)
7266 http fetch GET 200 https://registry.npmjs.org/webpack-merge/-/webpack-merge-5.10.0.tgz 6955ms (cache miss)
7267 http fetch GET 200 https://registry.npmjs.org/postcss-load-config/-/postcss-load-config-3.1.4.tgz 6960ms (cache miss)
7268 http fetch GET 200 https://registry.npmjs.org/postcss-loader/-/postcss-loader-6.2.1.tgz 6960ms (cache miss)
7269 http fetch GET 200 https://registry.npmjs.org/node-libs-browser/-/node-libs-browser-2.2.1.tgz 6958ms (cache miss)
7270 http fetch GET 200 https://registry.npmjs.org/imagemin/-/imagemin-7.0.1.tgz 6956ms (cache miss)
7271 http fetch GET 200 https://registry.npmjs.org/img-loader/-/img-loader-4.0.0.tgz 6959ms (cache miss)
7272 http fetch GET 200 https://registry.npmjs.org/file-loader/-/file-loader-6.2.0.tgz 6960ms (cache miss)
7273 http fetch GET 200 https://registry.npmjs.org/dotenv/-/dotenv-10.0.0.tgz 6959ms (cache miss)
7274 http fetch GET 200 https://registry.npmjs.org/cssnano/-/cssnano-5.1.15.tgz 6960ms (cache miss)
7275 http fetch GET 200 https://registry.npmjs.org/cli-table3/-/cli-table3-0.6.5.tgz 6956ms (cache miss)
7276 http fetch GET 200 https://registry.npmjs.org/@types/imagemin-svgo/-/imagemin-svgo-8.0.1.tgz 7053ms (cache miss)
7277 http fetch GET 200 https://registry.npmjs.org/@types/imagemin-optipng/-/imagemin-optipng-5.2.4.tgz 7065ms (cache miss)
7278 http fetch GET 200 https://registry.npmjs.org/@types/imagemin-mozjpeg/-/imagemin-mozjpeg-8.0.4.tgz 7066ms (cache miss)
7279 http fetch GET 200 https://registry.npmjs.org/dotenv-expand/-/dotenv-expand-5.1.0.tgz 7079ms (cache miss)
7280 http fetch GET 200 https://registry.npmjs.org/@babel/plugin-syntax-dynamic-import/-/plugin-syntax-dynamic-import-7.8.3.tgz 7064ms (cache miss)
7281 http fetch GET 200 https://registry.npmjs.org/glob/-/glob-7.2.3.tgz 7119ms (cache miss)
7282 warn deprecated glob@7.2.3: Old versions of glob are not supported, and contain widely publicized security vulnerabilities, which have been fixed in the current version. Please update. Support for old versions may be purchased (at exorbitant rates) by contacting i@izs.me
7283 http fetch GET 200 https://registry.npmjs.org/@types/imagemin-gifsicle/-/imagemin-gifsicle-7.0.4.tgz 7144ms (cache miss)
7284 http fetch GET 200 https://registry.npmjs.org/dom-serializer/-/dom-serializer-1.4.1.tgz 7274ms (cache miss)
7285 http fetch GET 200 https://registry.npmjs.org/@types/clean-css/-/clean-css-4.2.11.tgz 7204ms (cache miss)
7286 http fetch GET 200 https://registry.npmjs.org/chalk/-/chalk-4.1.2.tgz 7241ms (cache miss)
7287 http fetch GET 200 https://registry.npmjs.org/webpackbar/-/webpackbar-5.0.2.tgz 7270ms (cache miss)
7288 http fetch GET 200 https://registry.npmjs.org/@babel/plugin-transform-classes/-/plugin-transform-classes-7.29.7.tgz 7299ms (cache miss)
7289 http fetch GET 200 https://registry.npmjs.org/md5/-/md5-2.3.0.tgz 7288ms (cache miss)
7290 http fetch GET 200 https://registry.npmjs.org/commander/-/commander-7.2.0.tgz 7314ms (cache miss)
7291 http fetch GET 200 https://registry.npmjs.org/babel-plugin-polyfill-corejs2/-/babel-plugin-polyfill-corejs2-0.4.17.tgz 7375ms (cache miss)
7292 http fetch GET 200 https://registry.npmjs.org/rgbcolor/-/rgbcolor-1.0.1.tgz 7339ms (cache miss)
7293 http fetch GET 200 https://registry.npmjs.org/regenerator-runtime/-/regenerator-runtime-0.13.11.tgz 7353ms (cache miss)
7294 http fetch GET 200 https://registry.npmjs.org/raf/-/raf-3.4.1.tgz 7366ms (cache miss)
7295 http fetch GET 200 https://registry.npmjs.org/schema-utils/-/schema-utils-2.7.1.tgz 7453ms (cache miss)
7296 http fetch GET 200 https://registry.npmjs.org/readable-stream/-/readable-stream-2.3.8.tgz 7553ms (cache miss)
7297 http fetch GET 200 https://registry.npmjs.org/@types/pako/-/pako-2.0.4.tgz 7396ms (cache miss)
7298 http fetch GET 200 https://registry.npmjs.org/entities/-/entities-2.2.0.tgz 7546ms (cache miss)
7299 http fetch GET 200 https://registry.npmjs.org/@types/trusted-types/-/trusted-types-2.0.7.tgz 7415ms (cache miss)
7300 http fetch GET 200 https://registry.npmjs.org/iobuffer/-/iobuffer-5.4.0.tgz 7416ms (cache miss)
7301 http fetch GET 200 https://registry.npmjs.org/@types/raf/-/raf-3.4.3.tgz 7464ms (cache miss)
7302 http fetch GET 200 https://registry.npmjs.org/@babel/plugin-transform-block-scoping/-/plugin-transform-block-scoping-7.29.7.tgz 7520ms (cache miss)
7303 http fetch GET 200 https://registry.npmjs.org/babel-loader/-/babel-loader-8.4.1.tgz 7508ms (cache miss)
7304 http fetch GET 200 https://registry.npmjs.org/@babel/plugin-transform-parameters/-/plugin-transform-parameters-7.29.7.tgz 7581ms (cache miss)
7305 http fetch GET 200 https://registry.npmjs.org/dunder-proto/-/dunder-proto-1.0.1.tgz 7562ms (cache miss)
7306 http fetch GET 200 https://registry.npmjs.org/gopd/-/gopd-1.2.0.tgz 7563ms (cache miss)
7307 http fetch GET 200 https://registry.npmjs.org/@babel/plugin-proposal-object-rest-spread/-/plugin-proposal-object-rest-spread-7.20.7.tgz 7574ms (cache miss)
7308 http fetch GET 200 https://registry.npmjs.org/style-loader/-/style-loader-2.0.0.tgz 7609ms (cache miss)
7309 http fetch GET 200 https://registry.npmjs.org/agent-base/-/agent-base-6.0.2.tgz 7596ms (cache miss)
7310 warn deprecated @babel/plugin-proposal-object-rest-spread@7.20.7: This proposal has been merged to the ECMAScript standard and thus this plugin is no longer maintained. Please use @babel/plugin-transform-object-rest-spread instead.
7311 http fetch GET 200 https://registry.npmjs.org/function-bind/-/function-bind-1.1.2.tgz 7607ms (cache miss)
7312 http fetch GET 200 https://registry.npmjs.org/has-symbols/-/has-symbols-1.1.0.tgz 7633ms (cache miss)
7313 http fetch GET 200 https://registry.npmjs.org/get-proto/-/get-proto-1.0.1.tgz 7648ms (cache miss)
7314 http fetch GET 200 https://registry.npmjs.org/call-bind-apply-helpers/-/call-bind-apply-helpers-1.0.2.tgz 7659ms (cache miss)
7315 http fetch GET 200 https://registry.npmjs.org/es-object-atoms/-/es-object-atoms-1.1.2.tgz 7661ms (cache miss)
7316 http fetch GET 200 https://registry.npmjs.org/es-define-property/-/es-define-property-1.0.1.tgz 7669ms (cache miss)
7317 http fetch GET 200 https://registry.npmjs.org/has-tostringtag/-/has-tostringtag-1.0.2.tgz 7669ms (cache miss)
7318 http fetch GET 200 https://registry.npmjs.org/elliptic/-/elliptic-6.6.1.tgz 7870ms (cache miss)
7319 http fetch GET 200 https://registry.npmjs.org/chokidar/-/chokidar-3.6.0.tgz 7695ms (cache miss)
7320 http fetch GET 200 https://registry.npmjs.org/get-intrinsic/-/get-intrinsic-1.3.0.tgz 7689ms (cache miss)
7321 http fetch GET 200 https://registry.npmjs.org/mime-types/-/mime-types-2.1.35.tgz 7688ms (cache miss)
7322 http fetch GET 200 https://registry.npmjs.org/es-errors/-/es-errors-1.3.0.tgz 7693ms (cache miss)
7323 http fetch GET 200 https://registry.npmjs.org/es-set-tostringtag/-/es-set-tostringtag-2.1.0.tgz 7694ms (cache miss)
7324 http fetch GET 200 https://registry.npmjs.org/vue-style-loader/-/vue-style-loader-4.1.3.tgz 7744ms (cache miss)
7325 http fetch GET 200 https://registry.npmjs.org/mini-css-extract-plugin/-/mini-css-extract-plugin-1.6.2.tgz 7740ms (cache miss)
7326 http fetch GET 200 https://registry.npmjs.org/asynckit/-/asynckit-0.4.0.tgz 7705ms (cache miss)
7327 http fetch GET 200 https://registry.npmjs.org/ms/-/ms-2.1.3.tgz 7705ms (cache miss)
7328 http fetch GET 200 https://registry.npmjs.org/combined-stream/-/combined-stream-1.0.8.tgz 7729ms (cache miss)
7329 http fetch GET 200 https://registry.npmjs.org/postcss-calc/-/postcss-calc-8.2.4.tgz 7868ms (cache miss)
7330 http fetch GET 200 https://registry.npmjs.org/htmlparser2/-/htmlparser2-4.1.0.tgz 7920ms (cache miss)
7331 http fetch GET 200 https://registry.npmjs.org/@colors/colors/-/colors-1.5.0.tgz 7893ms (cache miss)
7332 http fetch GET 200 https://registry.npmjs.org/node-releases/-/node-releases-2.0.51.tgz 7776ms (cache miss)
7333 http fetch GET 200 https://registry.npmjs.org/update-browserslist-db/-/update-browserslist-db-1.2.3.tgz 7776ms (cache miss)
7334 http fetch GET 200 https://registry.npmjs.org/jiti/-/jiti-1.21.7.tgz 8074ms (cache miss)
7335 http fetch GET 200 https://registry.npmjs.org/terser-webpack-plugin/-/terser-webpack-plugin-5.6.1.tgz 7851ms (cache miss)
7336 http fetch GET 200 https://registry.npmjs.org/delayed-stream/-/delayed-stream-1.0.0.tgz 7829ms (cache miss)
7337 http fetch GET 200 https://registry.npmjs.org/proxy-from-env/-/proxy-from-env-2.1.0.tgz 7827ms (cache miss)
7338 http fetch GET 200 https://registry.npmjs.org/follow-redirects/-/follow-redirects-1.16.0.tgz 7829ms (cache miss)
7339 http fetch GET 200 https://registry.npmjs.org/public-encrypt/-/public-encrypt-4.0.3.tgz 8046ms (cache miss)
7340 http fetch GET 200 https://registry.npmjs.org/core-js-compat/-/core-js-compat-3.49.0.tgz 7940ms (cache miss)
7341 http fetch GET 200 https://registry.npmjs.org/postcss-value-parser/-/postcss-value-parser-4.2.0.tgz 7860ms (cache miss)
7342 http fetch GET 200 https://registry.npmjs.org/@types/babel__template/-/babel__template-7.4.4.tgz 7862ms (cache miss)
7343 http fetch GET 200 https://registry.npmjs.org/html-loader/-/html-loader-1.3.2.tgz 7916ms (cache miss)
7344 http fetch GET 200 https://registry.npmjs.org/concat/-/concat-1.0.3.tgz 7910ms (cache miss)
7345 http fetch GET 200 https://registry.npmjs.org/@types/babel__generator/-/babel__generator-7.27.0.tgz 7872ms (cache miss)
7346 http fetch GET 200 https://registry.npmjs.org/@jridgewell/resolve-uri/-/resolve-uri-3.1.2.tgz 7880ms (cache miss)
7347 http fetch GET 200 https://registry.npmjs.org/@babel/helper-create-class-features-plugin/-/helper-create-class-features-plugin-7.29.7.tgz 7983ms (cache miss)
7348 http fetch GET 200 https://registry.npmjs.org/lru-cache/-/lru-cache-5.1.1.tgz 7890ms (cache miss)
7349 http fetch GET 200 https://registry.npmjs.org/@babel/helper-globals/-/helper-globals-7.29.7.tgz 7901ms (cache miss)
7350 http fetch GET 200 https://registry.npmjs.org/crypto-browserify/-/crypto-browserify-3.12.1.tgz 8102ms (cache miss)
7351 http fetch GET 200 https://registry.npmjs.org/@types/babel__traverse/-/babel__traverse-7.28.0.tgz 7926ms (cache miss)
7352 http fetch GET 200 https://registry.npmjs.org/@babel/helper-validator-option/-/helper-validator-option-7.29.7.tgz 7923ms (cache miss)
7353 http fetch GET 200 https://registry.npmjs.org/picocolors/-/picocolors-1.1.1.tgz 7934ms (cache miss)
7354 http fetch GET 200 https://registry.npmjs.org/@babel/compat-data/-/compat-data-7.29.7.tgz 7936ms (cache miss)
7355 http fetch GET 200 https://registry.npmjs.org/js-tokens/-/js-tokens-4.0.0.tgz 7942ms (cache miss)
7356 http fetch GET 200 https://registry.npmjs.org/jsesc/-/jsesc-3.1.0.tgz 7949ms (cache miss)
7357 http fetch GET 200 https://registry.npmjs.org/@babel/helper-string-parser/-/helper-string-parser-7.29.7.tgz 7989ms (cache miss)
7358 http fetch GET 200 https://registry.npmjs.org/gensync/-/gensync-1.0.0-beta.2.tgz 7984ms (cache miss)
7359 http fetch GET 200 https://registry.npmjs.org/@babel/helper-plugin-utils/-/helper-plugin-utils-7.29.7.tgz 8007ms (cache miss)
7360 http fetch GET 200 https://registry.npmjs.org/@babel/helper-define-polyfill-provider/-/helper-define-polyfill-provider-0.6.8.tgz 8123ms (cache miss)
7361 http fetch GET 200 https://registry.npmjs.org/babel-plugin-polyfill-corejs3/-/babel-plugin-polyfill-corejs3-0.13.0.tgz 8081ms (cache miss)
7362 http fetch GET 200 https://registry.npmjs.org/convert-source-map/-/convert-source-map-2.0.0.tgz 8009ms (cache miss)
7363 http fetch GET 200 https://registry.npmjs.org/hasown/-/hasown-2.0.4.tgz 8097ms (cache miss)
7364 http fetch GET 200 https://registry.npmjs.org/webpack-cli/-/webpack-cli-4.10.0.tgz 8183ms (cache miss)
7365 http fetch GET 200 https://registry.npmjs.org/@types/babel__core/-/babel__core-7.20.5.tgz 8119ms (cache miss)
7366 http fetch GET 200 https://registry.npmjs.org/react-refresh/-/react-refresh-0.17.0.tgz 8129ms (cache miss)
7367 http fetch GET 200 https://registry.npmjs.org/semver/-/semver-6.3.1.tgz 8150ms (cache miss)
7368 http fetch GET 200 https://registry.npmjs.org/uri-js/-/uri-js-4.4.1.tgz 8419ms (cache miss)
7369 http fetch GET 200 https://registry.npmjs.org/form-data/-/form-data-4.0.6.tgz 8216ms (cache miss)
7370 http fetch GET 200 https://registry.npmjs.org/events/-/events-3.3.0.tgz 8405ms (cache miss)
7371 http fetch GET 200 https://registry.npmjs.org/@babel/plugin-transform-runtime/-/plugin-transform-runtime-7.29.7.tgz 8259ms (cache miss)
7372 http fetch GET 200 https://registry.npmjs.org/@babel/plugin-transform-react-jsx-source/-/plugin-transform-react-jsx-source-7.29.7.tgz 8208ms (cache miss)
7373 http fetch GET 200 https://registry.npmjs.org/@kurkle/color/-/color-0.3.4.tgz 8252ms (cache miss)
7374 http fetch GET 200 https://registry.npmjs.org/css-loader/-/css-loader-5.2.7.tgz 8305ms (cache miss)
7375 http fetch GET 200 https://registry.npmjs.org/@babel/preset-modules/-/preset-modules-0.1.6-no-external-plugins.tgz 8358ms (cache miss)
7376 http fetch GET 200 https://registry.npmjs.org/@babel/plugin-transform-react-jsx-self/-/plugin-transform-react-jsx-self-7.29.7.tgz 8256ms (cache miss)
7377 http fetch GET 200 https://registry.npmjs.org/debug/-/debug-4.4.3.tgz 8274ms (cache miss)
7378 http fetch GET 200 https://registry.npmjs.org/stackblur-canvas/-/stackblur-canvas-2.7.0.tgz 8323ms (cache miss)
7379 http fetch GET 200 https://registry.npmjs.org/baseline-browser-mapping/-/baseline-browser-mapping-2.11.8.tgz 8318ms (cache miss)
7380 http fetch GET 200 https://registry.npmjs.org/@babel/code-frame/-/code-frame-7.29.7.tgz 8288ms (cache miss)
7381 http fetch GET 200 https://registry.npmjs.org/browserslist/-/browserslist-4.28.7.tgz 8324ms (cache miss)
7382 http fetch GET 200 https://registry.npmjs.org/lodash.isequal/-/lodash.isequal-4.5.0.tgz 8304ms (cache miss)
7383 http fetch GET 200 https://registry.npmjs.org/@rolldown/pluginutils/-/pluginutils-1.0.0-beta.27.tgz 8331ms (cache miss)
7384 http fetch GET 200 https://registry.npmjs.org/electron-to-chromium/-/electron-to-chromium-1.5.399.tgz 8373ms (cache miss)
7385 warn deprecated lodash.isequal@4.5.0: This package is deprecated. Use require('node:util').isDeepStrictEqual instead.
7386 http fetch GET 200 https://registry.npmjs.org/source-map/-/source-map-0.6.1.tgz 8474ms (cache miss)
7387 http fetch GET 200 https://registry.npmjs.org/nprogress/-/nprogress-0.2.0.tgz 8359ms (cache miss)
7388 http fetch GET 200 https://registry.npmjs.org/deepmerge/-/deepmerge-4.3.1.tgz 8358ms (cache miss)
7389 http fetch GET 200 https://registry.npmjs.org/@babel/helper-validator-identifier/-/helper-validator-identifier-7.29.7.tgz 8390ms (cache miss)
7390 http fetch GET 200 https://registry.npmjs.org/https-proxy-agent/-/https-proxy-agent-5.0.1.tgz 8412ms (cache miss)
7391 http fetch GET 200 https://registry.npmjs.org/@babel/plugin-transform-regenerator/-/plugin-transform-regenerator-7.29.8.tgz 8529ms (cache miss)
7392 http fetch GET 200 https://registry.npmjs.org/@babel/helper-module-imports/-/helper-module-imports-7.29.7.tgz 8463ms (cache miss)
7393 http fetch GET 200 https://registry.npmjs.org/text-segmentation/-/text-segmentation-1.0.3.tgz 8538ms (cache miss)
7394 http fetch GET 200 https://registry.npmjs.org/colord/-/colord-2.9.3.tgz 8782ms (cache miss)
7395 http fetch GET 200 https://registry.npmjs.org/stream-http/-/stream-http-2.8.3.tgz 8770ms (cache miss)
7396 http fetch GET 200 https://registry.npmjs.org/cosmiconfig/-/cosmiconfig-7.1.0.tgz 8825ms (cache miss)
7397 http fetch GET 200 https://registry.npmjs.org/undici-types/-/undici-types-8.3.0.tgz 8763ms (cache miss)
7398 http fetch GET 200 https://registry.npmjs.org/tailwindcss-animated/-/tailwindcss-animated-1.1.2.tgz 8817ms (cache miss)
7399 http fetch GET 200 https://registry.npmjs.org/utrie/-/utrie-1.0.2.tgz 8888ms (cache miss)
7400 http fetch GET 200 https://registry.npmjs.org/postcss-selector-parser/-/postcss-selector-parser-6.1.4.tgz 9117ms (cache miss)
7401 http fetch GET 200 https://registry.npmjs.org/fflate/-/fflate-0.8.3.tgz 8963ms (cache miss)
7402 http fetch GET 200 https://registry.npmjs.org/css-line-break/-/css-line-break-2.1.0.tgz 8985ms (cache miss)
7403 http fetch GET 200 https://registry.npmjs.org/@babel/helper-compilation-targets/-/helper-compilation-targets-7.29.7.tgz 8930ms (cache miss)
7404 http fetch GET 200 https://registry.npmjs.org/fraction.js/-/fraction.js-5.3.4.tgz 8963ms (cache miss)
7405 http fetch GET 200 https://registry.npmjs.org/@babel/helper-module-transforms/-/helper-module-transforms-7.29.7.tgz 8977ms (cache miss)
7406 http fetch GET 200 https://registry.npmjs.org/svg-pathdata/-/svg-pathdata-6.0.3.tgz 9026ms (cache miss)
7407 http fetch GET 200 https://registry.npmjs.org/@babel/template/-/template-7.29.7.tgz 8994ms (cache miss)
7408 http fetch GET 200 https://registry.npmjs.org/sode-extend-react/-/sode-extend-react-1.2.11.tgz 9027ms (cache miss)
7409 http fetch GET 200 https://registry.npmjs.org/json5/-/json5-2.2.3.tgz 9063ms (cache miss)
7410 http fetch GET 200 https://registry.npmjs.org/sonner/-/sonner-2.0.7.tgz 9044ms (cache miss)
7411 http fetch GET 200 https://registry.npmjs.org/math-intrinsics/-/math-intrinsics-1.1.0.tgz 9143ms (cache miss)
7412 http fetch GET 200 https://registry.npmjs.org/buffer/-/buffer-4.9.2.tgz 9383ms (cache miss)
7413 http fetch GET 200 https://registry.npmjs.org/@jridgewell/sourcemap-codec/-/sourcemap-codec-1.5.5.tgz 9213ms (cache miss)
7414 http fetch GET 200 https://registry.npmjs.org/fs-extra/-/fs-extra-10.1.0.tgz 9273ms (cache miss)
7415 http fetch GET 200 https://registry.npmjs.org/react-chartjs-2/-/react-chartjs-2-5.3.1.tgz 9240ms (cache miss)
7416 http fetch GET 200 https://registry.npmjs.org/react-google-recaptcha/-/react-google-recaptcha-3.1.0.tgz 9249ms (cache miss)
7417 http fetch GET 200 https://registry.npmjs.org/qs/-/qs-6.15.3.tgz 9269ms (cache miss)
7418 http fetch GET 200 https://registry.npmjs.org/@babel/parser/-/parser-7.29.8.tgz 9918ms (cache miss)
7419 http fetch GET 200 https://registry.npmjs.org/@jridgewell/gen-mapping/-/gen-mapping-0.3.13.tgz 9961ms (cache miss)
7420 http fetch GET 200 https://registry.npmjs.org/@jridgewell/remapping/-/remapping-2.3.5.tgz 9957ms (cache miss)
7421 http fetch GET 200 https://registry.npmjs.org/laravel-vite-plugin/-/laravel-vite-plugin-1.3.0.tgz 9953ms (cache miss)
7422 http fetch GET 200 https://registry.npmjs.org/@babel/preset-env/-/preset-env-7.29.7.tgz 10152ms (cache miss)
7423 http fetch GET 200 https://registry.npmjs.org/slick-carousel/-/slick-carousel-1.8.1.tgz 10147ms (cache miss)
7424 http fetch GET 200 https://registry.npmjs.org/jspdf-autotable/-/jspdf-autotable-5.0.8.tgz 10141ms (cache miss)
7425 http fetch GET 200 https://registry.npmjs.org/@inertiajs/core/-/core-1.3.0.tgz 10165ms (cache miss)
7426 http fetch GET 200 https://registry.npmjs.org/yaml/-/yaml-1.10.3.tgz 10389ms (cache miss)
7427 http fetch GET 200 https://registry.npmjs.org/webpack-dev-server/-/webpack-dev-server-4.15.2.tgz 10335ms (cache miss)
7428 http fetch GET 200 https://registry.npmjs.org/react-modal/-/react-modal-3.16.3.tgz 10469ms (cache miss)
7429 http fetch GET 200 https://registry.npmjs.org/pako/-/pako-2.2.0.tgz 10563ms (cache miss)
7430 http fetch GET 200 https://registry.npmjs.org/svgo/-/svgo-2.8.3.tgz 10778ms (cache miss)
7431 http fetch GET 200 https://registry.npmjs.org/fast-glob/-/fast-glob-3.3.3.tgz 10712ms (cache miss)
7432 http fetch GET 200 https://registry.npmjs.org/@jridgewell/trace-mapping/-/trace-mapping-0.3.31.tgz 10787ms (cache miss)
7433 http fetch GET 200 https://registry.npmjs.org/@vitejs/plugin-react/-/plugin-react-4.7.0.tgz 10900ms (cache miss)
7434 http fetch GET 200 https://registry.npmjs.org/terser/-/terser-5.49.0.tgz 11092ms (cache miss)
7435 http fetch GET 200 https://registry.npmjs.org/yargs/-/yargs-17.7.3.tgz 11118ms (cache miss)
7436 http fetch GET 200 https://registry.npmjs.org/@babel/generator/-/generator-7.29.8.tgz 11102ms (cache miss)
7437 http fetch GET 200 https://registry.npmjs.org/json-schema-traverse/-/json-schema-traverse-1.0.0.tgz 11177ms (cache miss)
7438 http fetch GET 200 https://registry.npmjs.org/@gsap/react/-/react-2.1.2.tgz 11329ms (cache miss)
7439 http fetch GET 200 https://registry.npmjs.org/ajv/-/ajv-6.15.0.tgz 11695ms (cache miss)
7440 http fetch GET 200 https://registry.npmjs.org/dompurify/-/dompurify-3.4.12.tgz 11574ms (cache miss)
7441 http fetch GET 200 https://registry.npmjs.org/@inertiajs/react/-/react-1.3.0.tgz 11549ms (cache miss)
7442 http fetch GET 200 https://registry.npmjs.org/moment-timezone/-/moment-timezone-0.5.48.tgz 11603ms (cache miss)
7443 http fetch GET 200 https://registry.npmjs.org/react/-/react-18.3.1.tgz 11602ms (cache miss)
7444 http fetch GET 200 https://registry.npmjs.org/tippy.js/-/tippy.js-6.3.7.tgz 11634ms (cache miss)
7445 http fetch GET 200 https://registry.npmjs.org/rollup/-/rollup-4.62.3.tgz 11664ms (cache miss)
7446 http fetch GET 200 https://registry.npmjs.org/@types/node/-/node-26.1.2.tgz 11854ms (cache miss)
7447 http fetch GET 200 https://registry.npmjs.org/@tippyjs/react/-/react-4.2.6.tgz 11736ms (cache miss)
7448 http fetch GET 200 https://registry.npmjs.org/ms/-/ms-2.0.0.tgz 11788ms (cache miss)
7449 http fetch GET 200 https://registry.npmjs.org/debug/-/debug-2.6.9.tgz 11904ms (cache miss)
7450 http fetch GET 200 https://registry.npmjs.org/json-schema-traverse/-/json-schema-traverse-1.0.0.tgz 11911ms (cache miss)
7451 http fetch GET 200 https://registry.npmjs.org/ms/-/ms-2.0.0.tgz 11917ms (cache miss)
7452 http fetch GET 200 https://registry.npmjs.org/postcss/-/postcss-8.5.25.tgz 11990ms (cache miss)
7453 http fetch GET 200 https://registry.npmjs.org/ipaddr.js/-/ipaddr.js-1.9.1.tgz 11980ms (cache miss)
7454 http fetch GET 200 https://registry.npmjs.org/fast-png/-/fast-png-6.4.0.tgz 12085ms (cache miss)
7455 http fetch GET 200 https://registry.npmjs.org/jsencrypt/-/jsencrypt-3.5.4.tgz 12053ms (cache miss)
7456 http fetch GET 200 https://registry.npmjs.org/ms/-/ms-2.0.0.tgz 12081ms (cache miss)
7457 http fetch GET 200 https://registry.npmjs.org/ms/-/ms-2.0.0.tgz 12079ms (cache miss)
7458 http fetch GET 200 https://registry.npmjs.org/depd/-/depd-1.1.2.tgz 12081ms (cache miss)
7459 http fetch GET 200 https://registry.npmjs.org/@babel/traverse/-/traverse-7.29.8.tgz 12146ms (cache miss)
7460 http fetch GET 200 https://registry.npmjs.org/http-errors/-/http-errors-1.8.1.tgz 12100ms (cache miss)
7461 http fetch GET 200 https://registry.npmjs.org/statuses/-/statuses-1.5.0.tgz 12118ms (cache miss)
7462 http fetch GET 200 https://registry.npmjs.org/debug/-/debug-2.6.9.tgz 12198ms (cache miss)
7463 http fetch GET 200 https://registry.npmjs.org/ms/-/ms-2.0.0.tgz 12211ms (cache miss)
7464 http fetch GET 200 https://registry.npmjs.org/resolve-from/-/resolve-from-5.0.0.tgz 12213ms (cache miss)
7465 http fetch GET 200 https://registry.npmjs.org/negotiator/-/negotiator-0.6.3.tgz 12273ms (cache miss)
7466 http fetch GET 200 https://registry.npmjs.org/json-schema-traverse/-/json-schema-traverse-1.0.0.tgz 12270ms (cache miss)
7467 http fetch GET 200 https://registry.npmjs.org/@types/send/-/send-0.17.6.tgz 12314ms (cache miss)
7468 http fetch GET 200 https://registry.npmjs.org/ms/-/ms-2.0.0.tgz 12331ms (cache miss)
7469 http fetch GET 200 https://registry.npmjs.org/socket.io-client/-/socket.io-client-4.8.3.tgz 12422ms (cache miss)
7470 http fetch GET 200 https://registry.npmjs.org/estraverse/-/estraverse-5.3.0.tgz 12419ms (cache miss)
7471 http fetch GET 200 https://registry.npmjs.org/@types/express-serve-static-core/-/express-serve-static-core-4.19.9.tgz 12474ms (cache miss)
7472 http fetch GET 200 https://registry.npmjs.org/hash-base/-/hash-base-3.1.2.tgz 12548ms (cache miss)
7473 http fetch GET 200 https://registry.npmjs.org/isarray/-/isarray-2.0.5.tgz 12547ms (cache miss)
7474 http fetch GET 200 https://registry.npmjs.org/debug/-/debug-2.6.9.tgz 12585ms (cache miss)
7475 http fetch GET 200 https://registry.npmjs.org/domhandler/-/domhandler-4.3.1.tgz 12586ms (cache miss)
7476 http fetch GET 200 https://registry.npmjs.org/punycode/-/punycode-2.3.1.tgz 12593ms (cache miss)
7477 http fetch GET 200 https://registry.npmjs.org/supports-color/-/supports-color-8.1.1.tgz 12601ms (cache miss)
7478 http fetch GET 200 https://registry.npmjs.org/fdir/-/fdir-6.5.0.tgz 12622ms (cache miss)
7479 http fetch GET 200 https://registry.npmjs.org/inherits/-/inherits-2.0.3.tgz 12670ms (cache miss)
7480 http fetch GET 200 https://registry.npmjs.org/string_decoder/-/string_decoder-1.1.1.tgz 12670ms (cache miss)
7481 http fetch GET 200 https://registry.npmjs.org/util/-/util-0.10.4.tgz 12670ms (cache miss)
7482 http fetch GET 200 https://registry.npmjs.org/safe-buffer/-/safe-buffer-5.1.2.tgz 12674ms (cache miss)
7483 http fetch GET 200 https://registry.npmjs.org/inherits/-/inherits-2.0.3.tgz 12704ms (cache miss)
7484 http fetch GET 200 https://registry.npmjs.org/commander/-/commander-4.1.1.tgz 12724ms (cache miss)
7485 http fetch GET 200 https://registry.npmjs.org/bn.js/-/bn.js-4.12.5.tgz 12737ms (cache miss)
7486 http fetch GET 200 https://registry.npmjs.org/bn.js/-/bn.js-4.12.5.tgz 12741ms (cache miss)
7487 http fetch GET 200 https://registry.npmjs.org/debug/-/debug-2.6.9.tgz 12761ms (cache miss)
7488 http fetch GET 200 https://registry.npmjs.org/debug/-/debug-2.6.9.tgz 12769ms (cache miss)
7489 http fetch GET 200 https://registry.npmjs.org/bn.js/-/bn.js-4.12.5.tgz 12760ms (cache miss)
7490 http fetch GET 200 https://registry.npmjs.org/json-schema-traverse/-/json-schema-traverse-1.0.0.tgz 12758ms (cache miss)
7491 http fetch GET 200 https://registry.npmjs.org/bn.js/-/bn.js-4.12.5.tgz 12769ms (cache miss)
7492 http fetch GET 200 https://registry.npmjs.org/commander/-/commander-4.1.1.tgz 12789ms (cache miss)
7493 http fetch GET 200 https://registry.npmjs.org/bn.js/-/bn.js-4.12.5.tgz 12818ms (cache miss)
7494 http fetch GET 200 https://registry.npmjs.org/bn.js/-/bn.js-4.12.5.tgz 12818ms (cache miss)
7495 http fetch GET 200 https://registry.npmjs.org/json-schema-traverse/-/json-schema-traverse-1.0.0.tgz 12842ms (cache miss)
7496 http fetch GET 200 https://registry.npmjs.org/picomatch/-/picomatch-4.0.5.tgz 12886ms (cache miss)
7497 http fetch GET 200 https://registry.npmjs.org/debug/-/debug-2.6.9.tgz 12896ms (cache miss)
7498 http fetch GET 200 https://registry.npmjs.org/commander/-/commander-2.20.3.tgz 12941ms (cache miss)
7499 http fetch GET 200 https://registry.npmjs.org/domhandler/-/domhandler-4.3.1.tgz 12989ms (cache miss)
7500 http fetch GET 200 https://registry.npmjs.org/domhandler/-/domhandler-4.3.1.tgz 12995ms (cache miss)
7501 http fetch GET 200 https://registry.npmjs.org/schema-utils/-/schema-utils-4.3.3.tgz 13081ms (cache miss)
7502 http fetch GET 200 https://registry.npmjs.org/readable-stream/-/readable-stream-3.6.2.tgz 13096ms (cache miss)
7503 http fetch GET 200 https://registry.npmjs.org/resolve/-/resolve-1.22.12.tgz 13356ms (cache miss)
7504 http fetch GET 200 https://registry.npmjs.org/css-tree/-/css-tree-1.1.3.tgz 13576ms (cache miss)
7505 http fetch GET 200 https://registry.npmjs.org/json-schema-traverse/-/json-schema-traverse-1.0.0.tgz 13200ms (cache miss)
7506 http fetch GET 200 https://registry.npmjs.org/commander/-/commander-2.20.3.tgz 13231ms (cache miss)
7507 http fetch GET 200 https://registry.npmjs.org/engine.io-client/-/engine.io-client-6.6.6.tgz 13665ms (cache miss)
7508 http fetch GET 200 https://registry.npmjs.org/vite/-/vite-5.4.21.tgz 13374ms (cache miss)
7509 http fetch GET 200 https://registry.npmjs.org/semver/-/semver-7.8.5.tgz 13404ms (cache miss)
7510 http fetch GET 200 https://registry.npmjs.org/postcss-load-config/-/postcss-load-config-6.0.1.tgz 13437ms (cache miss)
7511 http fetch GET 200 https://registry.npmjs.org/schema-utils/-/schema-utils-4.3.3.tgz 13494ms (cache miss)
7512 http fetch GET 200 https://registry.npmjs.org/json5/-/json5-1.0.2.tgz 13532ms (cache miss)
7513 http fetch GET 200 https://registry.npmjs.org/mime-db/-/mime-db-1.54.0.tgz 13548ms (cache miss)
7514 http fetch GET 200 https://registry.npmjs.org/loader-utils/-/loader-utils-1.4.2.tgz 13599ms (cache miss)
7515 http fetch GET 200 https://registry.npmjs.org/lilconfig/-/lilconfig-3.1.3.tgz 13590ms (cache miss)
7516 http fetch GET 200 https://registry.npmjs.org/commander/-/commander-2.20.3.tgz 13600ms (cache miss)
7517 http fetch GET 200 https://registry.npmjs.org/schema-utils/-/schema-utils-4.3.3.tgz 13658ms (cache miss)
7518 http fetch GET 200 https://registry.npmjs.org/loader-utils/-/loader-utils-1.4.2.tgz 13648ms (cache miss)
7519 http fetch GET 200 https://registry.npmjs.org/elliptic 13242ms (cache revalidated)
7520 silly packumentCache corgi:https://registry.npmjs.org/elliptic set size:67039 disposed:false
7521 http fetch GET 200 https://registry.npmjs.org/json5/-/json5-1.0.2.tgz 13667ms (cache miss)
7522 http fetch GET 200 https://registry.npmjs.org/glob-parent/-/glob-parent-6.0.2.tgz 13722ms (cache miss)
7523 http fetch GET 200 https://registry.npmjs.org/brace-expansion 13355ms (cache miss)
7524 silly packumentCache corgi:https://registry.npmjs.org/brace-expansion set size:undefined disposed:false
7525 http fetch GET 200 https://registry.npmjs.org/schema-utils/-/schema-utils-3.3.0.tgz 13799ms (cache miss)
7526 http fetch GET 200 https://registry.npmjs.org/sweetalert2/-/sweetalert2-11.26.25.tgz 13901ms (cache miss)
7527 http fetch GET 200 https://registry.npmjs.org/schema-utils/-/schema-utils-3.3.0.tgz 13833ms (cache miss)
7528 http fetch GET 200 https://registry.npmjs.org/uuid 13428ms (cache updated)
7529 silly packumentCache corgi:https://registry.npmjs.org/uuid set size:undefined disposed:false
7530 http fetch GET 200 https://registry.npmjs.org/schema-utils/-/schema-utils-3.3.0.tgz 13878ms (cache miss)
7531 http fetch GET 200 https://registry.npmjs.org/schema-utils/-/schema-utils-4.3.3.tgz 13920ms (cache miss)
7532 http fetch GET 200 https://registry.npmjs.org/schema-utils/-/schema-utils-3.3.0.tgz 13933ms (cache miss)
7533 http fetch GET 200 https://registry.npmjs.org/schema-utils/-/schema-utils-3.3.0.tgz 13978ms (cache miss)
7534 http fetch GET 200 https://registry.npmjs.org/webpack-dev-server 13588ms (cache updated)
7535 silly packumentCache corgi:https://registry.npmjs.org/webpack-dev-server set size:undefined disposed:false
7536 http fetch GET 200 https://registry.npmjs.org/schema-utils/-/schema-utils-4.3.3.tgz 14048ms (cache miss)
7537 http fetch GET 200 https://registry.npmjs.org/babel-plugin-polyfill-corejs3/-/babel-plugin-polyfill-corejs3-0.14.2.tgz 14041ms (cache miss)
7538 http fetch GET 200 https://registry.npmjs.org/pako/-/pako-1.0.11.tgz 14124ms (cache miss)
7539 http fetch GET 200 https://registry.npmjs.org/autoprefixer/-/autoprefixer-10.5.4.tgz 14323ms (cache miss)
7540 http fetch GET 200 https://registry.npmjs.org/laravel-mix/-/laravel-mix-6.0.49.tgz 14366ms (cache miss)
7541 http fetch GET 200 https://registry.npmjs.org/postcss-selector-parser/-/postcss-selector-parser-7.1.4.tgz 14359ms (cache miss)
7542 http fetch GET 200 https://registry.npmjs.org/postcss-selector-parser/-/postcss-selector-parser-7.1.4.tgz 14395ms (cache miss)
7543 http fetch GET 200 https://registry.npmjs.org/webpack-sources/-/webpack-sources-3.5.1.tgz 14420ms (cache miss)
7544 http fetch GET 200 https://registry.npmjs.org/vite 14086ms (cache updated)
7545 silly packumentCache corgi:https://registry.npmjs.org/vite set size:undefined disposed:false
7546 http fetch GET 200 https://registry.npmjs.org/semver/-/semver-7.8.5.tgz 14743ms (cache miss)
7547 http fetch GET 200 https://registry.npmjs.org/axios/-/axios-1.19.0.tgz 14877ms (cache miss)
7548 http fetch GET 200 https://registry.npmjs.org/esbuild 14420ms (cache updated)
7549 silly packumentCache corgi:https://registry.npmjs.org/esbuild set size:undefined disposed:false
7550 http fetch GET 200 https://registry.npmjs.org/swiper 14439ms (cache updated)
7551 silly packumentCache corgi:https://registry.npmjs.org/swiper set size:undefined disposed:false
7552 silly packumentCache corgi:https://registry.npmjs.org/@vitejs%2fplugin-react cache-miss
7553 silly packumentCache corgi:https://registry.npmjs.org/laravel-vite-plugin cache-miss
7554 http fetch GET 200 https://registry.npmjs.org/semver/-/semver-7.8.5.tgz 14956ms (cache miss)
7555 http fetch GET 200 https://registry.npmjs.org/semver/-/semver-7.8.5.tgz 15054ms (cache miss)
7556 http fetch GET 200 https://registry.npmjs.org/laravel-vite-plugin 162ms (cache updated)
7557 silly packumentCache corgi:https://registry.npmjs.org/laravel-vite-plugin set size:undefined disposed:false
7558 http fetch GET 200 https://registry.npmjs.org/@vitejs%2fplugin-react 223ms (cache updated)
7559 silly packumentCache corgi:https://registry.npmjs.org/@vitejs%2fplugin-react set size:undefined disposed:false
7560 http fetch GET 200 https://registry.npmjs.org/@babel/core/-/core-7.29.7.tgz 15299ms (cache miss)
7561 silly packumentCache corgi:https://registry.npmjs.org/laravel-mix cache-miss
7562 http fetch GET 200 https://registry.npmjs.org/clean-css/-/clean-css-5.3.3.tgz 15495ms (cache miss)
7563 http fetch GET 200 https://registry.npmjs.org/jquery/-/jquery-3.7.1.tgz 15568ms (cache miss)
7564 http fetch GET 200 https://registry.npmjs.org/laravel-mix 758ms (cache revalidated)
7565 silly packumentCache corgi:https://registry.npmjs.org/laravel-mix set size:545216 disposed:false
7566 http fetch GET 200 https://registry.npmjs.org/sucrase/-/sucrase-3.35.1.tgz 16494ms (cache miss)
7567 silly packumentCache corgi:https://registry.npmjs.org/minimatch cache-miss
7568 http fetch GET 200 https://registry.npmjs.org/terser/-/terser-4.8.1.tgz 16363ms (cache miss)
7569 http fetch GET 200 https://registry.npmjs.org/canvg/-/canvg-3.0.11.tgz 16676ms (cache miss)
7570 http fetch GET 200 https://registry.npmjs.org/minimatch 458ms (cache miss)
7571 silly packumentCache corgi:https://registry.npmjs.org/minimatch set size:undefined disposed:false
7572 http fetch GET 200 https://registry.npmjs.org/react-dom/-/react-dom-18.3.1.tgz 16758ms (cache miss)
7573 silly packumentCache corgi:https://registry.npmjs.org/browserify-sign cache-miss
7574 silly packumentCache corgi:https://registry.npmjs.org/create-ecdh cache-miss
7575 http fetch GET 200 https://registry.npmjs.org/browserify-sign 190ms (cache revalidated)
7576 silly packumentCache corgi:https://registry.npmjs.org/browserify-sign set size:29180 disposed:false
7577 http fetch GET 200 https://registry.npmjs.org/create-ecdh 192ms (cache revalidated)
7578 silly packumentCache corgi:https://registry.npmjs.org/create-ecdh set size:10688 disposed:false
7579 http fetch GET 200 https://registry.npmjs.org/chart.js/-/chart.js-4.5.1.tgz 17111ms (cache miss)
7580 silly packumentCache corgi:https://registry.npmjs.org/sockjs cache-miss
7581 silly packumentCache corgi:https://registry.npmjs.org/node-notifier cache-miss
7582 http fetch GET 200 https://registry.npmjs.org/sockjs 118ms (cache revalidated)
7583 silly packumentCache corgi:https://registry.npmjs.org/sockjs set size:25891 disposed:false
7584 http fetch GET 200 https://registry.npmjs.org/clean-css/-/clean-css-4.2.4.tgz 17275ms (cache miss)
7585 http fetch GET 200 https://registry.npmjs.org/node-notifier 207ms (cache updated)
7586 silly packumentCache corgi:https://registry.npmjs.org/node-notifier set size:undefined disposed:false
7587 silly packumentCache corgi:https://registry.npmjs.org/glob cache-miss
7588 http fetch GET 200 https://registry.npmjs.org/@babel/types/-/types-7.29.8.tgz 17520ms (cache miss)
7589 http fetch GET 200 https://registry.npmjs.org/glob 211ms (cache miss)
7590 silly packumentCache corgi:https://registry.npmjs.org/glob set size:undefined disposed:false
7591 silly packumentCache corgi:https://registry.npmjs.org/crypto-browserify cache-miss
7592 http fetch GET 200 https://registry.npmjs.org/@babel/runtime/-/runtime-7.29.7.tgz 17795ms (cache miss)
7593 http fetch GET 200 https://registry.npmjs.org/ajv-keywords/-/ajv-keywords-5.1.0.tgz 17855ms (cache miss)
7594 http fetch GET 200 https://registry.npmjs.org/ajv-keywords/-/ajv-keywords-5.1.0.tgz 17934ms (cache miss)
7595 http fetch GET 200 https://registry.npmjs.org/ajv-keywords/-/ajv-keywords-5.1.0.tgz 18036ms (cache miss)
7596 http fetch GET 200 https://registry.npmjs.org/ajv-keywords/-/ajv-keywords-5.1.0.tgz 18063ms (cache miss)
7597 http fetch GET 200 https://registry.npmjs.org/crypto-browserify 474ms (cache revalidated)
7598 silly packumentCache corgi:https://registry.npmjs.org/crypto-browserify set size:52098 disposed:false
7599 silly packumentCache corgi:https://registry.npmjs.org/webpack-notifier cache-miss
7600 http fetch GET 200 https://registry.npmjs.org/ajv-keywords/-/ajv-keywords-5.1.0.tgz 18153ms (cache miss)
7601 http fetch GET 200 https://registry.npmjs.org/webpack-notifier 245ms (cache revalidated)
7602 silly packumentCache corgi:https://registry.npmjs.org/webpack-notifier set size:29010 disposed:false
7603 http fetch GET 200 https://registry.npmjs.org/@babel/helpers/-/helpers-7.29.7.tgz 18512ms (cache miss)
7604 silly packumentCache corgi:https://registry.npmjs.org/globby cache-miss
7605 silly packumentCache corgi:https://registry.npmjs.org/rimraf cache-miss
7606 http fetch GET 200 https://registry.npmjs.org/swiper/-/swiper-11.2.10.tgz 18631ms (cache miss)
7607 http fetch GET 200 https://registry.npmjs.org/rimraf 151ms (cache miss)
7608 silly packumentCache corgi:https://registry.npmjs.org/rimraf set size:undefined disposed:false
7609 http fetch GET 200 https://registry.npmjs.org/jspdf/-/jspdf-4.2.1.tgz 18663ms (cache miss)
7610 http fetch GET 200 https://registry.npmjs.org/globby 225ms (cache miss)
7611 silly packumentCache corgi:https://registry.npmjs.org/globby set size:undefined disposed:false
7612 silly packumentCache corgi:https://registry.npmjs.org/node-libs-browser cache-miss
7613 http fetch GET 200 https://registry.npmjs.org/node-libs-browser 82ms (cache revalidated)
7614 silly packumentCache corgi:https://registry.npmjs.org/node-libs-browser set size:26936 disposed:false
7615 http fetch GET 200 https://registry.npmjs.org/tailwindcss/-/tailwindcss-3.4.19.tgz 18906ms (cache miss)
7616 silly packumentCache corgi:https://registry.npmjs.org/imagemin cache-miss
7617 http fetch GET 200 https://registry.npmjs.org/gsap/-/gsap-3.15.0.tgz 18888ms (cache miss)
7618 http fetch GET 200 https://registry.npmjs.org/regenerate-unicode-properties/-/regenerate-unicode-properties-10.2.2.tgz 19421ms (cache miss)
7619 http fetch GET 200 https://registry.npmjs.org/imagemin 262ms (cache miss)
7620 silly packumentCache corgi:https://registry.npmjs.org/imagemin set size:undefined disposed:false
7621 silly packumentCache corgi:https://registry.npmjs.org/img-loader cache-miss
7622 http fetch GET 200 https://registry.npmjs.org/bootstrap/-/bootstrap-5.3.8.tgz 19245ms (cache miss)
7623 http fetch GET 200 https://registry.npmjs.org/@popperjs/core/-/core-2.11.8.tgz 19387ms (cache miss)
7624 http fetch GET 200 https://registry.npmjs.org/img-loader 257ms (cache miss)
7625 silly packumentCache corgi:https://registry.npmjs.org/img-loader set size:undefined disposed:false
7626 http fetch GET 200 https://registry.npmjs.org/yaml/-/yaml-2.9.0.tgz 19491ms (cache miss)
7627 http fetch GET 200 https://registry.npmjs.org/collect.js/-/collect.js-4.36.1.tgz 19970ms (cache miss)
7628 http fetch GET 200 https://registry.npmjs.org/html2canvas/-/html2canvas-1.4.1.tgz 21289ms (cache miss)
7629 http fetch GET 200 https://registry.npmjs.org/ajv/-/ajv-8.20.0.tgz 21397ms (cache miss)
7630 http fetch GET 200 https://registry.npmjs.org/ajv/-/ajv-8.20.0.tgz 21603ms (cache miss)
7631 http fetch GET 200 https://registry.npmjs.org/ajv/-/ajv-8.20.0.tgz 21615ms (cache miss)
7632 http fetch GET 200 https://registry.npmjs.org/moment/-/moment-2.30.1.tgz 21646ms (cache miss)
7633 http fetch GET 200 https://registry.npmjs.org/ajv/-/ajv-8.20.0.tgz 21626ms (cache miss)
7634 http fetch GET 200 https://registry.npmjs.org/ajv/-/ajv-8.20.0.tgz 21633ms (cache miss)
7635 http fetch GET 200 https://registry.npmjs.org/ajv/-/ajv-8.20.0.tgz 21631ms (cache miss)
7636 http fetch GET 200 https://registry.npmjs.org/lodash/-/lodash-4.18.1.tgz 22023ms (cache miss)
7637 http fetch GET 200 https://registry.npmjs.org/caniuse-lite/-/caniuse-lite-1.0.30001806.tgz 22590ms (cache miss)
7638 http fetch GET 200 https://registry.npmjs.org/webpack/-/webpack-5.109.2.tgz 22749ms (cache miss)
7639 http fetch GET 200 https://registry.npmjs.org/core-js/-/core-js-3.49.0.tgz 29526ms (cache miss)
7640 http fetch GET 200 https://registry.npmjs.org/lucide-react/-/lucide-react-0.577.0.tgz 32670ms (cache miss)
7641 info run core-js@3.49.0 postinstall node_modules/core-js node -e "try{require('./postinstall')}catch(e){}"
7642 info run esbuild@0.21.5 postinstall node_modules/esbuild node install.js
7643 info run core-js@3.49.0 postinstall { code: 0, signal: null }
7644 info run esbuild@0.21.5 postinstall { code: 0, signal: null }
7645 silly ADD node_modules/require-from-string
7646 silly ADD node_modules/fast-uri
7647 silly ADD node_modules/ajv-formats
7648 silly ADD node_modules/ajv-formats/node_modules/json-schema-traverse
7649 silly ADD node_modules/ajv-formats/node_modules/ajv
7650 silly ADD node_modules/minimist
7651 silly ADD node_modules/@types/mime
7652 silly ADD node_modules/wrap-ansi
7653 silly ADD node_modules/yargs-parser
7654 silly ADD node_modules/y18n
7655 silly ADD node_modules/require-directory
7656 silly ADD node_modules/get-caller-file
7657 silly ADD node_modules/cliui
7658 silly ADD node_modules/is-callable
7659 silly ADD node_modules/possible-typed-array-names
7660 silly ADD node_modules/for-each
7661 silly ADD node_modules/available-typed-arrays
7662 silly ADD node_modules/isexe
7663 silly ADD node_modules/websocket-extensions
7664 silly ADD node_modules/http-parser-js
7665 silly ADD node_modules/std-env
7666 silly ADD node_modules/pretty-time
7667 silly ADD node_modules/consola
7668 silly ADD node_modules/source-list-map
7669 silly ADD node_modules/shellwords
7670 silly ADD node_modules/growly
7671 silly ADD node_modules/node-notifier
7672 silly ADD node_modules/node-notifier/node_modules/semver
7673 silly ADD node_modules/isobject
7674 silly ADD node_modules/shallow-clone
7675 silly ADD node_modules/kind-of
7676 silly ADD node_modules/is-plain-object
7677 silly ADD node_modules/wildcard
7678 silly ADD node_modules/flat
7679 silly ADD node_modules/clone-deep
7680 silly ADD node_modules/fs-monkey
7681 silly ADD node_modules/memfs
7682 silly ADD node_modules/media-typer
7683 silly ADD node_modules/wbuf
7684 silly ADD node_modules/obuf
7685 silly ADD node_modules/hpack.js
7686 silly ADD node_modules/detect-node
7687 silly ADD node_modules/spdy-transport
7688 silly ADD node_modules/spdy-transport/node_modules/readable-stream
7689 silly ADD node_modules/select-hose
7690 silly ADD node_modules/http-deceiver
7691 silly ADD node_modules/handle-thing
7692 silly ADD node_modules/websocket-driver
7693 silly ADD node_modules/uuid
7694 silly ADD node_modules/faye-websocket
7695 silly ADD node_modules/batch
7696 silly ADD node_modules/mime
7697 silly ADD node_modules/node-forge
7698 silly ADD node_modules/@types/node-forge
7699 silly ADD node_modules/forwarded
7700 silly ADD node_modules/retry
7701 silly ADD node_modules/@types/retry
7702 silly ADD node_modules/is-wsl
7703 silly ADD node_modules/is-docker
7704 silly ADD node_modules/define-lazy-prop
7705 silly ADD node_modules/mimic-fn
7706 silly ADD node_modules/ee-first
7707 silly ADD node_modules/@leichtgewicht/ip-codec
7708 silly ADD node_modules/thunky
7709 silly ADD node_modules/dns-packet
7710 silly ADD node_modules/shell-quote
7711 silly ADD node_modules/safer-buffer
7712 silly ADD node_modules/requires-port
7713 silly ADD node_modules/eventemitter3
7714 silly ADD node_modules/is-plain-obj
7715 silly ADD node_modules/http-proxy
7716 silly ADD node_modules/@types/http-proxy
7717 silly ADD node_modules/toidentifier
7718 silly ADD node_modules/unpipe
7719 silly ADD node_modules/raw-body
7720 silly ADD node_modules/iconv-lite
7721 silly ADD node_modules/destroy
7722 silly ADD node_modules/utils-merge
7723 silly ADD node_modules/type-is
7724 silly ADD node_modules/statuses
7725 silly ADD node_modules/setprototypeof
7726 silly ADD node_modules/serve-static
7727 silly ADD node_modules/send
7728 silly ADD node_modules/send/node_modules/debug
7729 silly ADD node_modules/send/node_modules/debug/node_modules/ms
7730 silly ADD node_modules/range-parser
7731 silly ADD node_modules/proxy-addr
7732 silly ADD node_modules/proxy-addr/node_modules/ipaddr.js
7733 silly ADD node_modules/path-to-regexp
7734 silly ADD node_modules/parseurl
7735 silly ADD node_modules/on-finished
7736 silly ADD node_modules/methods
7737 silly ADD node_modules/merge-descriptors
7738 silly ADD node_modules/http-errors
7739 silly ADD node_modules/fresh
7740 silly ADD node_modules/finalhandler
7741 silly ADD node_modules/finalhandler/node_modules/ms
7742 silly ADD node_modules/finalhandler/node_modules/debug
7743 silly ADD node_modules/etag
7744 silly ADD node_modules/escape-html
7745 silly ADD node_modules/encodeurl
7746 silly ADD node_modules/depd
7747 silly ADD node_modules/cookie-signature
7748 silly ADD node_modules/cookie
7749 silly ADD node_modules/content-type
7750 silly ADD node_modules/content-disposition
7751 silly ADD node_modules/body-parser
7752 silly ADD node_modules/body-parser/node_modules/ms
7753 silly ADD node_modules/body-parser/node_modules/debug
7754 silly ADD node_modules/array-flatten
7755 silly ADD node_modules/accepts
7756 silly ADD node_modules/accepts/node_modules/negotiator
7757 silly ADD node_modules/strip-final-newline
7758 silly ADD node_modules/signal-exit
7759 silly ADD node_modules/onetime
7760 silly ADD node_modules/npm-run-path
7761 silly ADD node_modules/is-stream
7762 silly ADD node_modules/human-signals
7763 silly ADD node_modules/get-stream
7764 silly ADD node_modules/execa
7765 silly ADD node_modules/vary
7766 silly ADD node_modules/on-headers
7767 silly ADD node_modules/negotiator
7768 silly ADD node_modules/compressible
7769 silly ADD node_modules/bytes
7770 silly ADD node_modules/multicast-dns
7771 silly ADD node_modules/@types/http-errors
7772 silly ADD node_modules/@types/send
7773 silly ADD node_modules/@types/range-parser
7774 silly ADD node_modules/@types/connect
7775 silly ADD node_modules/@types/qs
7776 silly ADD node_modules/@types/body-parser
7777 silly ADD node_modules/@types/express-serve-static-core
7778 silly ADD node_modules/webpack-dev-middleware
7779 silly ADD node_modules/webpack-dev-middleware/node_modules/json-schema-traverse
7780 silly ADD node_modules/webpack-dev-middleware/node_modules/ajv-keywords
7781 silly ADD node_modules/webpack-dev-middleware/node_modules/ajv
7782 silly ADD node_modules/webpack-dev-middleware/node_modules/schema-utils
7783 silly ADD node_modules/spdy
7784 silly ADD node_modules/sockjs
7785 silly ADD node_modules/serve-index
7786 silly ADD node_modules/serve-index/node_modules/statuses
7787 silly ADD node_modules/serve-index/node_modules/depd
7788 silly ADD node_modules/serve-index/node_modules/ms
7789 silly ADD node_modules/serve-index/node_modules/http-errors
7790 silly ADD node_modules/serve-index/node_modules/debug
7791 silly ADD node_modules/selfsigned
7792 silly ADD node_modules/rimraf
7793 silly ADD node_modules/p-retry
7794 silly ADD node_modules/open
7795 silly ADD node_modules/launch-editor
7796 silly ADD node_modules/ipaddr.js
7797 silly ADD node_modules/http-proxy-middleware
7798 silly ADD node_modules/html-entities
7799 silly ADD node_modules/express
7800 silly ADD node_modules/express/node_modules/ms
7801 silly ADD node_modules/express/node_modules/debug
7802 silly ADD node_modules/default-gateway
7803 silly ADD node_modules/connect-history-api-fallback
7804 silly ADD node_modules/compression
7805 silly ADD node_modules/compression/node_modules/ms
7806 silly ADD node_modules/compression/node_modules/debug
7807 silly ADD node_modules/bonjour-service
7808 silly ADD node_modules/ansi-html-community
7809 silly ADD node_modules/@types/ws
7810 silly ADD node_modules/@types/sockjs
7811 silly ADD node_modules/@types/serve-static
7812 silly ADD node_modules/@types/serve-static/node_modules/@types/send
7813 silly ADD node_modules/@types/serve-index
7814 silly ADD node_modules/@types/express
7815 silly ADD node_modules/@types/express/node_modules/@types/express-serve-static-core
7816 silly ADD node_modules/@types/connect-history-api-fallback
7817 silly ADD node_modules/@types/bonjour
7818 silly ADD node_modules/shebang-regex
7819 silly ADD node_modules/resolve-cwd
7820 silly ADD node_modules/resolve-cwd/node_modules/resolve-from
7821 silly ADD node_modules/which
7822 silly ADD node_modules/shebang-command
7823 silly ADD node_modules/path-key
7824 silly ADD node_modules/envinfo
7825 silly ADD node_modules/rechoir
7826 silly ADD node_modules/interpret
7827 silly ADD node_modules/import-local
7828 silly ADD node_modules/fastest-levenshtein
7829 silly ADD node_modules/cross-spawn
7830 silly ADD node_modules/colorette
7831 silly ADD node_modules/@webpack-cli/serve
7832 silly ADD node_modules/@webpack-cli/info
7833 silly ADD node_modules/@webpack-cli/configtest
7834 silly ADD node_modules/@discoveryjs/json-ext
7835 silly ADD node_modules/estraverse
7836 silly ADD node_modules/esrecurse
7837 silly ADD node_modules/esrecurse/node_modules/estraverse
7838 silly ADD node_modules/@xtuc/ieee754
7839 silly ADD node_modules/@webassemblyjs/utf8
7840 silly ADD node_modules/@webassemblyjs/leb128
7841 silly ADD node_modules/@webassemblyjs/ieee754
7842 silly ADD node_modules/@webassemblyjs/wast-printer
7843 silly ADD node_modules/@webassemblyjs/wasm-opt
7844 silly ADD node_modules/@webassemblyjs/wasm-gen
7845 silly ADD node_modules/@webassemblyjs/helper-wasm-section
7846 silly ADD node_modules/@webassemblyjs/helper-buffer
7847 silly ADD node_modules/@xtuc/long
7848 silly ADD node_modules/@webassemblyjs/helper-api-error
7849 silly ADD node_modules/@webassemblyjs/floating-point-hex-parser
7850 silly ADD node_modules/@webassemblyjs/helper-wasm-bytecode
7851 silly ADD node_modules/@webassemblyjs/helper-numbers
7852 silly ADD node_modules/watchpack
7853 silly ADD node_modules/tapable
7854 silly ADD node_modules/neo-async
7855 silly ADD node_modules/minimizer-webpack-plugin
7856 silly ADD node_modules/minimizer-webpack-plugin/node_modules/json-schema-traverse
7857 silly ADD node_modules/minimizer-webpack-plugin/node_modules/ajv-keywords
7858 silly ADD node_modules/minimizer-webpack-plugin/node_modules/ajv
7859 silly ADD node_modules/minimizer-webpack-plugin/node_modules/schema-utils
7860 silly ADD node_modules/eslint-scope
7861 silly ADD node_modules/es-module-lexer
7862 silly ADD node_modules/enhanced-resolve
7863 silly ADD node_modules/chrome-trace-event
7864 silly ADD node_modules/@webassemblyjs/wasm-parser
7865 silly ADD node_modules/@webassemblyjs/wasm-edit
7866 silly ADD node_modules/@webassemblyjs/ast
7867 silly ADD node_modules/hash-sum
7868 silly ADD node_modules/@esbuild/win32-x64
7869 silly ADD node_modules/esbuild
7870 silly ADD node_modules/base64-arraybuffer
7871 silly ADD node_modules/escalade
7872 silly ADD node_modules/unicode-property-aliases-ecmascript
7873 silly ADD node_modules/unicode-canonical-property-names-ecmascript
7874 silly ADD node_modules/which-typed-array
7875 silly ADD node_modules/is-typed-array
7876 silly ADD node_modules/is-number
7877 silly ADD node_modules/typed-array-buffer
7878 silly ADD node_modules/setimmediate
7879 silly ADD node_modules/thenify
7880 silly ADD node_modules/merge-stream
7881 silly ADD node_modules/jest-worker
7882 silly ADD node_modules/jest-worker/node_modules/supports-color
7883 silly ADD node_modules/buffer-from
7884 silly ADD node_modules/source-map-support
7885 silly ADD node_modules/acorn
7886 silly ADD node_modules/@jridgewell/source-map
7887 silly ADD node_modules/thenify-all
7888 silly ADD node_modules/any-promise
7889 silly ADD node_modules/ts-interface-checker
7890 silly ADD node_modules/tinyglobby
7891 silly ADD node_modules/tinyglobby/node_modules/picomatch
7892 silly ADD node_modules/tinyglobby/node_modules/fdir
7893 silly ADD node_modules/pirates
7894 silly ADD node_modules/mz
7895 silly ADD node_modules/pify
7896 silly ADD node_modules/camelcase-css
7897 silly ADD node_modules/read-cache
7898 silly ADD node_modules/sucrase
7899 silly ADD node_modules/sucrase/node_modules/commander
7900 silly ADD node_modules/postcss-nested
7901 silly ADD node_modules/postcss-js
7902 silly ADD node_modules/postcss-import
7903 silly ADD node_modules/object-hash
7904 silly ADD node_modules/jiti
7905 silly ADD node_modules/dlv
7906 silly ADD node_modules/didyoumean
7907 silly ADD node_modules/arg
7908 silly ADD node_modules/@alloc/quick-lru
7909 silly ADD node_modules/mdn-data
7910 silly ADD node_modules/nth-check
7911 silly ADD node_modules/css-what
7912 silly ADD node_modules/boolbase
7913 silly ADD node_modules/stable
7914 silly ADD node_modules/sax
7915 silly ADD node_modules/csso
7916 silly ADD node_modules/css-tree
7917 silly ADD node_modules/css-select
7918 silly ADD node_modules/css-select/node_modules/domhandler
7919 silly ADD node_modules/has-flag
7920 silly ADD node_modules/ansi-regex
7921 silly ADD node_modules/is-fullwidth-code-point
7922 silly ADD node_modules/emoji-regex
7923 silly ADD node_modules/xtend
7924 silly ADD node_modules/to-arraybuffer
7925 silly ADD node_modules/builtin-status-codes
7926 silly ADD node_modules/string-similarity
7927 silly ADD node_modules/crypto-js
7928 silly ADD node_modules/xmlhttprequest-ssl
7929 silly ADD node_modules/ws
7930 silly ADD node_modules/engine.io-parser
7931 silly ADD node_modules/socket.io-parser
7932 silly ADD node_modules/engine.io-client
7933 silly ADD node_modules/@socket.io/component-emitter
7934 silly ADD node_modules/side-channel-weakmap
7935 silly ADD node_modules/side-channel-map
7936 silly ADD node_modules/side-channel-list
7937 silly ADD node_modules/object-inspect
7938 silly ADD node_modules/uri-js
7939 silly ADD node_modules/uri-js/node_modules/punycode
7940 silly ADD node_modules/json-schema-traverse
7941 silly ADD node_modules/fast-json-stable-stringify
7942 silly ADD node_modules/fast-deep-equal
7943 silly ADD node_modules/ajv-keywords
7944 silly ADD node_modules/ajv
7945 silly ADD node_modules/@types/json-schema
7946 silly ADD node_modules/queue-microtask
7947 silly ADD node_modules/@types/estree
7948 silly ADD node_modules/@rollup/rollup-win32-x64-msvc
7949 silly ADD node_modules/@rollup/rollup-win32-x64-gnu
7950 silly ADD node_modules/supports-preserve-symlinks-flag
7951 silly ADD node_modules/path-parse
7952 silly ADD node_modules/is-core-module
7953 silly ADD node_modules/unicode-match-property-value-ecmascript
7954 silly ADD node_modules/unicode-match-property-ecmascript
7955 silly ADD node_modules/regjsparser
7956 silly ADD node_modules/regjsgen
7957 silly ADD node_modules/regenerate-unicode-properties
7958 silly ADD node_modules/regenerate
7959 silly ADD node_modules/process-nextick-args
7960 silly ADD node_modules/core-util-is
7961 silly ADD node_modules/warning
7962 silly ADD node_modules/react-lifecycles-compat
7963 silly ADD node_modules/exenv
7964 silly ADD node_modules/hoist-non-react-statics
7965 silly ADD node_modules/react-is
7966 silly ADD node_modules/object-assign
7967 silly ADD node_modules/react-async-script
7968 silly ADD node_modules/prop-types
7969 silly ADD node_modules/scheduler
7970 silly ADD node_modules/loose-envify
7971 silly ADD node_modules/performance-now
7972 silly ADD node_modules/side-channel
7973 silly ADD node_modules/svgo
7974 silly ADD node_modules/util-deprecate
7975 silly ADD node_modules/cssesc
7976 silly ADD node_modules/normalize-url
7977 silly ADD node_modules/stylehacks
7978 silly ADD node_modules/is-arrayish
7979 silly ADD node_modules/lines-and-columns
7980 silly ADD node_modules/json-parse-even-better-errors
7981 silly ADD node_modules/error-ex
7982 silly ADD node_modules/callsites
7983 silly ADD node_modules/resolve-from
7984 silly ADD node_modules/parent-module
7985 silly ADD node_modules/parse-json
7986 silly ADD node_modules/import-fresh
7987 silly ADD node_modules/@types/parse-json
7988 silly ADD node_modules/klona
7989 silly ADD node_modules/cosmiconfig
7990 silly ADD node_modules/lodash.uniq
7991 silly ADD node_modules/lodash.memoize
7992 silly ADD node_modules/colord
7993 silly ADD node_modules/caniuse-api
7994 silly ADD node_modules/postcss-selector-parser
7995 silly ADD node_modules/source-map-js
7996 silly ADD node_modules/nanoid
7997 silly ADD node_modules/p-try
7998 silly ADD node_modules/p-limit
7999 silly ADD node_modules/p-locate
8000 silly ADD node_modules/path-exists
8001 silly ADD node_modules/locate-path
8002 silly ADD node_modules/find-up
8003 silly ADD node_modules/asn1.js
8004 silly ADD node_modules/asn1.js/node_modules/bn.js
8005 silly ADD node_modules/lower-case
8006 silly ADD node_modules/no-case
8007 silly ADD node_modules/dot-case
8008 silly ADD node_modules/has-property-descriptors
8009 silly ADD node_modules/define-data-property
8010 silly ADD node_modules/set-function-length
8011 silly ADD node_modules/object-keys
8012 silly ADD node_modules/define-properties
8013 silly ADD node_modules/call-bound
8014 silly ADD node_modules/call-bind
8015 silly ADD node_modules/minimalistic-crypto-utils
8016 silly ADD node_modules/hmac-drbg
8017 silly ADD node_modules/hash.js
8018 silly ADD node_modules/brorand
8019 silly ADD node_modules/miller-rabin
8020 silly ADD node_modules/miller-rabin/node_modules/bn.js
8021 silly ADD node_modules/minimalistic-assert
8022 silly ADD node_modules/sha.js
8023 silly ADD node_modules/ripemd160
8024 silly ADD node_modules/ripemd160/node_modules/hash-base
8025 silly ADD node_modules/md5.js
8026 silly ADD node_modules/to-buffer
8027 silly ADD node_modules/to-buffer/node_modules/isarray
8028 silly ADD node_modules/parse-asn1
8029 silly ADD node_modules/elliptic
8030 silly ADD node_modules/elliptic/node_modules/bn.js
8031 silly ADD node_modules/browserify-rsa
8032 silly ADD node_modules/bn.js
8033 silly ADD node_modules/des.js
8034 silly ADD node_modules/safe-buffer
8035 silly ADD node_modules/cipher-base
8036 silly ADD node_modules/buffer-xor
8037 silly ADD node_modules/evp_bytestokey
8038 silly ADD node_modules/browserify-des
8039 silly ADD node_modules/browserify-aes
8040 silly ADD node_modules/randomfill
8041 silly ADD node_modules/randombytes
8042 silly ADD node_modules/public-encrypt
8043 silly ADD node_modules/public-encrypt/node_modules/bn.js
8044 silly ADD node_modules/pbkdf2
8045 silly ADD node_modules/hash-base
8046 silly ADD node_modules/diffie-hellman
8047 silly ADD node_modules/diffie-hellman/node_modules/bn.js
8048 silly ADD node_modules/create-hmac
8049 silly ADD node_modules/create-hash
8050 silly ADD node_modules/create-ecdh
8051 silly ADD node_modules/create-ecdh/node_modules/bn.js
8052 silly ADD node_modules/browserify-sign
8053 silly ADD node_modules/browserify-cipher
8054 silly ADD node_modules/isarray
8055 silly ADD node_modules/ieee754
8056 silly ADD node_modules/base64-js
8057 silly ADD node_modules/object.assign
8058 silly ADD node_modules/vm-browserify
8059 silly ADD node_modules/util
8060 silly ADD node_modules/util/node_modules/inherits
8061 silly ADD node_modules/url
8062 silly ADD node_modules/tty-browserify
8063 silly ADD node_modules/timers-browserify
8064 silly ADD node_modules/string_decoder
8065 silly ADD node_modules/stream-http
8066 silly ADD node_modules/stream-browserify
8067 silly ADD node_modules/readable-stream
8068 silly ADD node_modules/readable-stream/node_modules/string_decoder
8069 silly ADD node_modules/readable-stream/node_modules/safe-buffer
8070 silly ADD node_modules/querystring-es3
8071 silly ADD node_modules/punycode
8072 silly ADD node_modules/process
8073 silly ADD node_modules/path-browserify
8074 silly ADD node_modules/os-browserify
8075 silly ADD node_modules/https-browserify
8076 silly ADD node_modules/events
8077 silly ADD node_modules/domain-browser
8078 silly ADD node_modules/crypto-browserify
8079 silly ADD node_modules/constants-browserify
8080 silly ADD node_modules/console-browserify
8081 silly ADD node_modules/buffer
8082 silly ADD node_modules/browserify-zlib
8083 silly ADD node_modules/browserify-zlib/node_modules/pako
8084 silly ADD node_modules/assert
8085 silly ADD node_modules/assert/node_modules/inherits
8086 silly ADD node_modules/assert/node_modules/util
8087 silly ADD node_modules/concat-map
8088 silly ADD node_modules/balanced-match
8089 silly ADD node_modules/brace-expansion
8090 silly ADD node_modules/webpack-sources
8091 silly ADD node_modules/mime-db
8092 silly ADD node_modules/is-buffer
8093 silly ADD node_modules/crypt
8094 silly ADD node_modules/charenc
8095 silly ADD node_modules/yallist
8096 silly ADD node_modules/emojis-list
8097 silly ADD node_modules/big.js
8098 silly ADD node_modules/vite-plugin-full-reload
8099 silly ADD node_modules/is-extglob
8100 silly ADD node_modules/binary-extensions
8101 silly ADD node_modules/wrappy
8102 silly ADD node_modules/reusify
8103 silly ADD node_modules/run-parallel
8104 silly ADD node_modules/fastq
8105 silly ADD node_modules/@nodelib/fs.scandir
8106 silly ADD node_modules/micromatch
8107 silly ADD node_modules/@nodelib/fs.walk
8108 silly ADD node_modules/@nodelib/fs.stat
8109 silly ADD node_modules/path-type
8110 silly ADD node_modules/@types/minimatch
8111 silly ADD node_modules/slash
8112 silly ADD node_modules/merge2
8113 silly ADD node_modules/ignore
8114 silly ADD node_modules/fast-glob
8115 silly ADD node_modules/dir-glob
8116 silly ADD node_modules/array-union
8117 silly ADD node_modules/@types/glob
8118 silly ADD node_modules/replace-ext
8119 silly ADD node_modules/p-pipe
8120 silly ADD node_modules/junk
8121 silly ADD node_modules/globby
8122 silly ADD node_modules/file-type
8123 silly ADD node_modules/dom-serializer
8124 silly ADD node_modules/dom-serializer/node_modules/domhandler
8125 silly ADD node_modules/entities
8126 silly ADD node_modules/domutils
8127 silly ADD node_modules/domutils/node_modules/domhandler
8128 silly ADD node_modules/domhandler
8129 silly ADD node_modules/domelementtype
8130 silly ADD node_modules/tslib
8131 silly ADD node_modules/pascal-case
8132 silly ADD node_modules/relateurl
8133 silly ADD node_modules/param-case
8134 silly ADD node_modules/he
8135 silly ADD node_modules/camel-case
8136 silly ADD node_modules/htmlparser2
8137 silly ADD node_modules/html-minifier-terser
8138 silly ADD node_modules/html-minifier-terser/node_modules/terser
8139 silly ADD node_modules/html-minifier-terser/node_modules/terser/node_modules/commander
8140 silly ADD node_modules/html-minifier-terser/node_modules/commander
8141 silly ADD node_modules/html-minifier-terser/node_modules/clean-css
8142 silly ADD node_modules/path-is-absolute
8143 silly ADD node_modules/once
8144 silly ADD node_modules/minimatch
8145 silly ADD node_modules/inherits
8146 silly ADD node_modules/inflight
8147 silly ADD node_modules/fs.realpath
8148 silly ADD node_modules/universalify
8149 silly ADD node_modules/jsonfile
8150 silly ADD node_modules/graceful-fs
8151 silly ADD node_modules/pkg-dir
8152 silly ADD node_modules/commondir
8153 silly ADD node_modules/to-regex-range
8154 silly ADD node_modules/postcss-unique-selectors
8155 silly ADD node_modules/postcss-svgo
8156 silly ADD node_modules/postcss-reduce-transforms
8157 silly ADD node_modules/postcss-reduce-initial
8158 silly ADD node_modules/postcss-ordered-values
8159 silly ADD node_modules/postcss-normalize-whitespace
8160 silly ADD node_modules/postcss-normalize-url
8161 silly ADD node_modules/postcss-normalize-unicode
8162 silly ADD node_modules/postcss-normalize-timing-functions
8163 silly ADD node_modules/postcss-normalize-string
8164 silly ADD node_modules/postcss-normalize-repeat-style
8165 silly ADD node_modules/postcss-normalize-positions
8166 silly ADD node_modules/postcss-normalize-display-values
8167 silly ADD node_modules/postcss-normalize-charset
8168 silly ADD node_modules/postcss-minify-selectors
8169 silly ADD node_modules/postcss-minify-params
8170 silly ADD node_modules/postcss-minify-gradients
8171 silly ADD node_modules/postcss-minify-font-values
8172 silly ADD node_modules/postcss-merge-rules
8173 silly ADD node_modules/postcss-merge-longhand
8174 silly ADD node_modules/postcss-discard-overridden
8175 silly ADD node_modules/postcss-discard-empty
8176 silly ADD node_modules/postcss-discard-duplicates
8177 silly ADD node_modules/postcss-discard-comments
8178 silly ADD node_modules/postcss-convert-values
8179 silly ADD node_modules/postcss-colormin
8180 silly ADD node_modules/postcss-calc
8181 silly ADD node_modules/cssnano-utils
8182 silly ADD node_modules/css-declaration-sorter
8183 silly ADD node_modules/yaml
8184 silly ADD node_modules/lilconfig
8185 silly ADD node_modules/cssnano-preset-default
8186 silly ADD node_modules/postcss-modules-values
8187 silly ADD node_modules/postcss-modules-scope
8188 silly ADD node_modules/postcss-modules-scope/node_modules/postcss-selector-parser
8189 silly ADD node_modules/postcss-modules-local-by-default
8190 silly ADD node_modules/postcss-modules-local-by-default/node_modules/postcss-selector-parser
8191 silly ADD node_modules/postcss-modules-extract-imports
8192 silly ADD node_modules/icss-utils
8193 silly ADD node_modules/color-name
8194 silly ADD node_modules/string-width
8195 silly ADD node_modules/@colors/colors
8196 silly ADD node_modules/fill-range
8197 silly ADD node_modules/picomatch
8198 silly ADD node_modules/readdirp
8199 silly ADD node_modules/normalize-path
8200 silly ADD node_modules/is-glob
8201 silly ADD node_modules/is-binary-path
8202 silly ADD node_modules/glob-parent
8203 silly ADD node_modules/braces
8204 silly ADD node_modules/anymatch
8205 silly ADD node_modules/color-convert
8206 silly ADD node_modules/supports-color
8207 silly ADD node_modules/ansi-styles
8208 silly ADD node_modules/resolve
8209 silly ADD node_modules/lodash.debounce
8210 silly ADD node_modules/@babel/helper-define-polyfill-provider
8211 silly ADD node_modules/schema-utils
8212 silly ADD node_modules/make-dir
8213 silly ADD node_modules/loader-utils
8214 silly ADD node_modules/find-cache-dir
8215 silly ADD node_modules/undici-types
8216 silly ADD node_modules/@types/svgo
8217 silly ADD node_modules/@types/imagemin
8218 silly ADD node_modules/source-map
8219 silly ADD node_modules/@types/node
8220 silly ADD node_modules/esutils
8221 silly ADD node_modules/@babel/helper-replace-supers
8222 silly ADD node_modules/@babel/helper-optimise-call-expression
8223 silly ADD node_modules/@babel/helper-member-expression-to-functions
8224 silly ADD node_modules/@babel/helper-create-class-features-plugin
8225 silly ADD node_modules/@babel/helper-wrap-function
8226 silly ADD node_modules/@babel/helper-remap-async-to-generator
8227 silly ADD node_modules/regexpu-core
8228 silly ADD node_modules/@babel/helper-annotate-as-pure
8229 silly ADD node_modules/@babel/helper-create-regexp-features-plugin
8230 silly ADD node_modules/@babel/helper-skip-transparent-expression-wrappers
8231 silly ADD node_modules/core-js-compat
8232 silly ADD node_modules/@babel/preset-modules
8233 silly ADD node_modules/@babel/plugin-transform-unicode-sets-regex
8234 silly ADD node_modules/@babel/plugin-transform-unicode-regex
8235 silly ADD node_modules/@babel/plugin-transform-unicode-property-regex
8236 silly ADD node_modules/@babel/plugin-transform-unicode-escapes
8237 silly ADD node_modules/@babel/plugin-transform-typeof-symbol
8238 silly ADD node_modules/@babel/plugin-transform-template-literals
8239 silly ADD node_modules/@babel/plugin-transform-sticky-regex
8240 silly ADD node_modules/@babel/plugin-transform-spread
8241 silly ADD node_modules/@babel/plugin-transform-shorthand-properties
8242 silly ADD node_modules/@babel/plugin-transform-reserved-words
8243 silly ADD node_modules/@babel/plugin-transform-regexp-modifiers
8244 silly ADD node_modules/@babel/plugin-transform-regenerator
8245 silly ADD node_modules/@babel/plugin-transform-property-literals
8246 silly ADD node_modules/@babel/plugin-transform-private-property-in-object
8247 silly ADD node_modules/@babel/plugin-transform-private-methods
8248 silly ADD node_modules/@babel/plugin-transform-optional-chaining
8249 silly ADD node_modules/@babel/plugin-transform-optional-catch-binding
8250 silly ADD node_modules/@babel/plugin-transform-object-super
8251 silly ADD node_modules/@babel/plugin-transform-object-rest-spread
8252 silly ADD node_modules/@babel/plugin-transform-numeric-separator
8253 silly ADD node_modules/@babel/plugin-transform-nullish-coalescing-operator
8254 silly ADD node_modules/@babel/plugin-transform-new-target
8255 silly ADD node_modules/@babel/plugin-transform-named-capturing-groups-regex
8256 silly ADD node_modules/@babel/plugin-transform-modules-umd
8257 silly ADD node_modules/@babel/plugin-transform-modules-systemjs
8258 silly ADD node_modules/@babel/plugin-transform-modules-commonjs
8259 silly ADD node_modules/@babel/plugin-transform-modules-amd
8260 silly ADD node_modules/@babel/plugin-transform-member-expression-literals
8261 silly ADD node_modules/@babel/plugin-transform-logical-assignment-operators
8262 silly ADD node_modules/@babel/plugin-transform-literals
8263 silly ADD node_modules/@babel/plugin-transform-json-strings
8264 silly ADD node_modules/@babel/plugin-transform-function-name
8265 silly ADD node_modules/@babel/plugin-transform-for-of
8266 silly ADD node_modules/@babel/plugin-transform-export-namespace-from
8267 silly ADD node_modules/@babel/plugin-transform-exponentiation-operator
8268 silly ADD node_modules/@babel/plugin-transform-explicit-resource-management
8269 silly ADD node_modules/@babel/plugin-transform-dynamic-import
8270 silly ADD node_modules/@babel/plugin-transform-duplicate-named-capturing-groups-regex
8271 silly ADD node_modules/@babel/plugin-transform-duplicate-keys
8272 silly ADD node_modules/@babel/plugin-transform-dotall-regex
8273 silly ADD node_modules/@babel/plugin-transform-destructuring
8274 silly ADD node_modules/@babel/plugin-transform-computed-properties
8275 silly ADD node_modules/@babel/plugin-transform-classes
8276 silly ADD node_modules/@babel/plugin-transform-class-static-block
8277 silly ADD node_modules/@babel/plugin-transform-class-properties
8278 silly ADD node_modules/@babel/plugin-transform-block-scoping
8279 silly ADD node_modules/@babel/plugin-transform-block-scoped-functions
8280 silly ADD node_modules/@babel/plugin-transform-async-to-generator
8281 silly ADD node_modules/@babel/plugin-transform-async-generator-functions
8282 silly ADD node_modules/@babel/plugin-transform-arrow-functions
8283 silly ADD node_modules/@babel/plugin-syntax-unicode-sets-regex
8284 silly ADD node_modules/@babel/plugin-syntax-import-attributes
8285 silly ADD node_modules/@babel/plugin-syntax-import-assertions
8286 silly ADD node_modules/@babel/plugin-proposal-private-property-in-object
8287 silly ADD node_modules/@babel/plugin-bugfix-v8-static-class-fields-redefine-readonly
8288 silly ADD node_modules/@babel/plugin-bugfix-v8-spread-parameters-in-optional-chaining
8289 silly ADD node_modules/@babel/plugin-bugfix-safari-rest-destructuring-rhs-array
8290 silly ADD node_modules/@babel/plugin-bugfix-safari-id-destructuring-collision-in-function-expression
8291 silly ADD node_modules/@babel/plugin-bugfix-safari-class-field-initializer-scope
8292 silly ADD node_modules/@babel/plugin-bugfix-firefox-class-in-computed-class-key
8293 silly ADD node_modules/babel-plugin-polyfill-regenerator
8294 silly ADD node_modules/babel-plugin-polyfill-corejs3
8295 silly ADD node_modules/babel-plugin-polyfill-corejs2
8296 silly ADD node_modules/@babel/plugin-transform-parameters
8297 silly ADD node_modules/@babel/plugin-syntax-object-rest-spread
8298 silly ADD node_modules/yargs
8299 silly ADD node_modules/webpackbar
8300 silly ADD node_modules/webpack-notifier
8301 silly ADD node_modules/webpack-merge
8302 silly ADD node_modules/webpack-dev-server
8303 silly ADD node_modules/webpack-dev-server/node_modules/json-schema-traverse
8304 silly ADD node_modules/webpack-dev-server/node_modules/ajv-keywords
8305 silly ADD node_modules/webpack-dev-server/node_modules/ajv
8306 silly ADD node_modules/webpack-dev-server/node_modules/schema-utils
8307 silly ADD node_modules/webpack-cli
8308 silly ADD node_modules/vue-style-loader
8309 silly ADD node_modules/vue-style-loader/node_modules/json5
8310 silly ADD node_modules/vue-style-loader/node_modules/loader-utils
8311 silly ADD node_modules/terser-webpack-plugin
8312 silly ADD node_modules/terser-webpack-plugin/node_modules/json-schema-traverse
8313 silly ADD node_modules/terser-webpack-plugin/node_modules/ajv-keywords
8314 silly ADD node_modules/terser-webpack-plugin/node_modules/ajv
8315 silly ADD node_modules/terser-webpack-plugin/node_modules/schema-utils
8316 silly ADD node_modules/terser
8317 silly ADD node_modules/terser/node_modules/commander
8318 silly ADD node_modules/style-loader
8319 silly ADD node_modules/style-loader/node_modules/schema-utils
8320 silly ADD node_modules/strip-ansi
8321 silly ADD node_modules/postcss-loader
8322 silly ADD node_modules/postcss-loader/node_modules/semver
8323 silly ADD node_modules/postcss-load-config
8324 silly ADD node_modules/node-libs-browser
8325 silly ADD node_modules/mini-css-extract-plugin
8326 silly ADD node_modules/mini-css-extract-plugin/node_modules/schema-utils
8327 silly ADD node_modules/md5
8328 silly ADD node_modules/lodash
8329 silly ADD node_modules/img-loader
8330 silly ADD node_modules/img-loader/node_modules/json5
8331 silly ADD node_modules/img-loader/node_modules/loader-utils
8332 silly ADD node_modules/imagemin
8333 silly ADD node_modules/html-loader
8334 silly ADD node_modules/html-loader/node_modules/schema-utils
8335 silly ADD node_modules/glob
8336 silly ADD node_modules/fs-extra
8337 silly ADD node_modules/file-loader
8338 silly ADD node_modules/file-loader/node_modules/schema-utils
8339 silly ADD node_modules/dotenv-expand
8340 silly ADD node_modules/dotenv
8341 silly ADD node_modules/cssnano
8342 silly ADD node_modules/css-loader
8343 silly ADD node_modules/css-loader/node_modules/semver
8344 silly ADD node_modules/css-loader/node_modules/schema-utils
8345 silly ADD node_modules/concat
8346 silly ADD node_modules/concat/node_modules/commander
8347 silly ADD node_modules/commander
8348 silly ADD node_modules/collect.js
8349 silly ADD node_modules/cli-table3
8350 silly ADD node_modules/clean-css
8351 silly ADD node_modules/chokidar
8352 silly ADD node_modules/chalk
8353 silly ADD node_modules/webpack
8354 silly ADD node_modules/webpack/node_modules/json-schema-traverse
8355 silly ADD node_modules/webpack/node_modules/ajv-keywords
8356 silly ADD node_modules/webpack/node_modules/ajv
8357 silly ADD node_modules/webpack/node_modules/webpack-sources
8358 silly ADD node_modules/webpack/node_modules/schema-utils
8359 silly ADD node_modules/webpack/node_modules/mime-db
8360 silly ADD node_modules/babel-loader
8361 silly ADD node_modules/@types/imagemin-svgo
8362 silly ADD node_modules/@types/imagemin-optipng
8363 silly ADD node_modules/@types/imagemin-mozjpeg
8364 silly ADD node_modules/@types/imagemin-gifsicle
8365 silly ADD node_modules/@types/clean-css
8366 silly ADD node_modules/@babel/preset-env
8367 silly ADD node_modules/@babel/preset-env/node_modules/babel-plugin-polyfill-corejs3
8368 silly ADD node_modules/@babel/plugin-transform-runtime
8369 silly ADD node_modules/@babel/plugin-syntax-dynamic-import
8370 silly ADD node_modules/@babel/plugin-proposal-object-rest-spread
8371 silly ADD node_modules/utrie
8372 silly ADD node_modules/text-segmentation
8373 silly ADD node_modules/css-line-break
8374 silly ADD node_modules/pako
8375 silly ADD node_modules/iobuffer
8376 silly ADD node_modules/@types/pako
8377 silly ADD node_modules/@types/trusted-types
8378 silly ADD node_modules/svg-pathdata
8379 silly ADD node_modules/stackblur-canvas
8380 silly ADD node_modules/rgbcolor
8381 silly ADD node_modules/regenerator-runtime
8382 silly ADD node_modules/raf
8383 silly ADD node_modules/@types/raf
8384 silly ADD node_modules/html2canvas
8385 silly ADD node_modules/fflate
8386 silly ADD node_modules/fast-png
8387 silly ADD node_modules/dompurify
8388 silly ADD node_modules/core-js
8389 silly ADD node_modules/canvg
8390 silly ADD node_modules/@babel/runtime
8391 silly ADD node_modules/agent-base
8392 silly ADD node_modules/dunder-proto
8393 silly ADD node_modules/math-intrinsics
8394 silly ADD node_modules/has-symbols
8395 silly ADD node_modules/gopd
8396 silly ADD node_modules/get-proto
8397 silly ADD node_modules/function-bind
8398 silly ADD node_modules/es-object-atoms
8399 silly ADD node_modules/es-define-property
8400 silly ADD node_modules/call-bind-apply-helpers
8401 silly ADD node_modules/has-tostringtag
8402 silly ADD node_modules/get-intrinsic
8403 silly ADD node_modules/es-errors
8404 silly ADD node_modules/delayed-stream
8405 silly ADD node_modules/mime-types
8406 silly ADD node_modules/hasown
8407 silly ADD node_modules/es-set-tostringtag
8408 silly ADD node_modules/combined-stream
8409 silly ADD node_modules/asynckit
8410 silly ADD node_modules/ms
8411 silly ADD node_modules/@kurkle/color
8412 silly ADD node_modules/update-browserslist-db
8413 silly ADD node_modules/node-releases
8414 silly ADD node_modules/electron-to-chromium
8415 silly ADD node_modules/baseline-browser-mapping
8416 silly ADD node_modules/proxy-from-env
8417 silly ADD node_modules/https-proxy-agent
8418 silly ADD node_modules/form-data
8419 silly ADD node_modules/follow-redirects
8420 silly ADD node_modules/postcss-value-parser
8421 silly ADD node_modules/fraction.js
8422 silly ADD node_modules/caniuse-lite
8423 silly ADD node_modules/@types/babel__traverse
8424 silly ADD node_modules/@types/babel__template
8425 silly ADD node_modules/@types/babel__generator
8426 silly ADD node_modules/@jridgewell/resolve-uri
8427 silly ADD node_modules/@jridgewell/sourcemap-codec
8428 silly ADD node_modules/@babel/helper-string-parser
8429 silly ADD node_modules/@babel/helper-globals
8430 silly ADD node_modules/@babel/helper-plugin-utils
8431 silly ADD node_modules/@babel/helper-module-imports
8432 silly ADD node_modules/lru-cache
8433 silly ADD node_modules/browserslist
8434 silly ADD node_modules/@babel/helper-validator-option
8435 silly ADD node_modules/@babel/compat-data
8436 silly ADD node_modules/jsesc
8437 silly ADD node_modules/@jridgewell/trace-mapping
8438 silly ADD node_modules/@jridgewell/gen-mapping
8439 silly ADD node_modules/picocolors
8440 silly ADD node_modules/js-tokens
8441 silly ADD node_modules/@babel/helper-validator-identifier
8442 silly ADD node_modules/semver
8443 silly ADD node_modules/json5
8444 silly ADD node_modules/gensync
8445 silly ADD node_modules/debug
8446 silly ADD node_modules/convert-source-map
8447 silly ADD node_modules/@jridgewell/remapping
8448 silly ADD node_modules/@babel/types
8449 silly ADD node_modules/@babel/traverse
8450 silly ADD node_modules/@babel/template
8451 silly ADD node_modules/@babel/parser
8452 silly ADD node_modules/@babel/helpers
8453 silly ADD node_modules/@babel/helper-module-transforms
8454 silly ADD node_modules/@babel/helper-compilation-targets
8455 silly ADD node_modules/@babel/generator
8456 silly ADD node_modules/@babel/code-frame
8457 silly ADD node_modules/react-refresh
8458 silly ADD node_modules/@types/babel__core
8459 silly ADD node_modules/@rolldown/pluginutils
8460 silly ADD node_modules/@babel/plugin-transform-react-jsx-source
8461 silly ADD node_modules/@babel/plugin-transform-react-jsx-self
8462 silly ADD node_modules/@babel/core
8463 silly ADD node_modules/tippy.js
8464 silly ADD node_modules/qs
8465 silly ADD node_modules/nprogress
8466 silly ADD node_modules/deepmerge
8467 silly ADD node_modules/lodash.isequal
8468 silly ADD node_modules/@inertiajs/core
8469 silly ADD node_modules/tailwindcss-animated
8470 silly ADD node_modules/tailwindcss
8471 silly ADD node_modules/tailwindcss/node_modules/yaml
8472 silly ADD node_modules/tailwindcss/node_modules/postcss-load-config
8473 silly ADD node_modules/tailwindcss/node_modules/lilconfig
8474 silly ADD node_modules/tailwindcss/node_modules/glob-parent
8475 silly ADD node_modules/swiper
8476 silly ADD node_modules/sweetalert2
8477 silly ADD node_modules/sonner
8478 silly ADD node_modules/sode-extend-react
8479 silly ADD node_modules/socket.io-client
8480 silly ADD node_modules/slick-carousel
8481 silly ADD node_modules/rollup
8482 silly ADD node_modules/react-modal
8483 silly ADD node_modules/react-google-recaptcha
8484 silly ADD node_modules/react-chartjs-2
8485 silly ADD node_modules/moment-timezone
8486 silly ADD node_modules/moment
8487 silly ADD node_modules/lucide-react
8488 silly ADD node_modules/laravel-vite-plugin
8489 silly ADD node_modules/laravel-mix
8490 silly ADD node_modules/laravel-mix/node_modules/semver
8491 silly ADD node_modules/jspdf-autotable
8492 silly ADD node_modules/jspdf
8493 silly ADD node_modules/jsencrypt
8494 silly ADD node_modules/jquery
8495 silly ADD node_modules/chart.js
8496 silly ADD node_modules/bootstrap
8497 silly ADD node_modules/axios
8498 silly ADD node_modules/postcss
8499 silly ADD node_modules/autoprefixer
8500 silly ADD node_modules/vite
8501 silly ADD node_modules/@vitejs/plugin-react
8502 silly ADD node_modules/react-dom
8503 silly ADD node_modules/@tippyjs/react
8504 silly ADD node_modules/@popperjs/core
8505 silly ADD node_modules/@inertiajs/react
8506 silly ADD node_modules/react
8507 silly ADD node_modules/gsap
8508 silly ADD node_modules/@gsap/react
8509 warn allow-scripts 2 packages have install scripts not yet covered by allowScripts:
8509 warn allow-scripts   core-js@3.49.0 (postinstall: node -e "try{require('./postinstall')}catch(e){}")
8509 warn allow-scripts   esbuild@0.21.5 (postinstall: node install.js)
8509 warn allow-scripts
8509 warn allow-scripts Run `npm approve-scripts --allow-scripts-pending` to review, or `npm approve-scripts <pkg>` to allow.
8510 verbose cwd C:\Users\user\Documents\VS CODE\CARLOS\tuboplast
8511 verbose os Windows_NT 10.0.26200
8512 verbose node v24.18.0
8513 verbose npm  v11.16.0
8514 verbose exit 0
8515 info ok
